env,sweep,metric,mean_ordering,seeds_same_as_mean_ordering,baseline_mean_ordering,seeds_same_as_baseline_ordering,seed_331,seed_958,seed_14577,seed_43611,seed_85062
HalfCheetah-v5,baseline,energy,td3 < sac < mbpo,5,td3 < sac < mbpo,5,td3 < sac < mbpo,td3 < sac < mbpo,td3 < sac < mbpo,td3 < sac < mbpo,td3 < sac < mbpo
HalfCheetah-v5,baseline,jpf,sac < td3 < mbpo,5,sac < td3 < mbpo,5,sac < td3 < mbpo,sac < td3 < mbpo,sac < td3 < mbpo,sac < td3 < mbpo,sac < td3 < mbpo
HalfCheetah-v5,utd2,energy,td3 < sac < mbpo,5,td3 < sac < mbpo,5,td3 < sac < mbpo,td3 < sac < mbpo,td3 < sac < mbpo,td3 < sac < mbpo,td3 < sac < mbpo
HalfCheetah-v5,utd2,jpf,sac < td3 < mbpo,5,sac < td3 < mbpo,5,sac < td3 < mbpo,sac < td3 < mbpo,sac < td3 < mbpo,sac < td3 < mbpo,sac < td3 < mbpo
HalfCheetah-v5,utd4,energy,td3 < sac < mbpo,5,td3 < sac < mbpo,5,td3 < sac < mbpo,td3 < sac < mbpo,td3 < sac < mbpo,td3 < sac < mbpo,td3 < sac < mbpo
HalfCheetah-v5,utd4,jpf,sac < mbpo < td3,5,sac < td3 < mbpo,0,sac < mbpo < td3,sac < mbpo < td3,sac < mbpo < td3,sac < mbpo < td3,sac < mbpo < td3
HalfCheetah-v5,w256,energy,td3 < sac < mbpo,5,td3 < sac < mbpo,5,td3 < sac < mbpo,td3 < sac < mbpo,td3 < sac < mbpo,td3 < sac < mbpo,td3 < sac < mbpo
HalfCheetah-v5,w256,jpf,mbpo < sac < td3,5,sac < td3 < mbpo,0,mbpo < sac < td3,mbpo < sac < td3,mbpo < sac < td3,mbpo < sac < td3,mbpo < sac < td3
HalfCheetah-v5,w512,energy,td3 < sac < mbpo,5,td3 < sac < mbpo,5,td3 < sac < mbpo,td3 < sac < mbpo,td3 < sac < mbpo,td3 < sac < mbpo,td3 < sac < mbpo
HalfCheetah-v5,w512,jpf,sac < mbpo < td3,3,sac < td3 < mbpo,2,sac < mbpo < td3,sac < mbpo < td3,sac < mbpo < td3,sac < td3 < mbpo,sac < td3 < mbpo
HalfCheetah-v5,b256,energy,td3 < sac < mbpo,5,td3 < sac < mbpo,5,td3 < sac < mbpo,td3 < sac < mbpo,td3 < sac < mbpo,td3 < sac < mbpo,td3 < sac < mbpo
HalfCheetah-v5,b256,jpf,td3 < sac < mbpo,5,sac < td3 < mbpo,0,td3 < sac < mbpo,td3 < sac < mbpo,td3 < sac < mbpo,td3 < sac < mbpo,td3 < sac < mbpo
HalfCheetah-v5,b512,energy,td3 < sac < mbpo,5,td3 < sac < mbpo,5,td3 < sac < mbpo,td3 < sac < mbpo,td3 < sac < mbpo,td3 < sac < mbpo,td3 < sac < mbpo
HalfCheetah-v5,b512,jpf,td3 < sac < mbpo,5,sac < td3 < mbpo,0,td3 < sac < mbpo,td3 < sac < mbpo,td3 < sac < mbpo,td3 < sac < mbpo,td3 < sac < mbpo
HalfCheetah-v5,b1024,energy,td3 < sac < mbpo,5,td3 < sac < mbpo,5,td3 < sac < mbpo,td3 < sac < mbpo,td3 < sac < mbpo,td3 < sac < mbpo,td3 < sac < mbpo
HalfCheetah-v5,b1024,jpf,td3 < sac < mbpo,5,sac < td3 < mbpo,0,td3 < sac < mbpo,td3 < sac < mbpo,td3 < sac < mbpo,td3 < sac < mbpo,td3 < sac < mbpo
Ant-v5,baseline,energy,td3 < sac < mbpo,5,td3 < sac < mbpo,5,td3 < sac < mbpo,td3 < sac < mbpo,td3 < sac < mbpo,td3 < sac < mbpo,td3 < sac < mbpo
Ant-v5,baseline,jpf,sac < td3 < mbpo,5,sac < td3 < mbpo,5,sac < td3 < mbpo,sac < td3 < mbpo,sac < td3 < mbpo,sac < td3 < mbpo,sac < td3 < mbpo
Ant-v5,utd2,energy,td3 < sac < mbpo,5,td3 < sac < mbpo,5,td3 < sac < mbpo,td3 < sac < mbpo,td3 < sac < mbpo,td3 < sac < mbpo,td3 < sac < mbpo
Ant-v5,utd2,jpf,sac < td3 < mbpo,5,sac < td3 < mbpo,5,sac < td3 < mbpo,sac < td3 < mbpo,sac < td3 < mbpo,sac < td3 < mbpo,sac < td3 < mbpo
Ant-v5,utd4,energy,td3 < sac < mbpo,5,td3 < sac < mbpo,5,td3 < sac < mbpo,td3 < sac < mbpo,td3 < sac < mbpo,td3 < sac < mbpo,td3 < sac < mbpo
Ant-v5,utd4,jpf,sac < mbpo < td3,5,sac < td3 < mbpo,0,sac < mbpo < td3,sac < mbpo < td3,sac < mbpo < td3,sac < mbpo < td3,sac < mbpo < td3
Ant-v5,w256,energy,td3 < sac < mbpo,5,td3 < sac < mbpo,5,td3 < sac < mbpo,td3 < sac < mbpo,td3 < sac < mbpo,td3 < sac < mbpo,td3 < sac < mbpo
Ant-v5,w256,jpf,mbpo < sac < td3,5,sac < td3 < mbpo,0,mbpo < sac < td3,mbpo < sac < td3,mbpo < sac < td3,mbpo < sac < td3,mbpo < sac < td3
Ant-v5,w512,energy,td3 < sac < mbpo,5,td3 < sac < mbpo,5,td3 < sac < mbpo,td3 < sac < mbpo,td3 < sac < mbpo,td3 < sac < mbpo,td3 < sac < mbpo
Ant-v5,w512,jpf,sac < mbpo < td3,5,sac < td3 < mbpo,0,sac < mbpo < td3,sac < mbpo < td3,sac < mbpo < td3,sac < mbpo < td3,sac < mbpo < td3
Ant-v5,b256,energy,td3 < sac < mbpo,5,td3 < sac < mbpo,5,td3 < sac < mbpo,td3 < sac < mbpo,td3 < sac < mbpo,td3 < sac < mbpo,td3 < sac < mbpo
Ant-v5,b256,jpf,td3 < sac < mbpo,5,sac < td3 < mbpo,0,td3 < sac < mbpo,td3 < sac < mbpo,td3 < sac < mbpo,td3 < sac < mbpo,td3 < sac < mbpo
Ant-v5,b512,energy,td3 < sac < mbpo,5,td3 < sac < mbpo,5,td3 < sac < mbpo,td3 < sac < mbpo,td3 < sac < mbpo,td3 < sac < mbpo,td3 < sac < mbpo
Ant-v5,b512,jpf,td3 < sac < mbpo,5,sac < td3 < mbpo,0,td3 < sac < mbpo,td3 < sac < mbpo,td3 < sac < mbpo,td3 < sac < mbpo,td3 < sac < mbpo
Ant-v5,b1024,energy,td3 < sac < mbpo,5,td3 < sac < mbpo,5,td3 < sac < mbpo,td3 < sac < mbpo,td3 < sac < mbpo,td3 < sac < mbpo,td3 < sac < mbpo
Ant-v5,b1024,jpf,td3 < sac < mbpo,5,sac < td3 < mbpo,0,td3 < sac < mbpo,td3 < sac < mbpo,td3 < sac < mbpo,td3 < sac < mbpo,td3 < sac < mbpo
