env,sweep,metric,lower_algo,higher_algo,seeds_lower_below_higher,min_seed_ratio,max_seed_ratio
HalfCheetah-v5,baseline,energy,td3,sac,5,2.117696865267588,2.192287266204313
HalfCheetah-v5,baseline,energy,sac,mbpo,5,3.2702571836005636,3.5698512132457023
HalfCheetah-v5,baseline,energy,td3,mbpo,5,7.113825364725349,7.826139357042572
HalfCheetah-v5,baseline,jpf,sac,td3,5,1.627182478720985,1.6844957776523106
HalfCheetah-v5,baseline,jpf,sac,mbpo,5,2.5468545381683247,2.7434349761145493
HalfCheetah-v5,baseline,jpf,td3,mbpo,5,1.5530724365990691,1.6860032676058392
HalfCheetah-v5,utd2,energy,td3,sac,5,2.1197705489255623,2.1427971532634427
HalfCheetah-v5,utd2,energy,sac,mbpo,5,2.185976032084595,2.344329974281461
HalfCheetah-v5,utd2,energy,td3,mbpo,5,4.647648004249833,5.023423595200474
HalfCheetah-v5,utd2,jpf,sac,td3,5,1.6652854256448912,1.6833750573861188
HalfCheetah-v5,utd2,jpf,sac,mbpo,5,1.9192195151695162,2.0201436592290922
HalfCheetah-v5,utd2,jpf,td3,mbpo,5,1.1435173070232383,1.2130915386152377
HalfCheetah-v5,utd4,energy,td3,sac,5,2.1539134057954534,2.2073428700974667
HalfCheetah-v5,utd4,energy,sac,mbpo,5,1.5334005823070853,1.635911343809972
HalfCheetah-v5,utd4,energy,td3,mbpo,5,3.3844082722819575,3.550454345817096
HalfCheetah-v5,utd4,jpf,sac,td3,5,1.6168434928040836,1.6569505284204087
HalfCheetah-v5,utd4,jpf,sac,mbpo,5,1.4402095108554356,1.5209351387057353
HalfCheetah-v5,utd4,jpf,mbpo,td3,5,1.0811922371672875,1.1227549605208418
HalfCheetah-v5,w256,energy,td3,sac,5,1.957984961674419,2.1202511274212976
HalfCheetah-v5,w256,energy,sac,mbpo,5,3.780894117608495,4.083943640423184
HalfCheetah-v5,w256,energy,td3,mbpo,5,7.894226480262678,8.474498661657453
HalfCheetah-v5,w256,jpf,sac,td3,5,1.6926569268368885,1.8329342807588684
HalfCheetah-v5,w256,jpf,mbpo,sac,5,1.2967399588233428,1.3533112308946642
HalfCheetah-v5,w256,jpf,mbpo,td3,5,2.242719008661823,2.4388264955447427
HalfCheetah-v5,w512,energy,td3,sac,5,1.9262706579753448,1.9749202613703294
HalfCheetah-v5,w512,energy,sac,mbpo,5,3.6533667803824614,4.071559498733846
HalfCheetah-v5,w512,energy,td3,mbpo,5,7.184058331534937,7.964601761318829
HalfCheetah-v5,w512,jpf,sac,td3,5,1.8100537645956678,1.855768211527925
HalfCheetah-v5,w512,jpf,sac,mbpo,5,1.7627987934251317,1.8703963421868164
HalfCheetah-v5,w512,jpf,mbpo,td3,3,0.9770214895187924,1.0312446806256732
HalfCheetah-v5,b256,energy,td3,sac,5,1.785300153943629,1.8599717539825547
HalfCheetah-v5,b256,energy,sac,mbpo,5,3.2702571836005636,3.5698512132457023
HalfCheetah-v5,b256,energy,td3,mbpo,5,5.981735633363831,6.4863297069734305
HalfCheetah-v5,b256,jpf,td3,sac,5,1.2805207655112287,1.3340795658242053
HalfCheetah-v5,b256,jpf,sac,mbpo,5,2.5468545381683247,2.7434349761145493
HalfCheetah-v5,b256,jpf,td3,mbpo,5,3.3413720174629455,3.575353266676123
HalfCheetah-v5,b512,energy,td3,sac,5,1.7092090090038754,1.7923758792263964
HalfCheetah-v5,b512,energy,sac,mbpo,5,2.7669653646171795,2.9845126754531126
HalfCheetah-v5,b512,energy,td3,mbpo,5,4.8860523636327216,5.261339855759109
HalfCheetah-v5,b512,jpf,td3,sac,5,1.2258855638768713,1.2855348314980548
HalfCheetah-v5,b512,jpf,sac,mbpo,5,2.4410302085628817,2.60564552879295
HalfCheetah-v5,b512,jpf,td3,mbpo,5,3.0796613167223943,3.294526611011471
HalfCheetah-v5,b1024,energy,td3,sac,5,1.6769114200882267,1.7428042442516514
HalfCheetah-v5,b1024,energy,sac,mbpo,5,2.5540377018961493,2.740782735932427
HalfCheetah-v5,b1024,energy,td3,mbpo,5,4.421129168843095,4.748021523242646
HalfCheetah-v5,b1024,jpf,td3,sac,5,1.20269239505898,1.2499511813973423
HalfCheetah-v5,b1024,jpf,sac,mbpo,5,2.394986498409905,2.5549765018150365
HalfCheetah-v5,b1024,jpf,td3,mbpo,5,2.967294012226892,3.1744568028127276
Ant-v5,baseline,energy,td3,sac,5,2.0713391746477035,2.125638212069206
Ant-v5,baseline,energy,sac,mbpo,5,3.626744956791787,4.26183038885349
Ant-v5,baseline,energy,td3,mbpo,5,7.704408697830343,9.048826329623434
Ant-v5,baseline,jpf,sac,td3,5,1.6828077117580689,1.7269216067842112
Ant-v5,baseline,jpf,sac,mbpo,5,2.489390631399576,2.723566242518057
Ant-v5,baseline,jpf,td3,mbpo,5,1.47839847395828,1.6166283541608109
Ant-v5,utd2,energy,td3,sac,5,2.1042396596512263,2.1618855311285436
Ant-v5,utd2,energy,sac,mbpo,5,2.35910523647086,2.6782486923719784
Ant-v5,utd2,energy,td3,mbpo,5,4.964122799872868,5.735106661425066
Ant-v5,utd2,jpf,sac,td3,5,1.655120368963471,1.700462569235741
Ant-v5,utd2,jpf,sac,mbpo,5,1.91089105786907,2.084676235141755
Ant-v5,utd2,jpf,td3,mbpo,5,1.1237477921833379,1.2521205928588819
Ant-v5,utd4,energy,td3,sac,5,2.108150834165016,2.188104966244558
Ant-v5,utd4,energy,sac,mbpo,5,1.676390400859117,1.8540188347301763
Ant-v5,utd4,energy,td3,mbpo,5,3.534083821957373,4.056787819784047
Ant-v5,utd4,jpf,sac,td3,5,1.6355483004194005,1.6975784183383575
Ant-v5,utd4,jpf,sac,mbpo,5,1.4997530836727855,1.6221044390053692
Ant-v5,utd4,jpf,mbpo,td3,5,1.0082879135835883,1.131905269486836
Ant-v5,w256,energy,td3,sac,5,1.8773505093429248,2.091509312434299
Ant-v5,w256,energy,sac,mbpo,5,4.451170770558617,4.865241483575311
Ant-v5,w256,energy,td3,mbpo,5,8.701524403454039,10.175697870139429
Ant-v5,w256,jpf,sac,td3,5,1.728890551223046,1.9261137811331093
Ant-v5,w256,jpf,mbpo,sac,5,1.5394482600568165,1.616318364419155
Ant-v5,w256,jpf,mbpo,td3,5,2.784906701716376,2.9992729926054067
Ant-v5,w512,energy,td3,sac,5,1.8697892571443617,1.9353661096429653
Ant-v5,w512,energy,sac,mbpo,5,3.889834185826231,4.745294948706283
Ant-v5,w512,energy,td3,mbpo,5,7.30744399927568,8.97475693560443
Ant-v5,w512,jpf,sac,td3,5,1.855957502712781,1.9210492508517938
Ant-v5,w512,jpf,sac,mbpo,5,1.5335353136804906,1.6042528465688723
Ant-v5,w512,jpf,mbpo,td3,5,1.1568983696567827,1.2468177351955896
Ant-v5,b256,energy,td3,sac,5,1.7805708913704774,1.8496960660299588
Ant-v5,b256,energy,sac,mbpo,5,3.626744956791787,4.26183038885349
Ant-v5,b256,energy,td3,mbpo,5,6.4576765004881365,7.76776641065739
Ant-v5,b256,jpf,td3,sac,5,1.2736220385370027,1.3230664871072435
Ant-v5,b256,jpf,sac,mbpo,5,2.489390631399576,2.723566242518057
Ant-v5,b256,jpf,td3,mbpo,5,3.1705427706780447,3.5507429557583046
Ant-v5,b512,energy,td3,sac,5,1.6900576424695364,1.7501641232126666
Ant-v5,b512,energy,sac,mbpo,5,2.9195247242852207,3.5932214000813794
Ant-v5,b512,energy,td3,mbpo,5,5.075204303150309,6.288727181182418
Ant-v5,b512,jpf,td3,sac,5,1.208820327665798,1.2518117227051884
Ant-v5,b512,jpf,sac,mbpo,5,2.3946878419512934,2.8033155306122417
Ant-v5,b512,jpf,td3,mbpo,5,2.9774914193429605,3.5092232436619195
Ant-v5,b1024,energy,td3,sac,5,1.6483559858156949,1.6923736304156842
Ant-v5,b1024,energy,sac,mbpo,5,2.807612690113625,3.2293138749250403
Ant-v5,b1024,energy,td3,mbpo,5,4.7426378617139635,5.333295876829121
Ant-v5,b1024,jpf,td3,sac,5,1.178964464300768,1.2104474929864237
Ant-v5,b1024,jpf,sac,mbpo,5,2.5112917207503562,2.832402173160806
Ant-v5,b1024,jpf,td3,mbpo,5,3.0219134432425436,3.3457234761572483
