env,config,num_q,horizon,E_mean,E_sd,F_mean,jpf_mean,jpf_sd,rollout_E_mean,rollout_share_of_total_mean,rollout_share_of_total_sd,rollout_share_ratio_of_means
HalfCheetah-v5,base,5,3,447086.76870020945,3184.3663722722313,8832690636800000.0,5.0617279273599095e-11,3.605205370835781e-13,213810.79566480982,0.47825009219887366,0.0034132816345586636,0.47823109658648605
HalfCheetah-v5,numq3,3,3,358787.1941268833,2182.0851706739004,6875890534400000.0,5.2180469181682745e-11,3.173530991741292e-13,181987.74253631447,0.5072440905103537,0.0029622466056448463,0.5072303179024706
HalfCheetah-v5,numq7,7,3,526562.1626787626,1974.220203372317,1.07894907392e+16,4.880324525101777e-11,1.829762174223544e-13,242194.44383528054,0.45996045571441646,0.002267802571748562,0.4599541345758165
HalfCheetah-v5,horizon1,5,1,280686.45465470024,1782.4019685073329,4614507284480000.0,6.0826961005942e-11,3.862605168057934e-13,135177.36236587394,0.4816110473352356,0.003071179642118941,0.48159560293769355
HalfCheetah-v5,horizon5,5,5,571280.8022051597,4038.935626896922,1.305087398912e+16,4.377337507675072e-11,3.094762565529351e-13,288266.6772913962,0.5046178544718729,0.0038187510442287812,0.5045971721414038
Ant-v5,base,5,3,493191.12516274967,1781.977916784832,1.007634691072e+16,4.8945429284302895e-11,1.7684761477287281e-13,254575.98786657088,0.5161869857067607,0.002271985699752336,0.5161812021304368
Ant-v5,numq3,3,3,411356.89401537355,2042.4160129235163,8116086507520000.0,5.068414359977913e-11,2.5165035032969533e-13,223014.73281160515,0.5421551026293551,0.0028053402350992165,0.5421441479555476
Ant-v5,numq7,7,3,576921.4036690121,2823.7111727683014,1.203660731392e+16,4.793056619881739e-11,2.345936109008693e-13,280890.9334327987,0.4868858289246992,0.0018738042776344048,0.4868790300488657
Ant-v5,horizon1,5,1,303230.96040676284,2581.595005956777,5034197125120000.0,6.023422461819764e-11,5.128116642622019e-13,149441.44714932406,0.4928508370250843,0.003119202352336122,0.49283043838550966
Ant-v5,horizon5,5,5,650272.0641614908,4614.537257233658,1.511849669632e+16,4.301168808138006e-11,3.052246099545664e-13,354225.86496009835,0.544753039963802,0.0032425573879871035,0.5447348648090297
