algo,env,config,E_mean,jpf
mbpo,Ant-v5,b1024,267694.7685645658,6.313806938595727e-11
mbpo,Ant-v5,b512,247392.97954412186,1.0577692336151468e-10
mbpo,Ant-v5,base,253137.91078145156,1.7876630356574867e-10
mbpo,Ant-v5,rollout1,240749.27805862515,1.754584490403305e-10
mbpo,Ant-v5,rollout15,245862.33072721865,1.7486490797516555e-10
mbpo,Ant-v5,utd2,316796.50058674306,1.331263928072751e-10
mbpo,Ant-v5,utd4,424453.92682462593,1.0015134891922016e-10
mbpo,Ant-v5,w256,234490.63554068725,4.3136431157309e-10
mbpo,Ant-v5,w512,231637.94607118648,3.230410774010084e-10
mbpo,HalfCheetah-v5,b1024,218667.08233413874,5.825967253351082e-11
mbpo,HalfCheetah-v5,b512,209101.44134178624,1.0455394799197384e-10
mbpo,HalfCheetah-v5,base,207394.57823191825,1.8307283299784964e-10
mbpo,HalfCheetah-v5,utd2,268850.64247364056,1.330885247454216e-10
mbpo,HalfCheetah-v5,utd4,373606.2084528011,9.941890837157656e-11
mbpo,HalfCheetah-v5,w256,187913.30985621607,6.126013057219846e-10
mbpo,HalfCheetah-v5,w512,192769.28527012942,4.0390810994343363e-10
sac,Ant-v5,b1024,89057.39816973396,2.371584743892116e-11
sac,Ant-v5,b512,76498.91348732209,4.07405406892743e-11
sac,Ant-v5,base,64382.639699648484,6.856714441847613e-11
sac,Ant-v5,utd2,123182.48498709632,6.560251398412895e-11
sac,Ant-v5,utd4,241326.9515291253,6.426499407109003e-11
sac,Ant-v5,w256,49985.23980230241,6.787558443782465e-10
sac,Ant-v5,w512,52199.80190859722,2.049580588122943e-10
sac,HalfCheetah-v5,b1024,82365.96018931812,2.348145634887481e-11
sac,HalfCheetah-v5,b512,73023.97063444492,4.16337953366745e-11
sac,HalfCheetah-v5,base,60911.02520020766,6.944693283237959e-11
sac,HalfCheetah-v5,utd2,118024.40957979586,6.729028934588305e-11
sac,HalfCheetah-v5,utd4,234959.09992642846,6.698376169004895e-11
sac,HalfCheetah-v5,w256,47407.92757751184,8.14971949737825e-10
sac,HalfCheetah-v5,w512,49553.98353577007,2.2147737149546501e-10
td3,Ant-v5,b1024,53234.99170699752,1.982056956309013e-11
td3,Ant-v5,b256,35520.5399711105,5.28865877467776e-11
td3,Ant-v5,b512,44361.18465003236,3.303044460794545e-11
td3,Ant-v5,base,30519.830308692657,1.1626613644543566e-10
td3,Ant-v5,utd2,57542.603430402014,1.0965370414294054e-10
td3,Ant-v5,utd4,111899.69712054156,1.0664219656194429e-10
td3,Ant-v5,w256,25100.409993467558,1.2324801145511923e-09
td3,Ant-v5,w512,27473.215932918923,3.874688584971822e-10
td3,HalfCheetah-v5,b1024,48068.43053216066,1.9107011418890368e-11
td3,HalfCheetah-v5,b256,33453.727641416044,5.3177301370547236e-11
td3,HalfCheetah-v5,b512,41683.213929955455,3.313500183514603e-11
td3,HalfCheetah-v5,base,28111.45776081962,1.1433369734608645e-10
td3,HalfCheetah-v5,utd2,55360.99883407444,1.126300347949453e-10
td3,HalfCheetah-v5,utd4,107344.88599979723,1.0921854926006871e-10
td3,HalfCheetah-v5,w256,23036.954325132123,1.4212582456913971e-09
td3,HalfCheetah-v5,w512,25369.677129215932,4.0532815237183625e-10
tdmpc2,Ant-v5,base,493191.12516274967,4.8945429284302895e-11
tdmpc2,Ant-v5,horizon1,303230.96040676284,6.023422461819764e-11
tdmpc2,Ant-v5,horizon5,650272.0641614908,4.301168808138006e-11
tdmpc2,Ant-v5,numq3,411356.89401537355,5.068414359977913e-11
tdmpc2,Ant-v5,numq7,576921.4036690121,4.793056619881739e-11
tdmpc2,HalfCheetah-v5,base,447086.76870020945,5.0617279273599095e-11
tdmpc2,HalfCheetah-v5,horizon1,280686.45465470024,6.0826961005942e-11
tdmpc2,HalfCheetah-v5,horizon5,571280.8022051597,4.377337507675072e-11
tdmpc2,HalfCheetah-v5,numq3,358787.1941268833,5.2180469181682745e-11
tdmpc2,HalfCheetah-v5,numq7,526562.1626787626,4.880324525101777e-11
