config,env,seed,run_dir,P_head_w,P_tail_w,signed_tail_minus_head_w,rel_head_tail_diff,head_duration_s,head_integration_window_s,tail_duration_s,tail_integration_window_s,P_head_window_corrected_w,P_tail_window_corrected_w,rel_diff_window_corrected
base,HalfCheetah-v5,331,results/tdmpc2/HalfCheetah-v5/seed_331/20260910_122845,65.612096480631138,71.322542019414854,5.7104455387837163,0.0870334259242799,90.003286223000032,93.156469124994004,90.003444957000283,90.002421272988016,63.391242226171244,71.32335323921258,0.12512944587425268
base,HalfCheetah-v5,958,results/tdmpc2/HalfCheetah-v5/seed_958/20260910_131242,65.574995994129438,72.14556229853693,6.5705663044074925,0.10019926352714864,90.002824387999681,93.061368556992008,90.003512167000736,90.003038974992009,63.419815764787423,72.145941604657409,0.13759304934334093
base,HalfCheetah-v5,14577,results/tdmpc2/HalfCheetah-v5/seed_14577/20260910_135524,64.600704580508236,71.742668685764471,7.1419641052562355,0.11055551408662434,90.002838160000465,93.070844605998019,90.003212439998606,90.002275705998002,62.471193680419013,71.743415375740085,0.14842395589164736
base,HalfCheetah-v5,43611,results/tdmpc2/HalfCheetah-v5/seed_43611/20260910_143905,62.954845596158897,72.180423102556745,9.2255775063978476,0.14654277075950342,90.002785787999528,93.056188425984004,90.003389981999135,90.002389270986001,60.88914212314257,72.181225656188005,0.18545315534596066
base,HalfCheetah-v5,85062,results/tdmpc2/HalfCheetah-v5/seed_85062/20260910_152122,63.661346468170315,73.143479049888086,9.4821325817177708,0.14894646607040726,90.002846610999768,93.060937471985994,90.003569996002625,90.002422345986005,61.569360430623739,73.144411726062344,0.18800018734125645
numq3,HalfCheetah-v5,331,results/tdmpc2/HalfCheetah-v5/seed_331/20260918_122100,65.123634114157468,69.110381647282424,3.9867475331249551,0.061218136661975092,90.004818979999982,93.199104689993987,90.003310346000035,90.002304571986002,62.891600936095564,69.111153954461571,0.098893221444397994
numq3,HalfCheetah-v5,958,results/tdmpc2/HalfCheetah-v5/seed_958/20260918_125709,64.372880524168309,68.16001553618905,3.787135012020741,0.058831218693078211,90.003752528999939,93.085122429989994,90.003572188999897,90.00239815198799,62.241963667541874,68.160904650063955,0.095095665910179303
numq3,HalfCheetah-v5,14577,results/tdmpc2/HalfCheetah-v5/seed_14577/20260918_133339,63.009229932009482,69.34543486675625,6.3362049347467675,0.10055994878185133,90.003491359999316,93.089521768986003,90.003570061000573,90.004113471995993,60.920397634647756,69.345016185094551,0.13828896194950954
numq3,HalfCheetah-v5,43611,results/tdmpc2/HalfCheetah-v5/seed_43611/20260918_141054,63.94173183644255,69.80130224848169,5.8595704120391403,0.09163921970439301,90.003452289998677,93.088597355981989,90.006469169999036,90.002392041996004,61.822573055574402,69.804464262708066,0.12910965708202524
numq3,HalfCheetah-v5,85062,results/tdmpc2/HalfCheetah-v5/seed_85062/20260918_144742,63.668482812983449,70.076220659695778,6.4077378467123296,0.10064222616288961,90.005364003998693,93.09227551198201,90.003620028999649,90.002768233986004,61.557255310912772,70.076883867911533,0.13840169633892715
numq7,HalfCheetah-v5,331,results/tdmpc2/HalfCheetah-v5/seed_331/20260918_184701,65.549342055451689,71.228165684487635,5.6788236290359464,0.086634334548040565,90.003503411997372,93.055747874993997,90.003627621001215,90.002380489992007,63.399312412891717,71.22915266787264,0.12350039703882956
numq7,HalfCheetah-v5,958,results/tdmpc2/HalfCheetah-v5/seed_958/20260918_193516,62.928110783768389,70.160428389165432,7.2323176053970428,0.11492983843498031,90.005678064000676,93.081739728995998,90.003665780997835,90.002745403991995,60.848532664621679,70.161145856668441,0.15304581366612421
numq7,HalfCheetah-v5,14577,results/tdmpc2/HalfCheetah-v5/seed_14577/20260918_202440,64.079652582404933,71.649561686960936,7.5699091045560039,0.1181328050245166,90.003575012997317,93.094251529985996,90.004141801997321,90.002438357993995,61.95224434614623,71.650917772622876,0.1565508001984105
numq7,HalfCheetah-v5,43611,results/tdmpc2/HalfCheetah-v5/seed_43611/20260918_211328,63.288954918103443,70.147237347500948,6.8582824293975051,0.10836460229549047,90.003407134994632,93.083319900000006,90.003719915999682,90.003878717993999,61.194869099661162,70.147113580377294,0.14629076934761678
numq7,HalfCheetah-v5,85062,results/tdmpc2/HalfCheetah-v5/seed_85062/20260918_220245,63.380360785805323,69.192283513156227,5.811922727350904,0.091699110817503315,90.003971475998696,93.087538205994008,90.003492212999845,90.002455268993998,61.280857719973632,69.193080697226648,0.12911410302721887
hor1,HalfCheetah-v5,331,results/tdmpc2/HalfCheetah-v5/seed_331/20260919_032012,63.540720690480796,67.88498234330072,4.3442616528199238,0.068369725832693448,90.003469190996839,93.086670715992,90.004302121997171,90.002319822990003,61.436135303278569,67.886477508462747,0.10499264273936113
hor1,HalfCheetah-v5,958,results/tdmpc2/HalfCheetah-v5/seed_958/20260919_035237,65.638479159592038,68.949310533732245,3.3108313741402071,0.050440403503108598,90.003735801998118,93.052433569985993,90.006160760000057,90.002378976984005,63.487950933401578,68.95220769416855,0.086067618822647768
hor1,HalfCheetah-v5,14577,results/tdmpc2/HalfCheetah-v5/seed_14577/20260919_042432,63.94393639500921,67.550539356569615,3.6066029615604052,0.056402579585980862,90.003576228002203,93.089742546978002,90.004260116002115,90.002575119995996,61.824029116230143,67.551804013596097,0.092646418864057653
hor1,HalfCheetah-v5,43611,results/tdmpc2/HalfCheetah-v5/seed_43611/20260919_045704,63.865706760022626,68.530420416921515,4.6647136568988898,0.073039411814961916,90.004130866997002,93.087268199999997,90.004158711002674,90.003800718989993,61.750414855791547,68.53069299811186,0.10980133749958755
hor1,HalfCheetah-v5,85062,results/tdmpc2/HalfCheetah-v5/seed_85062/20260919_052836,65.425157015524022,68.364944310786953,2.9397872952629314,0.044933591746144093,90.003522383005475,93.057259498991996,90.004145747996517,90.002382217002008,63.278186092748072,68.366283871977004,0.080408401273879868
hor5,HalfCheetah-v5,331,results/tdmpc2/HalfCheetah-v5/seed_331/20260919_085137,65.229705322652521,71.246239009736911,6.0165336870843902,0.092236100980744584,90.003406022005947,93.056386951979988,90.00362715900701,90.002461970987994,63.08965827224803,71.24716137632862,0.12930016309295694
hor5,HalfCheetah-v5,958,results/tdmpc2/HalfCheetah-v5/seed_958/20260919_094502,64.117164268659366,72.177816863649824,8.0606525949904579,0.12571754672766347,90.003312914996059,93.085467832980001,90.003509241010761,90.002470655987992,61.994179470082493,72.178649760780587,0.164281072477344
hor5,HalfCheetah-v5,14577,results/tdmpc2/HalfCheetah-v5/seed_14577/20260919_103806,64.243521781810188,72.336797229597309,8.0932754477871214,0.1259780787746079,90.003388887998881,93.097610366004005,90.003668895005831,90.002444217984007,62.108303873010286,72.3377815274591,0.16470386432327166
hor5,HalfCheetah-v5,43611,results/tdmpc2/HalfCheetah-v5/seed_43611/20260919_112956,64.286244521909083,71.323838365572399,7.0375938436633163,0.10947277906807681,90.003399998997338,93.08778133800601,90.003326603997266,90.002337530003985,62.156176642878336,71.324622173588551,0.14750658785510593
hor5,HalfCheetah-v5,85062,results/tdmpc2/HalfCheetah-v5/seed_85062/20260919_122348,64.359750400664211,71.89766527870475,7.5379148780405387,0.11712156792271751,90.003837406999082,93.195096081984005,90.00339807200362,90.00240578699399,62.15589397022174,71.898457957243281,0.1567440087289084
base,Ant-v5,331,results/tdmpc2/Ant-v5/seed_331/20260910_160427,63.975533877910976,72.595913061457424,8.6203791835464472,0.13474493546231792,90.002980764002132,93.069262384992001,90.003558948003047,90.002391376986012,61.867781020567108,72.596854824034494,0.17341940548830498
base,Ant-v5,958,results/tdmpc2/Ant-v5/seed_958/20260910_165024,65.203542520673324,72.365008120915931,7.1614656002426074,0.10983246190913638,90.0027917970001,93.190193307989986,90.003447081999184,90.00238317798599,62.973373630848009,72.365863536293119,0.14915017830399552
base,Ant-v5,14577,results/tdmpc2/Ant-v5/seed_14577/20260910_173623,65.137941117117379,72.766551238844627,7.6286101217272488,0.11711469522825542,90.002755301000434,93.082364070984013,90.003550475001248,90.002397747996,62.982867202471489,72.767483213667418,0.15535361354289021
base,Ant-v5,43611,results/tdmpc2/Ant-v5/seed_43611/20260910_182237,64.542941744359638,75.537183900382018,10.994242156022381,0.17033996063532633,90.002725417001784,93.087939279995993,90.003559695000149,90.002441825982004,62.403794824056966,75.538122104678337,0.21047321429173765
base,Ant-v5,85062,results/tdmpc2/Ant-v5/seed_85062/20260910_190756,67.170694379834885,73.346827541691013,6.1761331618561286,0.09194684108714897,90.002755158999207,93.086686803996002,90.003450816999248,90.003724055981991,64.945351131228804,73.34660487076539,0.12935881619241665
numq3,Ant-v5,331,results/tdmpc2/Ant-v5/seed_331/20260918_152411,64.183598543188452,70.578480635246194,6.3948820920577418,0.099634209318361838,90.003419411999857,93.159873410993995,90.003590975000407,90.002425195997986,62.008922162965156,70.579394820731409,0.13821354022639293
numq3,Ant-v5,958,results/tdmpc2/Ant-v5/seed_958/20260918_160505,64.736175360140933,69.078696115838525,4.342520755697592,0.067080279790074679,90.003474723998806,93.060455076989996,90.00352613799987,90.002322830988007,62.609630674323306,69.079619679551016,0.1033385588693642
numq3,Ant-v5,14577,results/tdmpc2/Ant-v5/seed_14577/20260918_164551,64.330424420986603,69.813042150584792,5.4826177295981893,0.085225890843176028,90.003276628998719,93.07963200699001,90.004221906001476,90.002359745981991,62.204253067826301,69.814486591111674,0.12234265581466469
numq3,Ant-v5,43611,results/tdmpc2/Ant-v5/seed_43611/20260918_172555,64.457215133447178,69.710517634263908,5.25330250081673,0.081500612304467437,90.003101319001871,93.092508339983993,90.004028958999697,90.002397027995997,62.318110961294401,69.7117816312103,0.11864401144168324
numq3,Ant-v5,85062,results/tdmpc2/Ant-v5/seed_85062/20260918_180608,65.88689087290669,69.803957858683219,3.917066985776529,0.059451386063009141,90.003357968002092,93.086087198994008,90.003485999997793,90.002383041996012,63.704916632235431,69.80481328974264,0.095752368576534477
numq7,Ant-v5,331,results/tdmpc2/Ant-v5/seed_331/20260918_225219,62.975084378362681,71.40472179771497,8.4296374193522894,0.13385670702250921,90.005572620997555,93.082110657983989,90.003241738995712,90.002274148997998,60.893639929983649,71.405489450479905,0.17262639468724361
numq7,Ant-v5,958,results/tdmpc2/Ant-v5/seed_958/20260918_234600,63.810299450816565,72.062857258550594,8.2525578077340285,0.12932955774788207,90.003584892001527,93.093500228994003,90.005983918999846,90.002353086989999,61.692338234983453,72.06576438397434,0.16814772216087767
numq7,Ant-v5,14577,results/tdmpc2/Ant-v5/seed_14577/20260919_003939,64.391763069144218,70.183311918592665,5.7915488494484464,0.089942386625280785,90.003593879999244,93.079797218982009,90.003398984001251,90.002397463991997,62.263673381859277,70.184092897690803,0.12720771335247247
numq7,Ant-v5,43611,results/tdmpc2/Ant-v5/seed_43611/20260919_013344,63.078939262322052,70.217300168137072,7.1383609058150199,0.11316551909868378,90.003570334003598,93.085650699984001,90.003726084003574,90.003752845002012,60.990385776953261,70.21727929028475,0.15128439336447191
numq7,Ant-v5,85062,results/tdmpc2/Ant-v5/seed_85062/20260919_022638,62.790526542227909,70.418521034980628,7.6279944927527197,0.12148320634996966,90.003680740002892,93.08604248398801,90.003544870000042,90.002445818004006,60.711341395520897,70.419380940679844,0.15990487645320214
hor1,Ant-v5,331,results/tdmpc2/Ant-v5/seed_331/20260919_060040,64.107904656511593,68.010220554004036,3.9023158974924428,0.060871056672354915,90.003605000994867,93.087823929983998,90.003676089007058,90.00670453299,61.983858732007434,68.00793222288155,0.097187777820024371
hor1,Ant-v5,958,results/tdmpc2/Ant-v5/seed_958/20260919_063423,65.583492570772023,68.614377745742701,3.0308851749706776,0.046214147130087785,90.00356074499723,93.085789181976011,90.004102156002773,90.002440028988005,63.411911843204201,68.615644887064832,0.082062390055793744
hor1,Ant-v5,14577,results/tdmpc2/Ant-v5/seed_14577/20260919_070855,65.730752443248349,67.711785172057361,1.9810327288090122,0.030138598071266981,90.003372361999936,93.077785811987994,90.003514294992783,90.002740213980005,63.559627425324578,67.712367536628918,0.06533613048917479
hor1,Ant-v5,43611,results/tdmpc2/Ant-v5/seed_43611/20260919_074303,64.687988098836115,68.257897275023097,3.5699091761869823,0.055186585347693218,90.003684248003992,93.096126864989998,90.004150473003392,90.002482627985998,62.539199551552812,68.259162168952074,0.091462037544694438
hor1,Ant-v5,85062,results/tdmpc2/Ant-v5/seed_85062/20260919_081657,65.170591693324482,69.857094151801505,4.6865024584770225,0.071911307488666976,90.006177054005093,93.052435044995988,90.004158687996096,90.002384180999996,63.037101735459366,69.858471469785101,0.10821198225375592
hor5,Ant-v5,331,results/tdmpc2/Ant-v5/seed_331/20260919_131626,65.376369832189297,73.43465381632592,8.0582839841366223,0.12325988740000325,90.003581105993362,93.148444934981995,90.003247432992794,90.002297056985995,63.16914263801182,73.43542924690199,0.16252059439401773
hor5,Ant-v5,958,results/tdmpc2/Ant-v5/seed_958/20260919_141534,64.510686464357164,71.074763003022511,6.564076538665347,0.1017517701085396,90.003340897004819,93.054258613998002,90.003521898004692,90.002576789981987,62.39561081708429,71.075509351972983,0.13911072303361577
hor5,Ant-v5,14577,results/tdmpc2/Ant-v5/seed_14577/20260919_151537,63.833828027441172,70.598815201332528,6.7649871738913561,0.10597809003375441,90.003491101990221,93.089942204994003,90.003477235004539,90.002260525986017,61.717380382749432,70.599769601973691,0.14392038618844177
hor5,Ant-v5,43611,results/tdmpc2/Ant-v5/seed_43611/20260919_161410,63.270838405109174,71.385720172734452,8.1148817676252776,0.1282562705375814,90.003157373008435,93.059957519999983,90.003393259001314,90.002375992997997,61.19254057120515,71.386527021058754,0.16658871089020449
hor5,Ant-v5,85062,results/tdmpc2/Ant-v5/seed_85062/20260919_171216,63.210350657477001,72.137067376024248,8.9267167185472474,0.14122238882867719,90.00344787100039,93.060519998004011,90.003724140013219,90.002541266999998,61.133867513634229,72.138015449145854,0.18000084704370212
