algo,config,env,seed,run_dir,timestamp,git_commit,torch_version,codecarbon_version,gpu_name,gpu_min_clock_mhz,gpu_max_clock_mhz,warmup_steps,train_steps,steps_per_epoch,start_time_utc,end_time_utc,algo_config
tdmpc2,base,HalfCheetah-v5,331,results/tdmpc2/HalfCheetah-v5/seed_331/20260910_122845,20260910_122845,b5b7e54502412299ce94a5b46e9aa18c9a877308,2.13.0+cu130,3.3.0,NVIDIA GeForce RTX 5090,2000,2000,5000,100000,1000,2026-09-10T10:28:45.350490,2026-09-10T11:12:40.974491,"{""batch_size"": 256, ""buffer_capacity"": 1000000, ""consistency_coef"": 20.0, ""discount_denom"": 5.0, ""discount_max"": 0.995, ""discount_min"": 0.95, ""dropout"": 0.01, ""enc_dim"": 256, ""enc_lr_scale"": 0.3, ""entropy_coef"": 0.0001, ""episode_length"": 1000, ""episodic"": false, ""grad_clip_norm"": 20.0, ""horizon"": 3, ""iterations"": 6, ""latent_dim"": 512, ""log_std_max"": 2.0, ""log_std_min"": -10.0, ""lr"": 0.0003, ""max_std"": 2.0, ""min_std"": 0.05, ""mlp_dim"": 512, ""num_bins"": 101, ""num_elites"": 64, ""num_enc_layers"": 2, ""num_pi_trajs"": 24, ""num_q"": 5, ""num_samples"": 512, ""reward_coef"": 0.1, ""rho"": 0.5, ""simnorm_dim"": 8, ""tau"": 0.01, ""temperature"": 0.5, ""termination_coef"": 1.0, ""updates_per_env_step"": 1, ""value_coef"": 0.1, ""vmax"": 10.0, ""vmin"": -10.0}"
tdmpc2,base,HalfCheetah-v5,958,results/tdmpc2/HalfCheetah-v5/seed_958/20260910_131242,20260910_131242,b5b7e54502412299ce94a5b46e9aa18c9a877308,2.13.0+cu130,3.3.0,NVIDIA GeForce RTX 5090,2000,2000,5000,100000,1000,2026-09-10T11:12:42.307139,2026-09-10T11:55:22.866018,"{""batch_size"": 256, ""buffer_capacity"": 1000000, ""consistency_coef"": 20.0, ""discount_denom"": 5.0, ""discount_max"": 0.995, ""discount_min"": 0.95, ""dropout"": 0.01, ""enc_dim"": 256, ""enc_lr_scale"": 0.3, ""entropy_coef"": 0.0001, ""episode_length"": 1000, ""episodic"": false, ""grad_clip_norm"": 20.0, ""horizon"": 3, ""iterations"": 6, ""latent_dim"": 512, ""log_std_max"": 2.0, ""log_std_min"": -10.0, ""lr"": 0.0003, ""max_std"": 2.0, ""min_std"": 0.05, ""mlp_dim"": 512, ""num_bins"": 101, ""num_elites"": 64, ""num_enc_layers"": 2, ""num_pi_trajs"": 24, ""num_q"": 5, ""num_samples"": 512, ""reward_coef"": 0.1, ""rho"": 0.5, ""simnorm_dim"": 8, ""tau"": 0.01, ""temperature"": 0.5, ""termination_coef"": 1.0, ""updates_per_env_step"": 1, ""value_coef"": 0.1, ""vmax"": 10.0, ""vmin"": -10.0}"
tdmpc2,base,HalfCheetah-v5,14577,results/tdmpc2/HalfCheetah-v5/seed_14577/20260910_135524,20260910_135524,b5b7e54502412299ce94a5b46e9aa18c9a877308,2.13.0+cu130,3.3.0,NVIDIA GeForce RTX 5090,2000,2000,5000,100000,1000,2026-09-10T11:55:24.182527,2026-09-10T12:39:04.662531,"{""batch_size"": 256, ""buffer_capacity"": 1000000, ""consistency_coef"": 20.0, ""discount_denom"": 5.0, ""discount_max"": 0.995, ""discount_min"": 0.95, ""dropout"": 0.01, ""enc_dim"": 256, ""enc_lr_scale"": 0.3, ""entropy_coef"": 0.0001, ""episode_length"": 1000, ""episodic"": false, ""grad_clip_norm"": 20.0, ""horizon"": 3, ""iterations"": 6, ""latent_dim"": 512, ""log_std_max"": 2.0, ""log_std_min"": -10.0, ""lr"": 0.0003, ""max_std"": 2.0, ""min_std"": 0.05, ""mlp_dim"": 512, ""num_bins"": 101, ""num_elites"": 64, ""num_enc_layers"": 2, ""num_pi_trajs"": 24, ""num_q"": 5, ""num_samples"": 512, ""reward_coef"": 0.1, ""rho"": 0.5, ""simnorm_dim"": 8, ""tau"": 0.01, ""temperature"": 0.5, ""termination_coef"": 1.0, ""updates_per_env_step"": 1, ""value_coef"": 0.1, ""vmax"": 10.0, ""vmin"": -10.0}"
tdmpc2,base,HalfCheetah-v5,43611,results/tdmpc2/HalfCheetah-v5/seed_43611/20260910_143905,20260910_143905,b5b7e54502412299ce94a5b46e9aa18c9a877308,2.13.0+cu130,3.3.0,NVIDIA GeForce RTX 5090,2000,2000,5000,100000,1000,2026-09-10T12:39:05.960248,2026-09-10T13:21:21.710319,"{""batch_size"": 256, ""buffer_capacity"": 1000000, ""consistency_coef"": 20.0, ""discount_denom"": 5.0, ""discount_max"": 0.995, ""discount_min"": 0.95, ""dropout"": 0.01, ""enc_dim"": 256, ""enc_lr_scale"": 0.3, ""entropy_coef"": 0.0001, ""episode_length"": 1000, ""episodic"": false, ""grad_clip_norm"": 20.0, ""horizon"": 3, ""iterations"": 6, ""latent_dim"": 512, ""log_std_max"": 2.0, ""log_std_min"": -10.0, ""lr"": 0.0003, ""max_std"": 2.0, ""min_std"": 0.05, ""mlp_dim"": 512, ""num_bins"": 101, ""num_elites"": 64, ""num_enc_layers"": 2, ""num_pi_trajs"": 24, ""num_q"": 5, ""num_samples"": 512, ""reward_coef"": 0.1, ""rho"": 0.5, ""simnorm_dim"": 8, ""tau"": 0.01, ""temperature"": 0.5, ""termination_coef"": 1.0, ""updates_per_env_step"": 1, ""value_coef"": 0.1, ""vmax"": 10.0, ""vmin"": -10.0}"
tdmpc2,base,HalfCheetah-v5,85062,results/tdmpc2/HalfCheetah-v5/seed_85062/20260910_152122,20260910_152122,b5b7e54502412299ce94a5b46e9aa18c9a877308,2.13.0+cu130,3.3.0,NVIDIA GeForce RTX 5090,2000,2000,5000,100000,1000,2026-09-10T13:21:23.046109,2026-09-10T14:04:26.506912,"{""batch_size"": 256, ""buffer_capacity"": 1000000, ""consistency_coef"": 20.0, ""discount_denom"": 5.0, ""discount_max"": 0.995, ""discount_min"": 0.95, ""dropout"": 0.01, ""enc_dim"": 256, ""enc_lr_scale"": 0.3, ""entropy_coef"": 0.0001, ""episode_length"": 1000, ""episodic"": false, ""grad_clip_norm"": 20.0, ""horizon"": 3, ""iterations"": 6, ""latent_dim"": 512, ""log_std_max"": 2.0, ""log_std_min"": -10.0, ""lr"": 0.0003, ""max_std"": 2.0, ""min_std"": 0.05, ""mlp_dim"": 512, ""num_bins"": 101, ""num_elites"": 64, ""num_enc_layers"": 2, ""num_pi_trajs"": 24, ""num_q"": 5, ""num_samples"": 512, ""reward_coef"": 0.1, ""rho"": 0.5, ""simnorm_dim"": 8, ""tau"": 0.01, ""temperature"": 0.5, ""termination_coef"": 1.0, ""updates_per_env_step"": 1, ""value_coef"": 0.1, ""vmax"": 10.0, ""vmin"": -10.0}"
tdmpc2,numq3,HalfCheetah-v5,331,results/tdmpc2/HalfCheetah-v5/seed_331/20260918_122100,20260918_122100,a3582b52d5d3a0c6617038fd647c67eee6a92a78,2.13.0+cu130,3.3.0,NVIDIA GeForce RTX 5090,2000,2000,5000,100000,1000,2026-09-18T10:21:00.865381,2026-09-18T10:57:08.673156,"{""batch_size"": 256, ""buffer_capacity"": 1000000, ""consistency_coef"": 20.0, ""discount_denom"": 5.0, ""discount_max"": 0.995, ""discount_min"": 0.95, ""dropout"": 0.01, ""enc_dim"": 256, ""enc_lr_scale"": 0.3, ""entropy_coef"": 0.0001, ""episode_length"": 1000, ""episodic"": false, ""grad_clip_norm"": 20.0, ""horizon"": 3, ""iterations"": 6, ""latent_dim"": 512, ""log_std_max"": 2.0, ""log_std_min"": -10.0, ""lr"": 0.0003, ""max_std"": 2.0, ""min_std"": 0.05, ""mlp_dim"": 512, ""num_bins"": 101, ""num_elites"": 64, ""num_enc_layers"": 2, ""num_pi_trajs"": 24, ""num_q"": 3, ""num_samples"": 512, ""reward_coef"": 0.1, ""rho"": 0.5, ""simnorm_dim"": 8, ""tau"": 0.01, ""temperature"": 0.5, ""termination_coef"": 1.0, ""updates_per_env_step"": 1, ""value_coef"": 0.1, ""vmax"": 10.0, ""vmin"": -10.0}"
tdmpc2,numq3,HalfCheetah-v5,958,results/tdmpc2/HalfCheetah-v5/seed_958/20260918_125709,20260918_125709,a3582b52d5d3a0c6617038fd647c67eee6a92a78,2.13.0+cu130,3.3.0,NVIDIA GeForce RTX 5090,2000,2000,5000,100000,1000,2026-09-18T10:57:09.966976,2026-09-18T11:33:38.449537,"{""batch_size"": 256, ""buffer_capacity"": 1000000, ""consistency_coef"": 20.0, ""discount_denom"": 5.0, ""discount_max"": 0.995, ""discount_min"": 0.95, ""dropout"": 0.01, ""enc_dim"": 256, ""enc_lr_scale"": 0.3, ""entropy_coef"": 0.0001, ""episode_length"": 1000, ""episodic"": false, ""grad_clip_norm"": 20.0, ""horizon"": 3, ""iterations"": 6, ""latent_dim"": 512, ""log_std_max"": 2.0, ""log_std_min"": -10.0, ""lr"": 0.0003, ""max_std"": 2.0, ""min_std"": 0.05, ""mlp_dim"": 512, ""num_bins"": 101, ""num_elites"": 64, ""num_enc_layers"": 2, ""num_pi_trajs"": 24, ""num_q"": 3, ""num_samples"": 512, ""reward_coef"": 0.1, ""rho"": 0.5, ""simnorm_dim"": 8, ""tau"": 0.01, ""temperature"": 0.5, ""termination_coef"": 1.0, ""updates_per_env_step"": 1, ""value_coef"": 0.1, ""vmax"": 10.0, ""vmin"": -10.0}"
tdmpc2,numq3,HalfCheetah-v5,14577,results/tdmpc2/HalfCheetah-v5/seed_14577/20260918_133339,20260918_133339,a3582b52d5d3a0c6617038fd647c67eee6a92a78,2.13.0+cu130,3.3.0,NVIDIA GeForce RTX 5090,2000,2000,5000,100000,1000,2026-09-18T11:33:39.722653,2026-09-18T12:10:53.764653,"{""batch_size"": 256, ""buffer_capacity"": 1000000, ""consistency_coef"": 20.0, ""discount_denom"": 5.0, ""discount_max"": 0.995, ""discount_min"": 0.95, ""dropout"": 0.01, ""enc_dim"": 256, ""enc_lr_scale"": 0.3, ""entropy_coef"": 0.0001, ""episode_length"": 1000, ""episodic"": false, ""grad_clip_norm"": 20.0, ""horizon"": 3, ""iterations"": 6, ""latent_dim"": 512, ""log_std_max"": 2.0, ""log_std_min"": -10.0, ""lr"": 0.0003, ""max_std"": 2.0, ""min_std"": 0.05, ""mlp_dim"": 512, ""num_bins"": 101, ""num_elites"": 64, ""num_enc_layers"": 2, ""num_pi_trajs"": 24, ""num_q"": 3, ""num_samples"": 512, ""reward_coef"": 0.1, ""rho"": 0.5, ""simnorm_dim"": 8, ""tau"": 0.01, ""temperature"": 0.5, ""termination_coef"": 1.0, ""updates_per_env_step"": 1, ""value_coef"": 0.1, ""vmax"": 10.0, ""vmin"": -10.0}"
tdmpc2,numq3,HalfCheetah-v5,43611,results/tdmpc2/HalfCheetah-v5/seed_43611/20260918_141054,20260918_141054,a3582b52d5d3a0c6617038fd647c67eee6a92a78,2.13.0+cu130,3.3.0,NVIDIA GeForce RTX 5090,2000,2000,5000,100000,1000,2026-09-18T12:10:55.072431,2026-09-18T12:47:40.846521,"{""batch_size"": 256, ""buffer_capacity"": 1000000, ""consistency_coef"": 20.0, ""discount_denom"": 5.0, ""discount_max"": 0.995, ""discount_min"": 0.95, ""dropout"": 0.01, ""enc_dim"": 256, ""enc_lr_scale"": 0.3, ""entropy_coef"": 0.0001, ""episode_length"": 1000, ""episodic"": false, ""grad_clip_norm"": 20.0, ""horizon"": 3, ""iterations"": 6, ""latent_dim"": 512, ""log_std_max"": 2.0, ""log_std_min"": -10.0, ""lr"": 0.0003, ""max_std"": 2.0, ""min_std"": 0.05, ""mlp_dim"": 512, ""num_bins"": 101, ""num_elites"": 64, ""num_enc_layers"": 2, ""num_pi_trajs"": 24, ""num_q"": 3, ""num_samples"": 512, ""reward_coef"": 0.1, ""rho"": 0.5, ""simnorm_dim"": 8, ""tau"": 0.01, ""temperature"": 0.5, ""termination_coef"": 1.0, ""updates_per_env_step"": 1, ""value_coef"": 0.1, ""vmax"": 10.0, ""vmin"": -10.0}"
tdmpc2,numq3,HalfCheetah-v5,85062,results/tdmpc2/HalfCheetah-v5/seed_85062/20260918_144742,20260918_144742,a3582b52d5d3a0c6617038fd647c67eee6a92a78,2.13.0+cu130,3.3.0,NVIDIA GeForce RTX 5090,2000,2000,5000,100000,1000,2026-09-18T12:47:42.165700,2026-09-18T13:24:10.708476,"{""batch_size"": 256, ""buffer_capacity"": 1000000, ""consistency_coef"": 20.0, ""discount_denom"": 5.0, ""discount_max"": 0.995, ""discount_min"": 0.95, ""dropout"": 0.01, ""enc_dim"": 256, ""enc_lr_scale"": 0.3, ""entropy_coef"": 0.0001, ""episode_length"": 1000, ""episodic"": false, ""grad_clip_norm"": 20.0, ""horizon"": 3, ""iterations"": 6, ""latent_dim"": 512, ""log_std_max"": 2.0, ""log_std_min"": -10.0, ""lr"": 0.0003, ""max_std"": 2.0, ""min_std"": 0.05, ""mlp_dim"": 512, ""num_bins"": 101, ""num_elites"": 64, ""num_enc_layers"": 2, ""num_pi_trajs"": 24, ""num_q"": 3, ""num_samples"": 512, ""reward_coef"": 0.1, ""rho"": 0.5, ""simnorm_dim"": 8, ""tau"": 0.01, ""temperature"": 0.5, ""termination_coef"": 1.0, ""updates_per_env_step"": 1, ""value_coef"": 0.1, ""vmax"": 10.0, ""vmin"": -10.0}"
tdmpc2,numq7,HalfCheetah-v5,331,results/tdmpc2/HalfCheetah-v5/seed_331/20260918_184701,20260918_184701,a3582b52d5d3a0c6617038fd647c67eee6a92a78,2.13.0+cu130,3.3.0,NVIDIA GeForce RTX 5090,2000,2000,5000,100000,1000,2026-09-18T16:47:01.367473,2026-09-18T17:35:14.791736,"{""batch_size"": 256, ""buffer_capacity"": 1000000, ""consistency_coef"": 20.0, ""discount_denom"": 5.0, ""discount_max"": 0.995, ""discount_min"": 0.95, ""dropout"": 0.01, ""enc_dim"": 256, ""enc_lr_scale"": 0.3, ""entropy_coef"": 0.0001, ""episode_length"": 1000, ""episodic"": false, ""grad_clip_norm"": 20.0, ""horizon"": 3, ""iterations"": 6, ""latent_dim"": 512, ""log_std_max"": 2.0, ""log_std_min"": -10.0, ""lr"": 0.0003, ""max_std"": 2.0, ""min_std"": 0.05, ""mlp_dim"": 512, ""num_bins"": 101, ""num_elites"": 64, ""num_enc_layers"": 2, ""num_pi_trajs"": 24, ""num_q"": 7, ""num_samples"": 512, ""reward_coef"": 0.1, ""rho"": 0.5, ""simnorm_dim"": 8, ""tau"": 0.01, ""temperature"": 0.5, ""termination_coef"": 1.0, ""updates_per_env_step"": 1, ""value_coef"": 0.1, ""vmax"": 10.0, ""vmin"": -10.0}"
tdmpc2,numq7,HalfCheetah-v5,958,results/tdmpc2/HalfCheetah-v5/seed_958/20260918_193516,20260918_193516,a3582b52d5d3a0c6617038fd647c67eee6a92a78,2.13.0+cu130,3.3.0,NVIDIA GeForce RTX 5090,2000,2000,5000,100000,1000,2026-09-18T17:35:16.136750,2026-09-18T18:24:39.379713,"{""batch_size"": 256, ""buffer_capacity"": 1000000, ""consistency_coef"": 20.0, ""discount_denom"": 5.0, ""discount_max"": 0.995, ""discount_min"": 0.95, ""dropout"": 0.01, ""enc_dim"": 256, ""enc_lr_scale"": 0.3, ""entropy_coef"": 0.0001, ""episode_length"": 1000, ""episodic"": false, ""grad_clip_norm"": 20.0, ""horizon"": 3, ""iterations"": 6, ""latent_dim"": 512, ""log_std_max"": 2.0, ""log_std_min"": -10.0, ""lr"": 0.0003, ""max_std"": 2.0, ""min_std"": 0.05, ""mlp_dim"": 512, ""num_bins"": 101, ""num_elites"": 64, ""num_enc_layers"": 2, ""num_pi_trajs"": 24, ""num_q"": 7, ""num_samples"": 512, ""reward_coef"": 0.1, ""rho"": 0.5, ""simnorm_dim"": 8, ""tau"": 0.01, ""temperature"": 0.5, ""termination_coef"": 1.0, ""updates_per_env_step"": 1, ""value_coef"": 0.1, ""vmax"": 10.0, ""vmin"": -10.0}"
tdmpc2,numq7,HalfCheetah-v5,14577,results/tdmpc2/HalfCheetah-v5/seed_14577/20260918_202440,20260918_202440,a3582b52d5d3a0c6617038fd647c67eee6a92a78,2.13.0+cu130,3.3.0,NVIDIA GeForce RTX 5090,2000,2000,5000,100000,1000,2026-09-18T18:24:40.712650,2026-09-18T19:13:27.279445,"{""batch_size"": 256, ""buffer_capacity"": 1000000, ""consistency_coef"": 20.0, ""discount_denom"": 5.0, ""discount_max"": 0.995, ""discount_min"": 0.95, ""dropout"": 0.01, ""enc_dim"": 256, ""enc_lr_scale"": 0.3, ""entropy_coef"": 0.0001, ""episode_length"": 1000, ""episodic"": false, ""grad_clip_norm"": 20.0, ""horizon"": 3, ""iterations"": 6, ""latent_dim"": 512, ""log_std_max"": 2.0, ""log_std_min"": -10.0, ""lr"": 0.0003, ""max_std"": 2.0, ""min_std"": 0.05, ""mlp_dim"": 512, ""num_bins"": 101, ""num_elites"": 64, ""num_enc_layers"": 2, ""num_pi_trajs"": 24, ""num_q"": 7, ""num_samples"": 512, ""reward_coef"": 0.1, ""rho"": 0.5, ""simnorm_dim"": 8, ""tau"": 0.01, ""temperature"": 0.5, ""termination_coef"": 1.0, ""updates_per_env_step"": 1, ""value_coef"": 0.1, ""vmax"": 10.0, ""vmin"": -10.0}"
tdmpc2,numq7,HalfCheetah-v5,43611,results/tdmpc2/HalfCheetah-v5/seed_43611/20260918_211328,20260918_211328,a3582b52d5d3a0c6617038fd647c67eee6a92a78,2.13.0+cu130,3.3.0,NVIDIA GeForce RTX 5090,2000,2000,5000,100000,1000,2026-09-18T19:13:28.597377,2026-09-18T20:02:43.800293,"{""batch_size"": 256, ""buffer_capacity"": 1000000, ""consistency_coef"": 20.0, ""discount_denom"": 5.0, ""discount_max"": 0.995, ""discount_min"": 0.95, ""dropout"": 0.01, ""enc_dim"": 256, ""enc_lr_scale"": 0.3, ""entropy_coef"": 0.0001, ""episode_length"": 1000, ""episodic"": false, ""grad_clip_norm"": 20.0, ""horizon"": 3, ""iterations"": 6, ""latent_dim"": 512, ""log_std_max"": 2.0, ""log_std_min"": -10.0, ""lr"": 0.0003, ""max_std"": 2.0, ""min_std"": 0.05, ""mlp_dim"": 512, ""num_bins"": 101, ""num_elites"": 64, ""num_enc_layers"": 2, ""num_pi_trajs"": 24, ""num_q"": 7, ""num_samples"": 512, ""reward_coef"": 0.1, ""rho"": 0.5, ""simnorm_dim"": 8, ""tau"": 0.01, ""temperature"": 0.5, ""termination_coef"": 1.0, ""updates_per_env_step"": 1, ""value_coef"": 0.1, ""vmax"": 10.0, ""vmin"": -10.0}"
tdmpc2,numq7,HalfCheetah-v5,85062,results/tdmpc2/HalfCheetah-v5/seed_85062/20260918_220245,20260918_220245,a3582b52d5d3a0c6617038fd647c67eee6a92a78,2.13.0+cu130,3.3.0,NVIDIA GeForce RTX 5090,2000,2000,5000,100000,1000,2026-09-18T20:02:45.141402,2026-09-18T20:52:18.425689,"{""batch_size"": 256, ""buffer_capacity"": 1000000, ""consistency_coef"": 20.0, ""discount_denom"": 5.0, ""discount_max"": 0.995, ""discount_min"": 0.95, ""dropout"": 0.01, ""enc_dim"": 256, ""enc_lr_scale"": 0.3, ""entropy_coef"": 0.0001, ""episode_length"": 1000, ""episodic"": false, ""grad_clip_norm"": 20.0, ""horizon"": 3, ""iterations"": 6, ""latent_dim"": 512, ""log_std_max"": 2.0, ""log_std_min"": -10.0, ""lr"": 0.0003, ""max_std"": 2.0, ""min_std"": 0.05, ""mlp_dim"": 512, ""num_bins"": 101, ""num_elites"": 64, ""num_enc_layers"": 2, ""num_pi_trajs"": 24, ""num_q"": 7, ""num_samples"": 512, ""reward_coef"": 0.1, ""rho"": 0.5, ""simnorm_dim"": 8, ""tau"": 0.01, ""temperature"": 0.5, ""termination_coef"": 1.0, ""updates_per_env_step"": 1, ""value_coef"": 0.1, ""vmax"": 10.0, ""vmin"": -10.0}"
tdmpc2,hor1,HalfCheetah-v5,331,results/tdmpc2/HalfCheetah-v5/seed_331/20260919_032012,20260919_032012,a3582b52d5d3a0c6617038fd647c67eee6a92a78,2.13.0+cu130,3.3.0,NVIDIA GeForce RTX 5090,2000,2000,5000,100000,1000,2026-09-19T01:20:12.398852,2026-09-19T01:52:35.870448,"{""batch_size"": 256, ""buffer_capacity"": 1000000, ""consistency_coef"": 20.0, ""discount_denom"": 5.0, ""discount_max"": 0.995, ""discount_min"": 0.95, ""dropout"": 0.01, ""enc_dim"": 256, ""enc_lr_scale"": 0.3, ""entropy_coef"": 0.0001, ""episode_length"": 1000, ""episodic"": false, ""grad_clip_norm"": 20.0, ""horizon"": 1, ""iterations"": 6, ""latent_dim"": 512, ""log_std_max"": 2.0, ""log_std_min"": -10.0, ""lr"": 0.0003, ""max_std"": 2.0, ""min_std"": 0.05, ""mlp_dim"": 512, ""num_bins"": 101, ""num_elites"": 64, ""num_enc_layers"": 2, ""num_pi_trajs"": 24, ""num_q"": 5, ""num_samples"": 512, ""reward_coef"": 0.1, ""rho"": 0.5, ""simnorm_dim"": 8, ""tau"": 0.01, ""temperature"": 0.5, ""termination_coef"": 1.0, ""updates_per_env_step"": 1, ""value_coef"": 0.1, ""vmax"": 10.0, ""vmin"": -10.0}"
tdmpc2,hor1,HalfCheetah-v5,958,results/tdmpc2/HalfCheetah-v5/seed_958/20260919_035237,20260919_035237,a3582b52d5d3a0c6617038fd647c67eee6a92a78,2.13.0+cu130,3.3.0,NVIDIA GeForce RTX 5090,2000,2000,5000,100000,1000,2026-09-19T01:52:37.215357,2026-09-19T02:24:31.094745,"{""batch_size"": 256, ""buffer_capacity"": 1000000, ""consistency_coef"": 20.0, ""discount_denom"": 5.0, ""discount_max"": 0.995, ""discount_min"": 0.95, ""dropout"": 0.01, ""enc_dim"": 256, ""enc_lr_scale"": 0.3, ""entropy_coef"": 0.0001, ""episode_length"": 1000, ""episodic"": false, ""grad_clip_norm"": 20.0, ""horizon"": 1, ""iterations"": 6, ""latent_dim"": 512, ""log_std_max"": 2.0, ""log_std_min"": -10.0, ""lr"": 0.0003, ""max_std"": 2.0, ""min_std"": 0.05, ""mlp_dim"": 512, ""num_bins"": 101, ""num_elites"": 64, ""num_enc_layers"": 2, ""num_pi_trajs"": 24, ""num_q"": 5, ""num_samples"": 512, ""reward_coef"": 0.1, ""rho"": 0.5, ""simnorm_dim"": 8, ""tau"": 0.01, ""temperature"": 0.5, ""termination_coef"": 1.0, ""updates_per_env_step"": 1, ""value_coef"": 0.1, ""vmax"": 10.0, ""vmin"": -10.0}"
tdmpc2,hor1,HalfCheetah-v5,14577,results/tdmpc2/HalfCheetah-v5/seed_14577/20260919_042432,20260919_042432,a3582b52d5d3a0c6617038fd647c67eee6a92a78,2.13.0+cu130,3.3.0,NVIDIA GeForce RTX 5090,2000,2000,5000,100000,1000,2026-09-19T02:24:32.422988,2026-09-19T02:57:03.532752,"{""batch_size"": 256, ""buffer_capacity"": 1000000, ""consistency_coef"": 20.0, ""discount_denom"": 5.0, ""discount_max"": 0.995, ""discount_min"": 0.95, ""dropout"": 0.01, ""enc_dim"": 256, ""enc_lr_scale"": 0.3, ""entropy_coef"": 0.0001, ""episode_length"": 1000, ""episodic"": false, ""grad_clip_norm"": 20.0, ""horizon"": 1, ""iterations"": 6, ""latent_dim"": 512, ""log_std_max"": 2.0, ""log_std_min"": -10.0, ""lr"": 0.0003, ""max_std"": 2.0, ""min_std"": 0.05, ""mlp_dim"": 512, ""num_bins"": 101, ""num_elites"": 64, ""num_enc_layers"": 2, ""num_pi_trajs"": 24, ""num_q"": 5, ""num_samples"": 512, ""reward_coef"": 0.1, ""rho"": 0.5, ""simnorm_dim"": 8, ""tau"": 0.01, ""temperature"": 0.5, ""termination_coef"": 1.0, ""updates_per_env_step"": 1, ""value_coef"": 0.1, ""vmax"": 10.0, ""vmin"": -10.0}"
tdmpc2,hor1,HalfCheetah-v5,43611,results/tdmpc2/HalfCheetah-v5/seed_43611/20260919_045704,20260919_045704,a3582b52d5d3a0c6617038fd647c67eee6a92a78,2.13.0+cu130,3.3.0,NVIDIA GeForce RTX 5090,2000,2000,5000,100000,1000,2026-09-19T02:57:04.886899,2026-09-19T03:28:35.357307,"{""batch_size"": 256, ""buffer_capacity"": 1000000, ""consistency_coef"": 20.0, ""discount_denom"": 5.0, ""discount_max"": 0.995, ""discount_min"": 0.95, ""dropout"": 0.01, ""enc_dim"": 256, ""enc_lr_scale"": 0.3, ""entropy_coef"": 0.0001, ""episode_length"": 1000, ""episodic"": false, ""grad_clip_norm"": 20.0, ""horizon"": 1, ""iterations"": 6, ""latent_dim"": 512, ""log_std_max"": 2.0, ""log_std_min"": -10.0, ""lr"": 0.0003, ""max_std"": 2.0, ""min_std"": 0.05, ""mlp_dim"": 512, ""num_bins"": 101, ""num_elites"": 64, ""num_enc_layers"": 2, ""num_pi_trajs"": 24, ""num_q"": 5, ""num_samples"": 512, ""reward_coef"": 0.1, ""rho"": 0.5, ""simnorm_dim"": 8, ""tau"": 0.01, ""temperature"": 0.5, ""termination_coef"": 1.0, ""updates_per_env_step"": 1, ""value_coef"": 0.1, ""vmax"": 10.0, ""vmin"": -10.0}"
tdmpc2,hor1,HalfCheetah-v5,85062,results/tdmpc2/HalfCheetah-v5/seed_85062/20260919_052836,20260919_052836,a3582b52d5d3a0c6617038fd647c67eee6a92a78,2.13.0+cu130,3.3.0,NVIDIA GeForce RTX 5090,2000,2000,5000,100000,1000,2026-09-19T03:28:36.693860,2026-09-19T04:00:39.265409,"{""batch_size"": 256, ""buffer_capacity"": 1000000, ""consistency_coef"": 20.0, ""discount_denom"": 5.0, ""discount_max"": 0.995, ""discount_min"": 0.95, ""dropout"": 0.01, ""enc_dim"": 256, ""enc_lr_scale"": 0.3, ""entropy_coef"": 0.0001, ""episode_length"": 1000, ""episodic"": false, ""grad_clip_norm"": 20.0, ""horizon"": 1, ""iterations"": 6, ""latent_dim"": 512, ""log_std_max"": 2.0, ""log_std_min"": -10.0, ""lr"": 0.0003, ""max_std"": 2.0, ""min_std"": 0.05, ""mlp_dim"": 512, ""num_bins"": 101, ""num_elites"": 64, ""num_enc_layers"": 2, ""num_pi_trajs"": 24, ""num_q"": 5, ""num_samples"": 512, ""reward_coef"": 0.1, ""rho"": 0.5, ""simnorm_dim"": 8, ""tau"": 0.01, ""temperature"": 0.5, ""termination_coef"": 1.0, ""updates_per_env_step"": 1, ""value_coef"": 0.1, ""vmax"": 10.0, ""vmin"": -10.0}"
tdmpc2,hor5,HalfCheetah-v5,331,results/tdmpc2/HalfCheetah-v5/seed_331/20260919_085137,20260919_085137,a3582b52d5d3a0c6617038fd647c67eee6a92a78,2.13.0+cu130,3.3.0,NVIDIA GeForce RTX 5090,2000,2000,5000,100000,1000,2026-09-19T06:51:37.652813,2026-09-19T07:45:01.430543,"{""batch_size"": 256, ""buffer_capacity"": 1000000, ""consistency_coef"": 20.0, ""discount_denom"": 5.0, ""discount_max"": 0.995, ""discount_min"": 0.95, ""dropout"": 0.01, ""enc_dim"": 256, ""enc_lr_scale"": 0.3, ""entropy_coef"": 0.0001, ""episode_length"": 1000, ""episodic"": false, ""grad_clip_norm"": 20.0, ""horizon"": 5, ""iterations"": 6, ""latent_dim"": 512, ""log_std_max"": 2.0, ""log_std_min"": -10.0, ""lr"": 0.0003, ""max_std"": 2.0, ""min_std"": 0.05, ""mlp_dim"": 512, ""num_bins"": 101, ""num_elites"": 64, ""num_enc_layers"": 2, ""num_pi_trajs"": 24, ""num_q"": 5, ""num_samples"": 512, ""reward_coef"": 0.1, ""rho"": 0.5, ""simnorm_dim"": 8, ""tau"": 0.01, ""temperature"": 0.5, ""termination_coef"": 1.0, ""updates_per_env_step"": 1, ""value_coef"": 0.1, ""vmax"": 10.0, ""vmin"": -10.0}"
tdmpc2,hor5,HalfCheetah-v5,958,results/tdmpc2/HalfCheetah-v5/seed_958/20260919_094502,20260919_094502,a3582b52d5d3a0c6617038fd647c67eee6a92a78,2.13.0+cu130,3.3.0,NVIDIA GeForce RTX 5090,2000,2000,5000,100000,1000,2026-09-19T07:45:02.764413,2026-09-19T08:38:05.165352,"{""batch_size"": 256, ""buffer_capacity"": 1000000, ""consistency_coef"": 20.0, ""discount_denom"": 5.0, ""discount_max"": 0.995, ""discount_min"": 0.95, ""dropout"": 0.01, ""enc_dim"": 256, ""enc_lr_scale"": 0.3, ""entropy_coef"": 0.0001, ""episode_length"": 1000, ""episodic"": false, ""grad_clip_norm"": 20.0, ""horizon"": 5, ""iterations"": 6, ""latent_dim"": 512, ""log_std_max"": 2.0, ""log_std_min"": -10.0, ""lr"": 0.0003, ""max_std"": 2.0, ""min_std"": 0.05, ""mlp_dim"": 512, ""num_bins"": 101, ""num_elites"": 64, ""num_enc_layers"": 2, ""num_pi_trajs"": 24, ""num_q"": 5, ""num_samples"": 512, ""reward_coef"": 0.1, ""rho"": 0.5, ""simnorm_dim"": 8, ""tau"": 0.01, ""temperature"": 0.5, ""termination_coef"": 1.0, ""updates_per_env_step"": 1, ""value_coef"": 0.1, ""vmax"": 10.0, ""vmin"": -10.0}"
tdmpc2,hor5,HalfCheetah-v5,14577,results/tdmpc2/HalfCheetah-v5/seed_14577/20260919_103806,20260919_103806,a3582b52d5d3a0c6617038fd647c67eee6a92a78,2.13.0+cu130,3.3.0,NVIDIA GeForce RTX 5090,2000,2000,5000,100000,1000,2026-09-19T08:38:06.493690,2026-09-19T09:29:55.129527,"{""batch_size"": 256, ""buffer_capacity"": 1000000, ""consistency_coef"": 20.0, ""discount_denom"": 5.0, ""discount_max"": 0.995, ""discount_min"": 0.95, ""dropout"": 0.01, ""enc_dim"": 256, ""enc_lr_scale"": 0.3, ""entropy_coef"": 0.0001, ""episode_length"": 1000, ""episodic"": false, ""grad_clip_norm"": 20.0, ""horizon"": 5, ""iterations"": 6, ""latent_dim"": 512, ""log_std_max"": 2.0, ""log_std_min"": -10.0, ""lr"": 0.0003, ""max_std"": 2.0, ""min_std"": 0.05, ""mlp_dim"": 512, ""num_bins"": 101, ""num_elites"": 64, ""num_enc_layers"": 2, ""num_pi_trajs"": 24, ""num_q"": 5, ""num_samples"": 512, ""reward_coef"": 0.1, ""rho"": 0.5, ""simnorm_dim"": 8, ""tau"": 0.01, ""temperature"": 0.5, ""termination_coef"": 1.0, ""updates_per_env_step"": 1, ""value_coef"": 0.1, ""vmax"": 10.0, ""vmin"": -10.0}"
tdmpc2,hor5,HalfCheetah-v5,43611,results/tdmpc2/HalfCheetah-v5/seed_43611/20260919_112956,20260919_112956,a3582b52d5d3a0c6617038fd647c67eee6a92a78,2.13.0+cu130,3.3.0,NVIDIA GeForce RTX 5090,2000,2000,5000,100000,1000,2026-09-19T09:29:56.465425,2026-09-19T10:23:47.099214,"{""batch_size"": 256, ""buffer_capacity"": 1000000, ""consistency_coef"": 20.0, ""discount_denom"": 5.0, ""discount_max"": 0.995, ""discount_min"": 0.95, ""dropout"": 0.01, ""enc_dim"": 256, ""enc_lr_scale"": 0.3, ""entropy_coef"": 0.0001, ""episode_length"": 1000, ""episodic"": false, ""grad_clip_norm"": 20.0, ""horizon"": 5, ""iterations"": 6, ""latent_dim"": 512, ""log_std_max"": 2.0, ""log_std_min"": -10.0, ""lr"": 0.0003, ""max_std"": 2.0, ""min_std"": 0.05, ""mlp_dim"": 512, ""num_bins"": 101, ""num_elites"": 64, ""num_enc_layers"": 2, ""num_pi_trajs"": 24, ""num_q"": 5, ""num_samples"": 512, ""reward_coef"": 0.1, ""rho"": 0.5, ""simnorm_dim"": 8, ""tau"": 0.01, ""temperature"": 0.5, ""termination_coef"": 1.0, ""updates_per_env_step"": 1, ""value_coef"": 0.1, ""vmax"": 10.0, ""vmin"": -10.0}"
tdmpc2,hor5,HalfCheetah-v5,85062,results/tdmpc2/HalfCheetah-v5/seed_85062/20260919_122348,20260919_122348,a3582b52d5d3a0c6617038fd647c67eee6a92a78,2.13.0+cu130,3.3.0,NVIDIA GeForce RTX 5090,2000,2000,5000,100000,1000,2026-09-19T10:23:48.428066,2026-09-19T11:16:25.232679,"{""batch_size"": 256, ""buffer_capacity"": 1000000, ""consistency_coef"": 20.0, ""discount_denom"": 5.0, ""discount_max"": 0.995, ""discount_min"": 0.95, ""dropout"": 0.01, ""enc_dim"": 256, ""enc_lr_scale"": 0.3, ""entropy_coef"": 0.0001, ""episode_length"": 1000, ""episodic"": false, ""grad_clip_norm"": 20.0, ""horizon"": 5, ""iterations"": 6, ""latent_dim"": 512, ""log_std_max"": 2.0, ""log_std_min"": -10.0, ""lr"": 0.0003, ""max_std"": 2.0, ""min_std"": 0.05, ""mlp_dim"": 512, ""num_bins"": 101, ""num_elites"": 64, ""num_enc_layers"": 2, ""num_pi_trajs"": 24, ""num_q"": 5, ""num_samples"": 512, ""reward_coef"": 0.1, ""rho"": 0.5, ""simnorm_dim"": 8, ""tau"": 0.01, ""temperature"": 0.5, ""termination_coef"": 1.0, ""updates_per_env_step"": 1, ""value_coef"": 0.1, ""vmax"": 10.0, ""vmin"": -10.0}"
tdmpc2,base,Ant-v5,331,results/tdmpc2/Ant-v5/seed_331/20260910_160427,20260910_160427,b5b7e54502412299ce94a5b46e9aa18c9a877308,2.13.0+cu130,3.3.0,NVIDIA GeForce RTX 5090,2000,2000,5000,100000,1000,2026-09-10T14:04:27.839237,2026-09-10T14:50:23.686554,"{""batch_size"": 256, ""buffer_capacity"": 1000000, ""consistency_coef"": 20.0, ""discount_denom"": 5.0, ""discount_max"": 0.995, ""discount_min"": 0.95, ""dropout"": 0.01, ""enc_dim"": 256, ""enc_lr_scale"": 0.3, ""entropy_coef"": 0.0001, ""episode_length"": 1000, ""episodic"": true, ""grad_clip_norm"": 20.0, ""horizon"": 3, ""iterations"": 6, ""latent_dim"": 512, ""log_std_max"": 2.0, ""log_std_min"": -10.0, ""lr"": 0.0003, ""max_std"": 2.0, ""min_std"": 0.05, ""mlp_dim"": 512, ""num_bins"": 101, ""num_elites"": 64, ""num_enc_layers"": 2, ""num_pi_trajs"": 24, ""num_q"": 5, ""num_samples"": 512, ""reward_coef"": 0.1, ""rho"": 0.5, ""simnorm_dim"": 8, ""tau"": 0.01, ""temperature"": 0.5, ""termination_coef"": 1.0, ""updates_per_env_step"": 1, ""value_coef"": 0.1, ""vmax"": 10.0, ""vmin"": -10.0}"
tdmpc2,base,Ant-v5,958,results/tdmpc2/Ant-v5/seed_958/20260910_165024,20260910_165024,b5b7e54502412299ce94a5b46e9aa18c9a877308,2.13.0+cu130,3.3.0,NVIDIA GeForce RTX 5090,2000,2000,5000,100000,1000,2026-09-10T14:50:25.007051,2026-09-10T15:36:22.188816,"{""batch_size"": 256, ""buffer_capacity"": 1000000, ""consistency_coef"": 20.0, ""discount_denom"": 5.0, ""discount_max"": 0.995, ""discount_min"": 0.95, ""dropout"": 0.01, ""enc_dim"": 256, ""enc_lr_scale"": 0.3, ""entropy_coef"": 0.0001, ""episode_length"": 1000, ""episodic"": true, ""grad_clip_norm"": 20.0, ""horizon"": 3, ""iterations"": 6, ""latent_dim"": 512, ""log_std_max"": 2.0, ""log_std_min"": -10.0, ""lr"": 0.0003, ""max_std"": 2.0, ""min_std"": 0.05, ""mlp_dim"": 512, ""num_bins"": 101, ""num_elites"": 64, ""num_enc_layers"": 2, ""num_pi_trajs"": 24, ""num_q"": 5, ""num_samples"": 512, ""reward_coef"": 0.1, ""rho"": 0.5, ""simnorm_dim"": 8, ""tau"": 0.01, ""temperature"": 0.5, ""termination_coef"": 1.0, ""updates_per_env_step"": 1, ""value_coef"": 0.1, ""vmax"": 10.0, ""vmin"": -10.0}"
tdmpc2,base,Ant-v5,14577,results/tdmpc2/Ant-v5/seed_14577/20260910_173623,20260910_173623,b5b7e54502412299ce94a5b46e9aa18c9a877308,2.13.0+cu130,3.3.0,NVIDIA GeForce RTX 5090,2000,2000,5000,100000,1000,2026-09-10T15:36:23.505527,2026-09-10T16:22:36.684268,"{""batch_size"": 256, ""buffer_capacity"": 1000000, ""consistency_coef"": 20.0, ""discount_denom"": 5.0, ""discount_max"": 0.995, ""discount_min"": 0.95, ""dropout"": 0.01, ""enc_dim"": 256, ""enc_lr_scale"": 0.3, ""entropy_coef"": 0.0001, ""episode_length"": 1000, ""episodic"": true, ""grad_clip_norm"": 20.0, ""horizon"": 3, ""iterations"": 6, ""latent_dim"": 512, ""log_std_max"": 2.0, ""log_std_min"": -10.0, ""lr"": 0.0003, ""max_std"": 2.0, ""min_std"": 0.05, ""mlp_dim"": 512, ""num_bins"": 101, ""num_elites"": 64, ""num_enc_layers"": 2, ""num_pi_trajs"": 24, ""num_q"": 5, ""num_samples"": 512, ""reward_coef"": 0.1, ""rho"": 0.5, ""simnorm_dim"": 8, ""tau"": 0.01, ""temperature"": 0.5, ""termination_coef"": 1.0, ""updates_per_env_step"": 1, ""value_coef"": 0.1, ""vmax"": 10.0, ""vmin"": -10.0}"
tdmpc2,base,Ant-v5,43611,results/tdmpc2/Ant-v5/seed_43611/20260910_182237,20260910_182237,b5b7e54502412299ce94a5b46e9aa18c9a877308,2.13.0+cu130,3.3.0,NVIDIA GeForce RTX 5090,2000,2000,5000,100000,1000,2026-09-10T16:22:38.006570,2026-09-10T17:07:54.854889,"{""batch_size"": 256, ""buffer_capacity"": 1000000, ""consistency_coef"": 20.0, ""discount_denom"": 5.0, ""discount_max"": 0.995, ""discount_min"": 0.95, ""dropout"": 0.01, ""enc_dim"": 256, ""enc_lr_scale"": 0.3, ""entropy_coef"": 0.0001, ""episode_length"": 1000, ""episodic"": true, ""grad_clip_norm"": 20.0, ""horizon"": 3, ""iterations"": 6, ""latent_dim"": 512, ""log_std_max"": 2.0, ""log_std_min"": -10.0, ""lr"": 0.0003, ""max_std"": 2.0, ""min_std"": 0.05, ""mlp_dim"": 512, ""num_bins"": 101, ""num_elites"": 64, ""num_enc_layers"": 2, ""num_pi_trajs"": 24, ""num_q"": 5, ""num_samples"": 512, ""reward_coef"": 0.1, ""rho"": 0.5, ""simnorm_dim"": 8, ""tau"": 0.01, ""temperature"": 0.5, ""termination_coef"": 1.0, ""updates_per_env_step"": 1, ""value_coef"": 0.1, ""vmax"": 10.0, ""vmin"": -10.0}"
tdmpc2,base,Ant-v5,85062,results/tdmpc2/Ant-v5/seed_85062/20260910_190756,20260910_190756,b5b7e54502412299ce94a5b46e9aa18c9a877308,2.13.0+cu130,3.3.0,NVIDIA GeForce RTX 5090,2000,2000,5000,100000,1000,2026-09-10T17:07:56.177532,2026-09-10T17:53:11.846412,"{""batch_size"": 256, ""buffer_capacity"": 1000000, ""consistency_coef"": 20.0, ""discount_denom"": 5.0, ""discount_max"": 0.995, ""discount_min"": 0.95, ""dropout"": 0.01, ""enc_dim"": 256, ""enc_lr_scale"": 0.3, ""entropy_coef"": 0.0001, ""episode_length"": 1000, ""episodic"": true, ""grad_clip_norm"": 20.0, ""horizon"": 3, ""iterations"": 6, ""latent_dim"": 512, ""log_std_max"": 2.0, ""log_std_min"": -10.0, ""lr"": 0.0003, ""max_std"": 2.0, ""min_std"": 0.05, ""mlp_dim"": 512, ""num_bins"": 101, ""num_elites"": 64, ""num_enc_layers"": 2, ""num_pi_trajs"": 24, ""num_q"": 5, ""num_samples"": 512, ""reward_coef"": 0.1, ""rho"": 0.5, ""simnorm_dim"": 8, ""tau"": 0.01, ""temperature"": 0.5, ""termination_coef"": 1.0, ""updates_per_env_step"": 1, ""value_coef"": 0.1, ""vmax"": 10.0, ""vmin"": -10.0}"
tdmpc2,numq3,Ant-v5,331,results/tdmpc2/Ant-v5/seed_331/20260918_152411,20260918_152411,a3582b52d5d3a0c6617038fd647c67eee6a92a78,2.13.0+cu130,3.3.0,NVIDIA GeForce RTX 5090,2000,2000,5000,100000,1000,2026-09-18T13:24:12.065392,2026-09-18T14:05:04.310763,"{""batch_size"": 256, ""buffer_capacity"": 1000000, ""consistency_coef"": 20.0, ""discount_denom"": 5.0, ""discount_max"": 0.995, ""discount_min"": 0.95, ""dropout"": 0.01, ""enc_dim"": 256, ""enc_lr_scale"": 0.3, ""entropy_coef"": 0.0001, ""episode_length"": 1000, ""episodic"": true, ""grad_clip_norm"": 20.0, ""horizon"": 3, ""iterations"": 6, ""latent_dim"": 512, ""log_std_max"": 2.0, ""log_std_min"": -10.0, ""lr"": 0.0003, ""max_std"": 2.0, ""min_std"": 0.05, ""mlp_dim"": 512, ""num_bins"": 101, ""num_elites"": 64, ""num_enc_layers"": 2, ""num_pi_trajs"": 24, ""num_q"": 3, ""num_samples"": 512, ""reward_coef"": 0.1, ""rho"": 0.5, ""simnorm_dim"": 8, ""tau"": 0.01, ""temperature"": 0.5, ""termination_coef"": 1.0, ""updates_per_env_step"": 1, ""value_coef"": 0.1, ""vmax"": 10.0, ""vmin"": -10.0}"
tdmpc2,numq3,Ant-v5,958,results/tdmpc2/Ant-v5/seed_958/20260918_160505,20260918_160505,a3582b52d5d3a0c6617038fd647c67eee6a92a78,2.13.0+cu130,3.3.0,NVIDIA GeForce RTX 5090,2000,2000,5000,100000,1000,2026-09-18T14:05:05.629970,2026-09-18T14:45:50.299276,"{""batch_size"": 256, ""buffer_capacity"": 1000000, ""consistency_coef"": 20.0, ""discount_denom"": 5.0, ""discount_max"": 0.995, ""discount_min"": 0.95, ""dropout"": 0.01, ""enc_dim"": 256, ""enc_lr_scale"": 0.3, ""entropy_coef"": 0.0001, ""episode_length"": 1000, ""episodic"": true, ""grad_clip_norm"": 20.0, ""horizon"": 3, ""iterations"": 6, ""latent_dim"": 512, ""log_std_max"": 2.0, ""log_std_min"": -10.0, ""lr"": 0.0003, ""max_std"": 2.0, ""min_std"": 0.05, ""mlp_dim"": 512, ""num_bins"": 101, ""num_elites"": 64, ""num_enc_layers"": 2, ""num_pi_trajs"": 24, ""num_q"": 3, ""num_samples"": 512, ""reward_coef"": 0.1, ""rho"": 0.5, ""simnorm_dim"": 8, ""tau"": 0.01, ""temperature"": 0.5, ""termination_coef"": 1.0, ""updates_per_env_step"": 1, ""value_coef"": 0.1, ""vmax"": 10.0, ""vmin"": -10.0}"
tdmpc2,numq3,Ant-v5,14577,results/tdmpc2/Ant-v5/seed_14577/20260918_164551,20260918_164551,a3582b52d5d3a0c6617038fd647c67eee6a92a78,2.13.0+cu130,3.3.0,NVIDIA GeForce RTX 5090,2000,2000,5000,100000,1000,2026-09-18T14:45:51.631468,2026-09-18T15:25:54.327112,"{""batch_size"": 256, ""buffer_capacity"": 1000000, ""consistency_coef"": 20.0, ""discount_denom"": 5.0, ""discount_max"": 0.995, ""discount_min"": 0.95, ""dropout"": 0.01, ""enc_dim"": 256, ""enc_lr_scale"": 0.3, ""entropy_coef"": 0.0001, ""episode_length"": 1000, ""episodic"": true, ""grad_clip_norm"": 20.0, ""horizon"": 3, ""iterations"": 6, ""latent_dim"": 512, ""log_std_max"": 2.0, ""log_std_min"": -10.0, ""lr"": 0.0003, ""max_std"": 2.0, ""min_std"": 0.05, ""mlp_dim"": 512, ""num_bins"": 101, ""num_elites"": 64, ""num_enc_layers"": 2, ""num_pi_trajs"": 24, ""num_q"": 3, ""num_samples"": 512, ""reward_coef"": 0.1, ""rho"": 0.5, ""simnorm_dim"": 8, ""tau"": 0.01, ""temperature"": 0.5, ""termination_coef"": 1.0, ""updates_per_env_step"": 1, ""value_coef"": 0.1, ""vmax"": 10.0, ""vmin"": -10.0}"
tdmpc2,numq3,Ant-v5,43611,results/tdmpc2/Ant-v5/seed_43611/20260918_172555,20260918_172555,a3582b52d5d3a0c6617038fd647c67eee6a92a78,2.13.0+cu130,3.3.0,NVIDIA GeForce RTX 5090,2000,2000,5000,100000,1000,2026-09-18T15:25:55.650521,2026-09-18T16:06:07.621838,"{""batch_size"": 256, ""buffer_capacity"": 1000000, ""consistency_coef"": 20.0, ""discount_denom"": 5.0, ""discount_max"": 0.995, ""discount_min"": 0.95, ""dropout"": 0.01, ""enc_dim"": 256, ""enc_lr_scale"": 0.3, ""entropy_coef"": 0.0001, ""episode_length"": 1000, ""episodic"": true, ""grad_clip_norm"": 20.0, ""horizon"": 3, ""iterations"": 6, ""latent_dim"": 512, ""log_std_max"": 2.0, ""log_std_min"": -10.0, ""lr"": 0.0003, ""max_std"": 2.0, ""min_std"": 0.05, ""mlp_dim"": 512, ""num_bins"": 101, ""num_elites"": 64, ""num_enc_layers"": 2, ""num_pi_trajs"": 24, ""num_q"": 3, ""num_samples"": 512, ""reward_coef"": 0.1, ""rho"": 0.5, ""simnorm_dim"": 8, ""tau"": 0.01, ""temperature"": 0.5, ""termination_coef"": 1.0, ""updates_per_env_step"": 1, ""value_coef"": 0.1, ""vmax"": 10.0, ""vmin"": -10.0}"
tdmpc2,numq3,Ant-v5,85062,results/tdmpc2/Ant-v5/seed_85062/20260918_180608,20260918_180608,a3582b52d5d3a0c6617038fd647c67eee6a92a78,2.13.0+cu130,3.3.0,NVIDIA GeForce RTX 5090,2000,2000,5000,100000,1000,2026-09-18T16:06:08.954397,2026-09-18T16:47:00.040020,"{""batch_size"": 256, ""buffer_capacity"": 1000000, ""consistency_coef"": 20.0, ""discount_denom"": 5.0, ""discount_max"": 0.995, ""discount_min"": 0.95, ""dropout"": 0.01, ""enc_dim"": 256, ""enc_lr_scale"": 0.3, ""entropy_coef"": 0.0001, ""episode_length"": 1000, ""episodic"": true, ""grad_clip_norm"": 20.0, ""horizon"": 3, ""iterations"": 6, ""latent_dim"": 512, ""log_std_max"": 2.0, ""log_std_min"": -10.0, ""lr"": 0.0003, ""max_std"": 2.0, ""min_std"": 0.05, ""mlp_dim"": 512, ""num_bins"": 101, ""num_elites"": 64, ""num_enc_layers"": 2, ""num_pi_trajs"": 24, ""num_q"": 3, ""num_samples"": 512, ""reward_coef"": 0.1, ""rho"": 0.5, ""simnorm_dim"": 8, ""tau"": 0.01, ""temperature"": 0.5, ""termination_coef"": 1.0, ""updates_per_env_step"": 1, ""value_coef"": 0.1, ""vmax"": 10.0, ""vmin"": -10.0}"
tdmpc2,numq7,Ant-v5,331,results/tdmpc2/Ant-v5/seed_331/20260918_225219,20260918_225219,a3582b52d5d3a0c6617038fd647c67eee6a92a78,2.13.0+cu130,3.3.0,NVIDIA GeForce RTX 5090,2000,2000,5000,100000,1000,2026-09-18T20:52:19.770542,2026-09-18T21:45:59.489884,"{""batch_size"": 256, ""buffer_capacity"": 1000000, ""consistency_coef"": 20.0, ""discount_denom"": 5.0, ""discount_max"": 0.995, ""discount_min"": 0.95, ""dropout"": 0.01, ""enc_dim"": 256, ""enc_lr_scale"": 0.3, ""entropy_coef"": 0.0001, ""episode_length"": 1000, ""episodic"": true, ""grad_clip_norm"": 20.0, ""horizon"": 3, ""iterations"": 6, ""latent_dim"": 512, ""log_std_max"": 2.0, ""log_std_min"": -10.0, ""lr"": 0.0003, ""max_std"": 2.0, ""min_std"": 0.05, ""mlp_dim"": 512, ""num_bins"": 101, ""num_elites"": 64, ""num_enc_layers"": 2, ""num_pi_trajs"": 24, ""num_q"": 7, ""num_samples"": 512, ""reward_coef"": 0.1, ""rho"": 0.5, ""simnorm_dim"": 8, ""tau"": 0.01, ""temperature"": 0.5, ""termination_coef"": 1.0, ""updates_per_env_step"": 1, ""value_coef"": 0.1, ""vmax"": 10.0, ""vmin"": -10.0}"
tdmpc2,numq7,Ant-v5,958,results/tdmpc2/Ant-v5/seed_958/20260918_234600,20260918_234600,a3582b52d5d3a0c6617038fd647c67eee6a92a78,2.13.0+cu130,3.3.0,NVIDIA GeForce RTX 5090,2000,2000,5000,100000,1000,2026-09-18T21:46:00.831722,2026-09-18T22:39:38.166322,"{""batch_size"": 256, ""buffer_capacity"": 1000000, ""consistency_coef"": 20.0, ""discount_denom"": 5.0, ""discount_max"": 0.995, ""discount_min"": 0.95, ""dropout"": 0.01, ""enc_dim"": 256, ""enc_lr_scale"": 0.3, ""entropy_coef"": 0.0001, ""episode_length"": 1000, ""episodic"": true, ""grad_clip_norm"": 20.0, ""horizon"": 3, ""iterations"": 6, ""latent_dim"": 512, ""log_std_max"": 2.0, ""log_std_min"": -10.0, ""lr"": 0.0003, ""max_std"": 2.0, ""min_std"": 0.05, ""mlp_dim"": 512, ""num_bins"": 101, ""num_elites"": 64, ""num_enc_layers"": 2, ""num_pi_trajs"": 24, ""num_q"": 7, ""num_samples"": 512, ""reward_coef"": 0.1, ""rho"": 0.5, ""simnorm_dim"": 8, ""tau"": 0.01, ""temperature"": 0.5, ""termination_coef"": 1.0, ""updates_per_env_step"": 1, ""value_coef"": 0.1, ""vmax"": 10.0, ""vmin"": -10.0}"
tdmpc2,numq7,Ant-v5,14577,results/tdmpc2/Ant-v5/seed_14577/20260919_003939,20260919_003939,a3582b52d5d3a0c6617038fd647c67eee6a92a78,2.13.0+cu130,3.3.0,NVIDIA GeForce RTX 5090,2000,2000,5000,100000,1000,2026-09-18T22:39:39.496798,2026-09-18T23:33:43.738842,"{""batch_size"": 256, ""buffer_capacity"": 1000000, ""consistency_coef"": 20.0, ""discount_denom"": 5.0, ""discount_max"": 0.995, ""discount_min"": 0.95, ""dropout"": 0.01, ""enc_dim"": 256, ""enc_lr_scale"": 0.3, ""entropy_coef"": 0.0001, ""episode_length"": 1000, ""episodic"": true, ""grad_clip_norm"": 20.0, ""horizon"": 3, ""iterations"": 6, ""latent_dim"": 512, ""log_std_max"": 2.0, ""log_std_min"": -10.0, ""lr"": 0.0003, ""max_std"": 2.0, ""min_std"": 0.05, ""mlp_dim"": 512, ""num_bins"": 101, ""num_elites"": 64, ""num_enc_layers"": 2, ""num_pi_trajs"": 24, ""num_q"": 7, ""num_samples"": 512, ""reward_coef"": 0.1, ""rho"": 0.5, ""simnorm_dim"": 8, ""tau"": 0.01, ""temperature"": 0.5, ""termination_coef"": 1.0, ""updates_per_env_step"": 1, ""value_coef"": 0.1, ""vmax"": 10.0, ""vmin"": -10.0}"
tdmpc2,numq7,Ant-v5,43611,results/tdmpc2/Ant-v5/seed_43611/20260919_013344,20260919_013344,a3582b52d5d3a0c6617038fd647c67eee6a92a78,2.13.0+cu130,3.3.0,NVIDIA GeForce RTX 5090,2000,2000,5000,100000,1000,2026-09-18T23:33:45.100605,2026-09-19T00:26:36.899066,"{""batch_size"": 256, ""buffer_capacity"": 1000000, ""consistency_coef"": 20.0, ""discount_denom"": 5.0, ""discount_max"": 0.995, ""discount_min"": 0.95, ""dropout"": 0.01, ""enc_dim"": 256, ""enc_lr_scale"": 0.3, ""entropy_coef"": 0.0001, ""episode_length"": 1000, ""episodic"": true, ""grad_clip_norm"": 20.0, ""horizon"": 3, ""iterations"": 6, ""latent_dim"": 512, ""log_std_max"": 2.0, ""log_std_min"": -10.0, ""lr"": 0.0003, ""max_std"": 2.0, ""min_std"": 0.05, ""mlp_dim"": 512, ""num_bins"": 101, ""num_elites"": 64, ""num_enc_layers"": 2, ""num_pi_trajs"": 24, ""num_q"": 7, ""num_samples"": 512, ""reward_coef"": 0.1, ""rho"": 0.5, ""simnorm_dim"": 8, ""tau"": 0.01, ""temperature"": 0.5, ""termination_coef"": 1.0, ""updates_per_env_step"": 1, ""value_coef"": 0.1, ""vmax"": 10.0, ""vmin"": -10.0}"
tdmpc2,numq7,Ant-v5,85062,results/tdmpc2/Ant-v5/seed_85062/20260919_022638,20260919_022638,a3582b52d5d3a0c6617038fd647c67eee6a92a78,2.13.0+cu130,3.3.0,NVIDIA GeForce RTX 5090,2000,2000,5000,100000,1000,2026-09-19T00:26:38.243711,2026-09-19T01:20:11.051038,"{""batch_size"": 256, ""buffer_capacity"": 1000000, ""consistency_coef"": 20.0, ""discount_denom"": 5.0, ""discount_max"": 0.995, ""discount_min"": 0.95, ""dropout"": 0.01, ""enc_dim"": 256, ""enc_lr_scale"": 0.3, ""entropy_coef"": 0.0001, ""episode_length"": 1000, ""episodic"": true, ""grad_clip_norm"": 20.0, ""horizon"": 3, ""iterations"": 6, ""latent_dim"": 512, ""log_std_max"": 2.0, ""log_std_min"": -10.0, ""lr"": 0.0003, ""max_std"": 2.0, ""min_std"": 0.05, ""mlp_dim"": 512, ""num_bins"": 101, ""num_elites"": 64, ""num_enc_layers"": 2, ""num_pi_trajs"": 24, ""num_q"": 7, ""num_samples"": 512, ""reward_coef"": 0.1, ""rho"": 0.5, ""simnorm_dim"": 8, ""tau"": 0.01, ""temperature"": 0.5, ""termination_coef"": 1.0, ""updates_per_env_step"": 1, ""value_coef"": 0.1, ""vmax"": 10.0, ""vmin"": -10.0}"
tdmpc2,hor1,Ant-v5,331,results/tdmpc2/Ant-v5/seed_331/20260919_060040,20260919_060040,a3582b52d5d3a0c6617038fd647c67eee6a92a78,2.13.0+cu130,3.3.0,NVIDIA GeForce RTX 5090,2000,2000,5000,100000,1000,2026-09-19T04:00:40.605994,2026-09-19T04:34:22.429777,"{""batch_size"": 256, ""buffer_capacity"": 1000000, ""consistency_coef"": 20.0, ""discount_denom"": 5.0, ""discount_max"": 0.995, ""discount_min"": 0.95, ""dropout"": 0.01, ""enc_dim"": 256, ""enc_lr_scale"": 0.3, ""entropy_coef"": 0.0001, ""episode_length"": 1000, ""episodic"": true, ""grad_clip_norm"": 20.0, ""horizon"": 1, ""iterations"": 6, ""latent_dim"": 512, ""log_std_max"": 2.0, ""log_std_min"": -10.0, ""lr"": 0.0003, ""max_std"": 2.0, ""min_std"": 0.05, ""mlp_dim"": 512, ""num_bins"": 101, ""num_elites"": 64, ""num_enc_layers"": 2, ""num_pi_trajs"": 24, ""num_q"": 5, ""num_samples"": 512, ""reward_coef"": 0.1, ""rho"": 0.5, ""simnorm_dim"": 8, ""tau"": 0.01, ""temperature"": 0.5, ""termination_coef"": 1.0, ""updates_per_env_step"": 1, ""value_coef"": 0.1, ""vmax"": 10.0, ""vmin"": -10.0}"
tdmpc2,hor1,Ant-v5,958,results/tdmpc2/Ant-v5/seed_958/20260919_063423,20260919_063423,a3582b52d5d3a0c6617038fd647c67eee6a92a78,2.13.0+cu130,3.3.0,NVIDIA GeForce RTX 5090,2000,2000,5000,100000,1000,2026-09-19T04:34:23.771965,2026-09-19T05:08:54.222030,"{""batch_size"": 256, ""buffer_capacity"": 1000000, ""consistency_coef"": 20.0, ""discount_denom"": 5.0, ""discount_max"": 0.995, ""discount_min"": 0.95, ""dropout"": 0.01, ""enc_dim"": 256, ""enc_lr_scale"": 0.3, ""entropy_coef"": 0.0001, ""episode_length"": 1000, ""episodic"": true, ""grad_clip_norm"": 20.0, ""horizon"": 1, ""iterations"": 6, ""latent_dim"": 512, ""log_std_max"": 2.0, ""log_std_min"": -10.0, ""lr"": 0.0003, ""max_std"": 2.0, ""min_std"": 0.05, ""mlp_dim"": 512, ""num_bins"": 101, ""num_elites"": 64, ""num_enc_layers"": 2, ""num_pi_trajs"": 24, ""num_q"": 5, ""num_samples"": 512, ""reward_coef"": 0.1, ""rho"": 0.5, ""simnorm_dim"": 8, ""tau"": 0.01, ""temperature"": 0.5, ""termination_coef"": 1.0, ""updates_per_env_step"": 1, ""value_coef"": 0.1, ""vmax"": 10.0, ""vmin"": -10.0}"
tdmpc2,hor1,Ant-v5,14577,results/tdmpc2/Ant-v5/seed_14577/20260919_070855,20260919_070855,a3582b52d5d3a0c6617038fd647c67eee6a92a78,2.13.0+cu130,3.3.0,NVIDIA GeForce RTX 5090,2000,2000,5000,100000,1000,2026-09-19T05:08:55.530991,2026-09-19T05:43:02.202825,"{""batch_size"": 256, ""buffer_capacity"": 1000000, ""consistency_coef"": 20.0, ""discount_denom"": 5.0, ""discount_max"": 0.995, ""discount_min"": 0.95, ""dropout"": 0.01, ""enc_dim"": 256, ""enc_lr_scale"": 0.3, ""entropy_coef"": 0.0001, ""episode_length"": 1000, ""episodic"": true, ""grad_clip_norm"": 20.0, ""horizon"": 1, ""iterations"": 6, ""latent_dim"": 512, ""log_std_max"": 2.0, ""log_std_min"": -10.0, ""lr"": 0.0003, ""max_std"": 2.0, ""min_std"": 0.05, ""mlp_dim"": 512, ""num_bins"": 101, ""num_elites"": 64, ""num_enc_layers"": 2, ""num_pi_trajs"": 24, ""num_q"": 5, ""num_samples"": 512, ""reward_coef"": 0.1, ""rho"": 0.5, ""simnorm_dim"": 8, ""tau"": 0.01, ""temperature"": 0.5, ""termination_coef"": 1.0, ""updates_per_env_step"": 1, ""value_coef"": 0.1, ""vmax"": 10.0, ""vmin"": -10.0}"
tdmpc2,hor1,Ant-v5,43611,results/tdmpc2/Ant-v5/seed_43611/20260919_074303,20260919_074303,a3582b52d5d3a0c6617038fd647c67eee6a92a78,2.13.0+cu130,3.3.0,NVIDIA GeForce RTX 5090,2000,2000,5000,100000,1000,2026-09-19T05:43:03.560722,2026-09-19T06:16:55.856168,"{""batch_size"": 256, ""buffer_capacity"": 1000000, ""consistency_coef"": 20.0, ""discount_denom"": 5.0, ""discount_max"": 0.995, ""discount_min"": 0.95, ""dropout"": 0.01, ""enc_dim"": 256, ""enc_lr_scale"": 0.3, ""entropy_coef"": 0.0001, ""episode_length"": 1000, ""episodic"": true, ""grad_clip_norm"": 20.0, ""horizon"": 1, ""iterations"": 6, ""latent_dim"": 512, ""log_std_max"": 2.0, ""log_std_min"": -10.0, ""lr"": 0.0003, ""max_std"": 2.0, ""min_std"": 0.05, ""mlp_dim"": 512, ""num_bins"": 101, ""num_elites"": 64, ""num_enc_layers"": 2, ""num_pi_trajs"": 24, ""num_q"": 5, ""num_samples"": 512, ""reward_coef"": 0.1, ""rho"": 0.5, ""simnorm_dim"": 8, ""tau"": 0.01, ""temperature"": 0.5, ""termination_coef"": 1.0, ""updates_per_env_step"": 1, ""value_coef"": 0.1, ""vmax"": 10.0, ""vmin"": -10.0}"
tdmpc2,hor1,Ant-v5,85062,results/tdmpc2/Ant-v5/seed_85062/20260919_081657,20260919_081657,a3582b52d5d3a0c6617038fd647c67eee6a92a78,2.13.0+cu130,3.3.0,NVIDIA GeForce RTX 5090,2000,2000,5000,100000,1000,2026-09-19T06:16:57.204094,2026-09-19T06:51:36.321764,"{""batch_size"": 256, ""buffer_capacity"": 1000000, ""consistency_coef"": 20.0, ""discount_denom"": 5.0, ""discount_max"": 0.995, ""discount_min"": 0.95, ""dropout"": 0.01, ""enc_dim"": 256, ""enc_lr_scale"": 0.3, ""entropy_coef"": 0.0001, ""episode_length"": 1000, ""episodic"": true, ""grad_clip_norm"": 20.0, ""horizon"": 1, ""iterations"": 6, ""latent_dim"": 512, ""log_std_max"": 2.0, ""log_std_min"": -10.0, ""lr"": 0.0003, ""max_std"": 2.0, ""min_std"": 0.05, ""mlp_dim"": 512, ""num_bins"": 101, ""num_elites"": 64, ""num_enc_layers"": 2, ""num_pi_trajs"": 24, ""num_q"": 5, ""num_samples"": 512, ""reward_coef"": 0.1, ""rho"": 0.5, ""simnorm_dim"": 8, ""tau"": 0.01, ""temperature"": 0.5, ""termination_coef"": 1.0, ""updates_per_env_step"": 1, ""value_coef"": 0.1, ""vmax"": 10.0, ""vmin"": -10.0}"
tdmpc2,hor5,Ant-v5,331,results/tdmpc2/Ant-v5/seed_331/20260919_131626,20260919_131626,a3582b52d5d3a0c6617038fd647c67eee6a92a78,2.13.0+cu130,3.3.0,NVIDIA GeForce RTX 5090,2000,2000,5000,100000,1000,2026-09-19T11:16:26.597347,2026-09-19T12:15:32.904858,"{""batch_size"": 256, ""buffer_capacity"": 1000000, ""consistency_coef"": 20.0, ""discount_denom"": 5.0, ""discount_max"": 0.995, ""discount_min"": 0.95, ""dropout"": 0.01, ""enc_dim"": 256, ""enc_lr_scale"": 0.3, ""entropy_coef"": 0.0001, ""episode_length"": 1000, ""episodic"": true, ""grad_clip_norm"": 20.0, ""horizon"": 5, ""iterations"": 6, ""latent_dim"": 512, ""log_std_max"": 2.0, ""log_std_min"": -10.0, ""lr"": 0.0003, ""max_std"": 2.0, ""min_std"": 0.05, ""mlp_dim"": 512, ""num_bins"": 101, ""num_elites"": 64, ""num_enc_layers"": 2, ""num_pi_trajs"": 24, ""num_q"": 5, ""num_samples"": 512, ""reward_coef"": 0.1, ""rho"": 0.5, ""simnorm_dim"": 8, ""tau"": 0.01, ""temperature"": 0.5, ""termination_coef"": 1.0, ""updates_per_env_step"": 1, ""value_coef"": 0.1, ""vmax"": 10.0, ""vmin"": -10.0}"
tdmpc2,hor5,Ant-v5,958,results/tdmpc2/Ant-v5/seed_958/20260919_141534,20260919_141534,a3582b52d5d3a0c6617038fd647c67eee6a92a78,2.13.0+cu130,3.3.0,NVIDIA GeForce RTX 5090,2000,2000,5000,100000,1000,2026-09-19T12:15:34.264203,2026-09-19T13:15:36.585746,"{""batch_size"": 256, ""buffer_capacity"": 1000000, ""consistency_coef"": 20.0, ""discount_denom"": 5.0, ""discount_max"": 0.995, ""discount_min"": 0.95, ""dropout"": 0.01, ""enc_dim"": 256, ""enc_lr_scale"": 0.3, ""entropy_coef"": 0.0001, ""episode_length"": 1000, ""episodic"": true, ""grad_clip_norm"": 20.0, ""horizon"": 5, ""iterations"": 6, ""latent_dim"": 512, ""log_std_max"": 2.0, ""log_std_min"": -10.0, ""lr"": 0.0003, ""max_std"": 2.0, ""min_std"": 0.05, ""mlp_dim"": 512, ""num_bins"": 101, ""num_elites"": 64, ""num_enc_layers"": 2, ""num_pi_trajs"": 24, ""num_q"": 5, ""num_samples"": 512, ""reward_coef"": 0.1, ""rho"": 0.5, ""simnorm_dim"": 8, ""tau"": 0.01, ""temperature"": 0.5, ""termination_coef"": 1.0, ""updates_per_env_step"": 1, ""value_coef"": 0.1, ""vmax"": 10.0, ""vmin"": -10.0}"
tdmpc2,hor5,Ant-v5,14577,results/tdmpc2/Ant-v5/seed_14577/20260919_151537,20260919_151537,a3582b52d5d3a0c6617038fd647c67eee6a92a78,2.13.0+cu130,3.3.0,NVIDIA GeForce RTX 5090,2000,2000,5000,100000,1000,2026-09-19T13:15:37.916996,2026-09-19T14:14:09.129728,"{""batch_size"": 256, ""buffer_capacity"": 1000000, ""consistency_coef"": 20.0, ""discount_denom"": 5.0, ""discount_max"": 0.995, ""discount_min"": 0.95, ""dropout"": 0.01, ""enc_dim"": 256, ""enc_lr_scale"": 0.3, ""entropy_coef"": 0.0001, ""episode_length"": 1000, ""episodic"": true, ""grad_clip_norm"": 20.0, ""horizon"": 5, ""iterations"": 6, ""latent_dim"": 512, ""log_std_max"": 2.0, ""log_std_min"": -10.0, ""lr"": 0.0003, ""max_std"": 2.0, ""min_std"": 0.05, ""mlp_dim"": 512, ""num_bins"": 101, ""num_elites"": 64, ""num_enc_layers"": 2, ""num_pi_trajs"": 24, ""num_q"": 5, ""num_samples"": 512, ""reward_coef"": 0.1, ""rho"": 0.5, ""simnorm_dim"": 8, ""tau"": 0.01, ""temperature"": 0.5, ""termination_coef"": 1.0, ""updates_per_env_step"": 1, ""value_coef"": 0.1, ""vmax"": 10.0, ""vmin"": -10.0}"
tdmpc2,hor5,Ant-v5,43611,results/tdmpc2/Ant-v5/seed_43611/20260919_161410,20260919_161410,a3582b52d5d3a0c6617038fd647c67eee6a92a78,2.13.0+cu130,3.3.0,NVIDIA GeForce RTX 5090,2000,2000,5000,100000,1000,2026-09-19T14:14:10.448431,2026-09-19T15:12:15.744410,"{""batch_size"": 256, ""buffer_capacity"": 1000000, ""consistency_coef"": 20.0, ""discount_denom"": 5.0, ""discount_max"": 0.995, ""discount_min"": 0.95, ""dropout"": 0.01, ""enc_dim"": 256, ""enc_lr_scale"": 0.3, ""entropy_coef"": 0.0001, ""episode_length"": 1000, ""episodic"": true, ""grad_clip_norm"": 20.0, ""horizon"": 5, ""iterations"": 6, ""latent_dim"": 512, ""log_std_max"": 2.0, ""log_std_min"": -10.0, ""lr"": 0.0003, ""max_std"": 2.0, ""min_std"": 0.05, ""mlp_dim"": 512, ""num_bins"": 101, ""num_elites"": 64, ""num_enc_layers"": 2, ""num_pi_trajs"": 24, ""num_q"": 5, ""num_samples"": 512, ""reward_coef"": 0.1, ""rho"": 0.5, ""simnorm_dim"": 8, ""tau"": 0.01, ""temperature"": 0.5, ""termination_coef"": 1.0, ""updates_per_env_step"": 1, ""value_coef"": 0.1, ""vmax"": 10.0, ""vmin"": -10.0}"
tdmpc2,hor5,Ant-v5,85062,results/tdmpc2/Ant-v5/seed_85062/20260919_171216,20260919_171216,a3582b52d5d3a0c6617038fd647c67eee6a92a78,2.13.0+cu130,3.3.0,NVIDIA GeForce RTX 5090,2000,2000,5000,100000,1000,2026-09-19T15:12:17.106425,2026-09-19T16:10:36.823017,"{""batch_size"": 256, ""buffer_capacity"": 1000000, ""consistency_coef"": 20.0, ""discount_denom"": 5.0, ""discount_max"": 0.995, ""discount_min"": 0.95, ""dropout"": 0.01, ""enc_dim"": 256, ""enc_lr_scale"": 0.3, ""entropy_coef"": 0.0001, ""episode_length"": 1000, ""episodic"": true, ""grad_clip_norm"": 20.0, ""horizon"": 5, ""iterations"": 6, ""latent_dim"": 512, ""log_std_max"": 2.0, ""log_std_min"": -10.0, ""lr"": 0.0003, ""max_std"": 2.0, ""min_std"": 0.05, ""mlp_dim"": 512, ""num_bins"": 101, ""num_elites"": 64, ""num_enc_layers"": 2, ""num_pi_trajs"": 24, ""num_q"": 5, ""num_samples"": 512, ""reward_coef"": 0.1, ""rho"": 0.5, ""simnorm_dim"": 8, ""tau"": 0.01, ""temperature"": 0.5, ""termination_coef"": 1.0, ""updates_per_env_step"": 1, ""value_coef"": 0.1, ""vmax"": 10.0, ""vmin"": -10.0}"
