level,env,algo,segment,n,spearman_rho,spearman_p,spearman_p_exact_perm,loglog_slope,loglog_slope_se,loglog_intercept,loglog_r2,flops_min,flops_max,flops_range_orders
pooled,HalfCheetah-v5,all,rollout,27,0.8835967934699324,1.0229898424562004e-09,,0.423138855505069,0.019997554604303032,-1.3736745335907572,0.9471152095168067,14284800000.0,6336988006400000.0,5.647008720916015
pooled,HalfCheetah-v5,all,gradient_updates,27,0.842094365854719,3.6580915645461034e-08,,0.3770959115724733,0.05914130788837012,-0.75352925563599,0.6192259419109164,16194560000000.0,6394177126400000.0,2.5964155096904484
pooled,HalfCheetah-v5,all,dynamics_model_update,7,0.9642857142857145,0.00045414916919416935,0.002777777777777778,1.1175018544838309,0.11966764813903905,-10.934448861561016,0.9457731955734361,241653980400000.0,262168090800000.0,0.03538587838473573
pooled,HalfCheetah-v5,all,synthetic_rollout_generation,7,0.8017837257372733,0.030099247897462524,0.047619047619047616,0.3918492258536692,0.1044139384270776,-3.0662651398072915,0.7379981997999544,1971208800000.0,3961726560000.0,0.3031518677581396
pooled,HalfCheetah-v5,all,world_model_pretrain,5,0.9999999999999999,1.4042654220543602e-24,0.016666666666666666,0.5094391208951555,0.05338870827629157,-3.262677027093648,0.9681024863202035,79346401280000.0,319708856320000.0,0.6052274326095077
pooled,Ant-v5,all,rollout,29,0.8834055164761573,2.2072385185394386e-10,,0.38154261190320693,0.015489659804694546,-0.6683950883058647,0.9573957502521889,18892800000.0,7959942400000000.0,5.62461359795797
pooled,Ant-v5,all,gradient_updates,29,0.8689484431048277,9.784510157802343e-10,,0.39838771927488453,0.05789513366866595,-1.0819474268268783,0.636856866326597,20346880000000.0,6817670758400000.0,2.5251382005321203
pooled,Ant-v5,all,dynamics_model_update,9,0.65,0.058073058017148654,0.06656194885361552,1.1484562980185833,0.2983530284704417,-11.552890783135943,0.6791531835177377,415040739904000.0,456382273424000.0,0.041238038788088495
pooled,Ant-v5,all,synthetic_rollout_generation,9,0.9333333333333332,0.00023589981215941651,0.0007495590828924162,0.7934844808569754,0.0579577417452594,-7.964097443018527,0.9639985128997167,4885610400000.0,46106122214800.0,0.974839765665794
pooled,Ant-v5,all,world_model_pretrain,5,0.8999999999999998,0.03738607346849874,0.08333333333333333,0.48814262325595054,0.07265355019574654,-2.957881782720065,0.9376842136709023,83707166720000.0,340883537920000.0,0.609843386231362
