algo,env,width,batch,utd,horizon,num_q,rollout_regime,config,seed,total_E,total_F,gradient_updates_E,gradient_updates_F,rollout_E,rollout_F,dynamics_model_update_E,dynamics_model_update_F,synthetic_rollout_generation_E,synthetic_rollout_generation_F,world_model_pretrain_E,world_model_pretrain_F,recon_err
mbpo,Ant-v5,1024.0,256,1,,,rl1-25_re20-100,base,14577,230085.70401473224,1367970338963360.0,60101.52846843624,938737664000000.0,4268.026163598973,234496000000.0,164914.32798673114,381730312880000.0,801.8213959658983,47267866083360.0,,,0.0
mbpo,Ant-v5,256.0,256,1,,,rl1-25_re20-100,w256,14577,230878.9272543163,529239758632576.0,44606.568285893045,73623142400000.0,3999.0506497009055,19302400000.0,181713.86391421227,429993426240000.0,559.4444045101354,25603887592576.0,,,2.5211335484658963e-16
mbpo,Ant-v5,512.0,256,1,,,rl1-25_re20-100,w512,14577,200157.1836785716,646012859846064.0,47742.46692848825,254620467200000.0,4161.809343383648,64819200000.0,147568.44430515243,360045288400000.0,684.4631015472626,31282285046064.0,,,0.0
mbpo,Ant-v5,1024.0,256,2,,,rl1-25_re20-100,utd2,14577,288277.6886566192,2318141089273280.0,121225.2206521199,1877475328000000.0,4268.308747876549,234496000000.0,161970.55260278724,393486629200000.0,813.6066538355352,46944636073280.0,,,2.019152477068776e-16
mbpo,Ant-v5,1024.0,256,4,,,rl1-25_re20-100,utd4,14577,404618.5221995264,4197461842748880.0,236363.53993628596,3754950656000000.0,4084.461031939417,234496000000.0,163433.8953897044,397452927760000.0,736.6258415966361,44823762988880.0,,,1.4385812245333622e-16
mbpo,Ant-v5,1024.0,512,1,,,rl1-25_re20-100,b512,14577,222504.69797567988,2289242113383040.0,72219.31442719867,1877475328000000.0,4121.065965173585,234496000000.0,145377.33174423745,363804198800000.0,786.9858390701843,47728090583040.0,,,0.0
mbpo,Ant-v5,1024.0,1024,1,,,rl1-25_re20-100,b1024,14577,251292.77638835044,4198279873009440.0,84725.20082346917,3754950656000000.0,4186.679752768686,234496000000.0,161654.39560632105,398211190720000.0,726.5002057915228,44883530289440.0,,,0.0
mbpo,Ant-v5,1024.0,256,1,,,rl1-1_re20-100,rollout1,14577,236607.05302208712,1368737782320000.0,60672.124448902025,938737664000000.0,4291.46368217748,234496000000.0,171545.18581845102,424880011920000.0,98.27907255658442,4885610400000.0,,,0.0
mbpo,Ant-v5,1024.0,256,1,,,rl1-15_re20-100,rollout15,14577,233031.3632519077,1377508452503040.0,60170.28375308306,938737664000000.0,4221.457959828606,234496000000.0,168224.87291209024,408470423760000.0,414.7486269057864,30065868743040.0,,,0.0
mbpo,Ant-v5,1024.0,256,1,,,rl1-25_re20-100,base,331,276240.7941380239,1469301544167920.0,59582.61498861839,938737664000000.0,4307.002310703654,234496000000.0,211639.94568076028,484342085920000.0,711.2311579415615,45987298247920.0,,,0.0
mbpo,Ant-v5,256.0,256,1,,,rl1-25_re20-100,w256,331,239827.503069641,558715174071488.0,44644.79694081394,73623142400000.0,4121.521547087527,19302400000.0,190465.40078640365,458982402480000.0,595.7837953358967,26090326791488.0,,,0.0
mbpo,Ant-v5,512.0,256,1,,,rl1-25_re20-100,w512,331,248393.10332726463,761512163971136.0,47324.08823436839,254620467200000.0,4120.049440218248,64819200000.0,196307.93149290697,476487259360000.0,641.0341597710739,30339618211136.0,,,2.343368641631617e-16
mbpo,Ant-v5,1024.0,256,2,,,rl1-25_re20-100,utd2,331,329599.2171401468,2412352477573120.0,118567.97543051855,1877475328000000.0,4205.116277140886,234496000000.0,206124.4355239061,488852778400000.0,701.6899085812983,45789875173120.0,,,1.7660133242585127e-16
mbpo,Ant-v5,1024.0,256,4,,,rl1-25_re20-100,utd4,331,425043.2031716301,4239624740492560.0,234624.48290178124,3754950656000000.0,4209.1769622589,234496000000.0,185458.08641904665,438515783440000.0,751.4568885432664,45923805052560.0,,,0.0
mbpo,Ant-v5,1024.0,512,1,,,rl1-25_re20-100,b512,331,242984.56719536183,2319679280850400.0,71395.91441499827,1877475328000000.0,4093.042454905996,234496000000.0,166796.19534647552,397187211680000.0,699.414978982072,44782245170400.0,,,1.1977645655715228e-16
mbpo,Ant-v5,1024.0,1024,1,,,rl1-25_re20-100,b1024,331,255635.322760514,4215581449358800.0,85073.99989815839,3754950656000000.0,4159.392535193307,234496000000.0,165717.79172554318,413940286480000.0,684.1386016191211,46456010878800.0,,,1.1384901797784396e-16
mbpo,Ant-v5,1024.0,256,1,,,rl1-1_re20-100,rollout1,331,243852.92540954024,1378310042080000.0,59656.40711796418,938737664000000.0,4248.569579942184,234496000000.0,179798.62222280976,434452271680000.0,149.32648882411007,4885610400000.0,,,1.19349933603852e-16
mbpo,Ant-v5,1024.0,256,1,,,rl1-15_re20-100,rollout15,331,255077.02948932524,1435263187902960.0,59716.73388079726,938737664000000.0,4182.577923637689,234496000000.0,190684.35981973,466053042560000.0,493.3578651603533,30237985342960.0,,,2.281964041607414e-16
mbpo,Ant-v5,1024.0,256,1,,,rl1-25_re20-100,base,43611,272301.6210949903,1460057840732640.0,59657.11277335663,938737664000000.0,4335.248271002479,234496000000.0,207586.610271,475903980160000.0,722.6497796311863,45181700572640.0,,,0.0
mbpo,Ant-v5,256.0,256,1,,,rl1-25_re20-100,w256,43611,248795.2638484655,579107922506192.0,44835.80305553413,73623142400000.0,4074.6926524180194,19302400000.0,199329.81196087247,480077666880000.0,554.956179640878,25387810826192.0,,,0.0
mbpo,Ant-v5,512.0,256,1,,,rl1-25_re20-100,w512,43611,234362.7127109392,735170208199632.0,47680.46065580436,254620467200000.0,4078.925712631264,64819200000.0,181994.05399397388,450647990800000.0,609.2723485297213,29836930999632.0,,,1.2418285366337305e-16
mbpo,Ant-v5,1024.0,256,2,,,rl1-25_re20-100,utd2,43611,325965.321985556,2393754467658480.0,116891.75729458079,1877475328000000.0,4168.558573772291,234496000000.0,204175.2098445189,471321998000000.0,729.7962726840096,44722645658480.0,,,0.0
mbpo,Ant-v5,1024.0,256,4,,,rl1-25_re20-100,utd4,43611,448012.5359949473,4292068890444640.0,235824.0681592128,3754950656000000.0,4160.012577135606,234496000000.0,207331.46128623144,495042018800000.0,696.9939723674681,41841719644640.0,,,0.0
mbpo,Ant-v5,1024.0,512,1,,,rl1-25_re20-100,b512,43611,274591.5021944942,2406802605365760.0,71758.05284999493,1877475328000000.0,4130.622262868282,234496000000.0,198026.1240923759,484264315360000.0,676.7029892550817,44828466005760.0,,,0.0
mbpo,Ant-v5,1024.0,1024,1,,,rl1-25_re20-100,b1024,43611,288398.04739935725,4281408773505280.0,84210.00199698177,3754950656000000.0,4177.388550357585,234496000000.0,199257.41831663653,480790563680000.0,753.2385353813779,45433057825280.0,,,0.0
mbpo,Ant-v5,1024.0,256,1,,,rl1-1_re20-100,rollout1,43611,237938.32495102845,1354661310960000.0,60161.28966211118,938737664000000.0,4291.283088970262,234496000000.0,173363.22399678052,410803540560000.0,122.52820316651707,4885610400000.0,,,1.2231669892911847e-16
mbpo,Ant-v5,1024.0,256,1,,,rl1-15_re20-100,rollout15,43611,262877.67362688,1434203827651440.0,59721.66020066775,938737664000000.0,4252.231421794491,234496000000.0,198439.7800431803,465391992800000.0,464.0019612375013,29839674851440.0,,,2.2142489360311924e-16
mbpo,Ant-v5,1024.0,256,1,,,rl1-25_re20-100,base,85062,245187.49726290145,1392322148331120.0,59760.31255810702,938737664000000.0,4289.649045518028,234496000000.0,180413.6690780621,407303865360000.0,723.8665812142002,46046122971120.0,,,3.5610091193427234e-16
mbpo,Ant-v5,256.0,256,1,,,rl1-25_re20-100,w256,85062,229214.03473861687,531510971686208.0,44976.169465562685,73623142400000.0,4068.7257460580495,19302400000.0,179637.54241853478,431827515280000.0,531.5971084613592,26041011606208.0,,,1.269722881058401e-16
mbpo,Ant-v5,512.0,256,1,,,rl1-25_re20-100,w512,85062,241327.9009301718,727783144120896.0,47245.30280515982,254620467200000.0,4082.1487468607625,64819200000.0,189355.05590484623,442488562880000.0,645.393473304957,30609294840896.0,,,1.2059869722711794e-16
mbpo,Ant-v5,1024.0,256,2,,,rl1-25_re20-100,utd2,85062,326858.2475733382,2402849325261840.0,118748.07053707469,1877475328000000.0,4215.356213404612,234496000000.0,203130.5313705527,479572158240000.0,764.2894523062092,45567343021840.0,,,0.0
mbpo,Ant-v5,1024.0,256,4,,,rl1-25_re20-100,utd4,85062,429949.0286032609,4248680712505840.0,236452.67510049656,3754950656000000.0,4236.509455688719,234496000000.0,188529.6428680076,447776960960000.0,730.2011790680158,45718599545840.0,,,0.0
mbpo,Ant-v5,1024.0,512,1,,,rl1-25_re20-100,b512,85062,262878.38771024416,2381620933784720.0,72023.73486953185,1877475328000000.0,4143.397402134609,234496000000.0,186003.40204684783,457692707360000.0,707.8533917298789,46218402424720.0,,,0.0
mbpo,Ant-v5,1024.0,1024,1,,,rl1-25_re20-100,b1024,85062,276251.78279494954,4266964832598720.0,84494.38188282141,3754950656000000.0,4202.238112207248,234496000000.0,186842.6897225298,466701130560000.0,712.4730773910909,45078550038720.0,,,0.0
mbpo,Ant-v5,1024.0,256,1,,,rl1-1_re20-100,rollout1,85062,241982.13767117605,1368847957280000.0,59102.07551817005,938737664000000.0,4207.407077626902,234496000000.0,178556.65506378585,424990186880000.0,116.0000115932861,4885610400000.0,,,1.2027263969492752e-16
mbpo,Ant-v5,1024.0,256,1,,,rl1-15_re20-100,rollout15,85062,236728.054513144,1386890161764560.0,59791.46547107242,938737664000000.0,4217.741535291471,234496000000.0,172319.57003685928,417407557280000.0,399.2774699208377,30510444484560.0,,,1.2294204215292004e-16
mbpo,Ant-v5,1024.0,256,1,,,rl1-25_re20-100,base,958,241873.93739661,1390483078638960.0,59631.14645068468,938737664000000.0,4262.124490969318,234496000000.0,177261.97894711696,405463295440000.0,718.6875078390298,46047623198960.0,,,0.0
mbpo,Ant-v5,256.0,256,1,,,rl1-25_re20-100,w256,958,223737.44879239643,519437715198336.0,44975.39283038758,73623142400000.0,4104.8080876669965,19302400000.0,174061.2474693885,420148969520000.0,596.000404953359,25646300878336.0,,,0.0
mbpo,Ant-v5,512.0,256,1,,,rl1-25_re20-100,w512,958,233948.82970898508,714792387797376.0,46559.438004649885,254620467200000.0,4100.161138300964,64819200000.0,182658.8463818108,430019349760000.0,630.3841842233891,30087751637376.0,,,1.244025477406179e-16
mbpo,Ant-v5,1024.0,256,2,,,rl1-25_re20-100,utd2,958,313282.02757805487,2371238270996000.0,118081.46878331623,1877475328000000.0,4215.419442721678,234496000000.0,190243.2557432284,448677803280000.0,741.8836087885219,44850643716000.0,,,0.0
mbpo,Ant-v5,1024.0,256,4,,,rl1-25_re20-100,utd4,958,414646.3441537651,4212788373791840.0,236029.71072419878,3754950656000000.0,4204.655959298324,234496000000.0,173766.1150752475,414782800880000.0,645.8623950205495,42820420911840.0,,,0.0
mbpo,Ant-v5,1024.0,512,1,,,rl1-25_re20-100,b512,958,234005.7426448292,2296745407030160.0,71287.86511391602,1877475328000000.0,4079.1601620304223,234496000000.0,157890.18900238856,372255266320000.0,748.5283664942352,46780316710160.0,,,1.2437229158477153e-16
mbpo,Ant-v5,1024.0,1024,1,,,rl1-25_re20-100,b1024,958,266895.9134796578,4236922027703600.0,84583.51738262764,3754950656000000.0,4164.8352739329775,234496000000.0,177407.19765181167,436247475440000.0,740.3631712855026,45489400263600.0,,,0.0
mbpo,Ant-v5,1024.0,256,1,,,rl1-1_re20-100,rollout1,958,243365.94923929375,1390020992240000.0,60053.59331390565,938737664000000.0,4220.760981519061,234496000000.0,178968.0319956345,446163221840000.0,123.562948234576,4885610400000.0,,,1.1958875326521896e-16
mbpo,Ant-v5,1024.0,256,1,,,rl1-15_re20-100,rollout15,958,241597.5327548363,1396199280689840.0,59687.80275813374,938737664000000.0,4191.5383965609535,234496000000.0,177241.3749757882,426960374400000.0,476.81662435338967,30266746289840.0,,,1.204641045993923e-16
mbpo,HalfCheetah-v5,1024.0,256,1,,,rl1-1_re20-150,base,14577,202001.76661096612,1123607628960000.0,58443.81216844289,876871680000000.0,2419.313401279524,215654400000.0,141061.34070533674,242558568000000.0,77.3003359070084,3961726560000.0,,,1.4407710855709782e-16
mbpo,HalfCheetah-v5,256.0,256,1,,,rl1-1_re20-150,w256,14577,190324.50394838976,314395159200000.0,44649.49746484096,58156646400000.0,2336.072462012532,14592000000.0,143280.3379162473,254252712000000.0,58.59610528898239,1971208800000.0,,,1.5291688591304975e-16
mbpo,HalfCheetah-v5,512.0,256,1,,,rl1-1_re20-150,w512,14577,182650.4064639706,463702825760000.0,47126.22455977003,223687475200000.0,2325.8524519821517,55398400000.0,133130.4191128478,237584760000000.0,67.91033937058738,2375192160000.0,,,3.186834458260534e-16
mbpo,HalfCheetah-v5,1024.0,256,2,,,rl1-1_re20-150,utd2,14577,257574.6862443321,1997745612960000.0,115768.31504827828,1753743360000000.0,2391.5228580141097,215654400000.0,139352.91587217606,239824872000000.0,61.93246586365924,3961726560000.0,,,1.1299181173854243e-16
mbpo,HalfCheetah-v5,1024.0,256,4,,,rl1-1_re20-150,utd4,14577,379616.1873263109,3771507600960000.0,230953.44994645775,3507486720000000.0,2386.144004295018,215654400000.0,146206.55987405145,259843500000000.0,70.03350150663873,3961726560000.0,,,0.0
mbpo,HalfCheetah-v5,1024.0,512,1,,,rl1-1_re20-150,b512,14577,207746.3948179276,1995856704960000.0,68888.00032049256,1753743360000000.0,2394.7580335851826,215654400000.0,136388.19410993194,237935964000000.0,75.44235391792625,3961726560000.0,,,1.4009307108429384e-16
mbpo,HalfCheetah-v5,1024.0,1024,1,,,rl1-1_re20-150,b1024,14577,215730.8270156624,3748347120960000.0,77804.89812072304,3507486720000000.0,2337.4480730675405,215654400000.0,135488.131867164,236683020000000.0,100.34895470782264,3961726560000.0,,,0.0
mbpo,HalfCheetah-v5,1024.0,256,1,,,rl1-1_re20-150,base,331,199229.70557228825,1126213182960000.0,58864.582658730134,876871680000000.0,2383.64089887934,215654400000.0,137892.10849990905,245164122000000.0,89.37351476974408,3961726560000.0,,,1.4608178219775418e-16
mbpo,HalfCheetah-v5,256.0,256,1,,,rl1-1_re20-150,w256,331,186297.35303531543,309340669200000.0,45031.97177452876,58156646400000.0,2281.3309648891936,14592000000.0,138936.0821259817,249198222000000.0,47.96816991581507,1971208800000.0,,,1.5622245825047573e-16
mbpo,HalfCheetah-v5,512.0,256,1,,,rl1-1_re20-150,w512,331,200364.0645940253,485273395760000.0,46785.18495810972,223687475200000.0,2358.373781534445,55398400000.0,151178.69629806286,259155330000000.0,41.80955631825079,2375192160000.0,,,1.4525474174075804e-16
mbpo,HalfCheetah-v5,1024.0,256,2,,,rl1-1_re20-150,utd2,331,271294.305869802,2015823126960000.0,118062.10350899088,1753743360000000.0,2493.709757084105,215654400000.0,150676.99936064857,257902386000000.0,61.49324307840754,3961726560000.0,,,2.14555409583134e-16
mbpo,HalfCheetah-v5,1024.0,256,4,,,rl1-1_re20-150,utd4,331,381791.3620147684,3772869702960000.0,232109.9069175868,3507486720000000.0,2405.7764137409363,215654400000.0,147200.30267138162,261205602000000.0,75.3760120590136,3961726560000.0,,,1.5245934482723008e-16
mbpo,HalfCheetah-v5,1024.0,512,1,,,rl1-1_re20-150,b512,331,206930.8652286844,2002410930960000.0,69842.03603826747,1753743360000000.0,2366.163964435593,215654400000.0,134666.09742453776,244490190000000.0,56.56780144357217,3961726560000.0,,,0.0
mbpo,HalfCheetah-v5,1024.0,1024,1,,,rl1-1_re20-150,b1024,331,222419.02249475312,3759229698960000.0,78087.46189110162,3507486720000000.0,2375.4110578257555,215654400000.0,141893.24802650287,247565598000000.0,62.90151932284837,3961726560000.0,,,1.3085135493489664e-16
mbpo,HalfCheetah-v5,1024.0,256,1,,,rl1-1_re20-150,base,43611,211092.08882465196,1138106658960000.0,58520.92564694199,876871680000000.0,2418.338784402621,215654400000.0,150062.46501256138,257057598000000.0,90.3593807459321,3961726560000.0,,,1.3787267262729777e-16
mbpo,HalfCheetah-v5,256.0,256,1,,,rl1-1_re20-150,w256,43611,190426.5901178243,308211121200000.0,44711.339111131536,58156646400000.0,2322.69875428394,14592000000.0,143332.9890581124,248068674000000.0,59.56319429641088,1971208800000.0,,,0.0
mbpo,HalfCheetah-v5,512.0,256,1,,,rl1-1_re20-150,w512,43611,197639.3869947335,485206951760000.0,46215.145465215566,223687475200000.0,2300.1932004690234,55398400000.0,149044.88006506144,259088886000000.0,79.16826398747229,2375192160000.0,,,0.0
mbpo,HalfCheetah-v5,1024.0,256,2,,,rl1-1_re20-150,utd2,43611,274653.72605754447,2035428852960000.0,115436.03871665888,1753743360000000.0,2404.245897669674,215654400000.0,156737.945112769,277508112000000.0,75.49633044695234,3961726560000.0,,,2.1193108045172468e-16
mbpo,HalfCheetah-v5,1024.0,256,4,,,rl1-1_re20-150,utd4,43611,368116.5890879568,3744730668960000.0,231391.03040748704,3507486720000000.0,2387.4723348703133,215654400000.0,134255.10824832006,233066568000000.0,82.97809727937418,3961726560000.0,,,1.5812289540572545e-16
mbpo,HalfCheetah-v5,1024.0,512,1,,,rl1-1_re20-150,b512,43611,216053.8998781556,2008988886960000.0,69185.25994860743,1753743360000000.0,2390.5449840308656,215654400000.0,144415.0873903762,251068146000000.0,63.00755514106332,3961726560000.0,,,1.3470634167282756e-16
mbpo,HalfCheetah-v5,1024.0,1024,1,,,rl1-1_re20-150,b1024,43611,220348.04191097876,3755570532960000.0,77912.88485201019,3507486720000000.0,2371.5185397739865,215654400000.0,139994.24356527615,243906432000000.0,69.39495391842712,3961726560000.0,,,0.0
mbpo,HalfCheetah-v5,1024.0,256,1,,,rl1-1_re20-150,base,85062,206665.0007334365,1135040742960000.0,58932.2147551259,876871680000000.0,2410.3241016861693,215654400000.0,145253.16066867023,253991682000000.0,69.30120795422476,3961726560000.0,,,2.8165224255144013e-16
mbpo,HalfCheetah-v5,256.0,256,1,,,rl1-1_re20-150,w256,85062,192336.09809998824,308063995200000.0,44556.20791648328,58156646400000.0,2333.181762793375,14592000000.0,145411.73999263902,247921548000000.0,34.96842807257424,1971208800000.0,,,0.0
mbpo,HalfCheetah-v5,512.0,256,1,,,rl1-1_re20-150,w512,85062,199477.60017118396,487053145760000.0,46162.678417136995,223687475200000.0,2315.988176423092,55398400000.0,150937.54978808793,260935080000000.0,61.38378953591712,2375192160000.0,,,1.459002435950599e-16
mbpo,HalfCheetah-v5,1024.0,256,2,,,rl1-1_re20-150,utd2,85062,273577.67353873973,2035566486960000.0,116536.70785783473,1753743360000000.0,2394.6563300834,215654400000.0,154557.29190770286,277645746000000.0,89.01744311877042,3961726560000.0,,,2.127646608019896e-16
mbpo,HalfCheetah-v5,1024.0,256,4,,,rl1-1_re20-150,utd4,85062,361477.896846927,3734673894960000.0,232280.78014835814,3507486720000000.0,2342.717178570266,215654400000.0,126765.0204712197,223009794000000.0,89.37904877889969,3961726560000.0,,,0.0
mbpo,HalfCheetah-v5,1024.0,512,1,,,rl1-1_re20-150,b512,85062,211602.88309867043,2004280854960000.0,69530.80617206173,1753743360000000.0,2368.7593400694936,215654400000.0,139640.64747084232,246360114000000.0,62.67011569686866,3961726560000.0,,,0.0
mbpo,HalfCheetah-v5,1024.0,1024,1,,,rl1-1_re20-150,b1024,85062,223408.2682829512,3762793944960000.0,78514.32049186747,3507486720000000.0,2368.9377711105067,215654400000.0,142416.9176399368,251129844000000.0,108.09238003640831,3961726560000.0,,,1.30271948663391e-16
mbpo,HalfCheetah-v5,1024.0,256,1,,,rl1-1_re20-150,base,958,217984.32941824853,1141295970960000.0,58729.84638180208,876871680000000.0,2509.686106297289,215654400000.0,156694.13627544593,260246910000000.0,50.66065470321398,3961726560000.0,,,1.3351340683252472e-16
mbpo,HalfCheetah-v5,256.0,256,1,,,rl1-1_re20-150,w256,958,180182.00407956276,293721583200000.0,43801.316123286524,58156646400000.0,2289.8806594944917,14592000000.0,134025.80647580908,233579136000000.0,65.00082097263635,1971208800000.0,,,1.6152462397899825e-16
mbpo,HalfCheetah-v5,512.0,256,1,,,rl1-1_re20-150,w512,958,183714.96812673373,465064927760000.0,47654.33978783057,223687475200000.0,2378.497532536358,55398400000.0,133603.78107552975,238946862000000.0,78.34973083704709,2375192160000.0,,,0.0
mbpo,HalfCheetah-v5,1024.0,256,2,,,rl1-1_re20-150,utd2,958,267152.8206577846,2015880078960000.0,115836.31168930947,1753743360000000.0,2364.2450644522637,215654400000.0,148877.63913466872,257959338000000.0,74.62476935415091,3961726560000.0,,,0.0
mbpo,HalfCheetah-v5,1024.0,256,4,,,rl1-1_re20-150,utd4,958,377029.0069880425,3765712734960000.0,232417.33126898936,3507486720000000.0,2383.356406294308,215654400000.0,142172.1019310294,254048634000000.0,56.21738172943737,3961726560000.0,,,1.54385099911725e-16
mbpo,HalfCheetah-v5,1024.0,512,1,,,rl1-1_re20-150,b512,958,203173.1636854933,1988153946960000.0,69399.14848413352,1753743360000000.0,2396.7349198616243,215654400000.0,131302.15163046127,230233206000000.0,75.12865103689194,3961726560000.0,,,0.0
mbpo,HalfCheetah-v5,1024.0,1024,1,,,rl1-1_re20-150,b1024,958,211429.2519663481,3740649108960000.0,77966.764789779,3507486720000000.0,2360.70459884217,215654400000.0,131038.99986333956,228985008000000.0,62.78271438736049,3961726560000.0,,,1.37652809088905e-16
sac,Ant-v5,1024.0,256,1,,,,base,14577,63441.37973745628,938972160000000.0,59175.74954930226,938737664000000.0,4265.630188154012,234496000000.0,,,,,,,1.1468788422152875e-16
sac,Ant-v5,1024.0,256,2,,,,utd2,14577,122197.89274338297,1877709824000000.0,117985.55294113407,1877475328000000.0,4212.339802248865,234496000000.0,,,,,,,2.381696590943028e-16
sac,Ant-v5,1024.0,256,4,,,,utd4,14577,241362.9438537511,3755185152000000.0,237143.7971114313,3754950656000000.0,4219.146742319788,234496000000.0,,,,,,,0.0
sac,Ant-v5,256.0,256,1,,,,w256,14577,49456.699257534085,73642444800000.0,45300.19903610982,73623142400000.0,4156.500221424263,19302400000.0,,,,,,,0.0
sac,Ant-v5,512.0,256,1,,,,w512,14577,51456.48223461655,254685286400000.0,47263.95066396399,254620467200000.0,4192.531570652559,64819200000.0,,,,,,,1.4140021428220831e-16
sac,Ant-v5,1024.0,512,1,,,,b512,14577,76212.64383371684,1877709824000000.0,71819.00831975811,1877475328000000.0,4393.63551395871,234496000000.0,,,,,,,1.909383338034655e-16
sac,Ant-v5,1024.0,1024,1,,,,b1024,14577,89504.07485805334,3755185152000000.0,84953.73572279974,3754950656000000.0,4550.339135253586,234496000000.0,,,,,,,1.6258382929989593e-16
sac,Ant-v5,1024.0,256,1,,,,base,331,64817.40682606981,938972160000000.0,60486.91026778015,938737664000000.0,4330.496558289646,234496000000.0,,,,,,,2.2450628528560655e-16
sac,Ant-v5,1024.0,256,2,,,,utd2,331,123065.2023013736,1877709824000000.0,118748.06471519874,1877475328000000.0,4317.137586174886,234496000000.0,,,,,,,1.182455719101713e-16
sac,Ant-v5,1024.0,256,4,,,,utd4,331,240421.33439825205,3755185152000000.0,236137.26529305047,3754950656000000.0,4284.069105201589,234496000000.0,,,,,,,0.0
sac,Ant-v5,256.0,256,1,,,,w256,331,49614.5170076374,73642444800000.0,45568.59333235238,73623142400000.0,4045.9236752850175,19302400000.0,,,,,,,0.0
sac,Ant-v5,512.0,256,1,,,,w512,331,52345.1347096948,254685286400000.0,48219.77778363475,254620467200000.0,4125.356926060048,64819200000.0,,,,,,,0.0
sac,Ant-v5,1024.0,512,1,,,,b512,331,76162.22872544077,1877709824000000.0,71875.15635617133,1877475328000000.0,4287.07236926943,234496000000.0,,,,,,,1.91064724232604e-16
sac,Ant-v5,1024.0,1024,1,,,,b1024,331,88840.99778990081,3755185152000000.0,84300.58178364584,3754950656000000.0,4540.416006254944,234496000000.0,,,,,,,1.6379729618503983e-16
sac,Ant-v5,1024.0,256,1,,,,base,43611,64373.54054703389,938972160000000.0,60052.002714482376,938737664000000.0,4321.537832551526,234496000000.0,,,,,,,2.260542934986563e-16
sac,Ant-v5,1024.0,256,2,,,,utd2,43611,123223.98168465884,1877709824000000.0,118876.88997293665,1877475328000000.0,4347.091711722184,234496000000.0,,,,,,,0.0
sac,Ant-v5,1024.0,256,4,,,,utd4,43611,241644.0046900325,3755185152000000.0,237307.94158098064,3754950656000000.0,4336.063109051926,234496000000.0,,,,,,,2.408818749222972e-16
sac,Ant-v5,256.0,256,1,,,,w256,43611,51137.28983204217,73642444800000.0,47017.53481702096,73623142400000.0,4119.755015021203,19302400000.0,,,,,,,0.0
sac,Ant-v5,512.0,256,1,,,,w512,43611,52539.29202621994,254685286400000.0,48340.03455914601,254620467200000.0,4199.257467073928,64819200000.0,,,,,,,0.0
sac,Ant-v5,1024.0,512,1,,,,b512,43611,76419.3105908462,1877709824000000.0,72046.21056932343,1877475328000000.0,4373.100021522782,234496000000.0,,,,,,,1.904219642372688e-16
sac,Ant-v5,1024.0,1024,1,,,,b1024,43611,89306.29185311125,3755185152000000.0,84719.58384610963,3754950656000000.0,4586.7080070016245,234496000000.0,,,,,,,0.0
sac,Ant-v5,1024.0,256,1,,,,base,85062,64937.29689160417,938972160000000.0,60530.85804195772,938737664000000.0,4406.438849646452,234496000000.0,,,,,,,0.0
sac,Ant-v5,1024.0,256,2,,,,utd2,85062,123181.15308938624,1877709824000000.0,118900.19268995794,1877475328000000.0,4280.96039942831,234496000000.0,,,,,,,1.18134266999492e-16
sac,Ant-v5,1024.0,256,4,,,,utd4,85062,240286.3947934451,3755185152000000.0,236017.62503955042,3754950656000000.0,4268.769753894712,234496000000.0,,,,,,,1.2112142463060353e-16
sac,Ant-v5,256.0,256,1,,,,w256,85062,49452.838940988,73642444800000.0,45397.35992237543,73623142400000.0,4055.479018612579,19302400000.0,,,,,,,1.4712921987887926e-16
sac,Ant-v5,512.0,256,1,,,,w512,85062,52642.508963509135,254685286400000.0,48521.66155351397,254620467200000.0,4120.847409995164,64819200000.0,,,,,,,0.0
sac,Ant-v5,1024.0,512,1,,,,b512,85062,77159.1776515095,1877709824000000.0,72756.72258097454,1877475328000000.0,4402.45507053497,234496000000.0,,,,,,,1.8859603836229022e-16
sac,Ant-v5,1024.0,1024,1,,,,b1024,85062,88462.94355578613,3755185152000000.0,83900.04887711513,3754950656000000.0,4562.894678670993,234496000000.0,,,,,,,0.0
sac,Ant-v5,1024.0,256,1,,,,base,958,64343.57449607826,938972160000000.0,60007.11473448563,938737664000000.0,4336.459761592621,234496000000.0,,,,,,,2.2615957136875866e-16
sac,Ant-v5,1024.0,256,2,,,,utd2,958,124244.19511667998,1877709824000000.0,119858.88381752171,1877475328000000.0,4385.31129915828,234496000000.0,,,,,,,0.0
sac,Ant-v5,1024.0,256,4,,,,utd4,958,242920.0799101456,3755185152000000.0,238560.475776777,3754950656000000.0,4359.604133368592,234496000000.0,,,,,,,1.1980825326378537e-16
sac,Ant-v5,256.0,256,1,,,,w256,958,50264.8539733104,73642444800000.0,46138.81397617129,73623142400000.0,4126.039997139114,19302400000.0,,,,,,,1.4475238738476808e-16
sac,Ant-v5,512.0,256,1,,,,w512,958,52015.59160894566,254685286400000.0,47882.606777534216,254620467200000.0,4132.984831411444,64819200000.0,,,,,,,0.0
sac,Ant-v5,1024.0,512,1,,,,b512,958,76541.20663509713,1877709824000000.0,72161.36453127164,1877475328000000.0,4379.842103825501,234496000000.0,,,,,,,1.901187068782664e-16
sac,Ant-v5,1024.0,1024,1,,,,b1024,958,89172.68279181834,3755185152000000.0,84708.14531853322,3754950656000000.0,4464.537473285103,234496000000.0,,,,,,,1.6318803890132596e-16
sac,HalfCheetah-v5,1024.0,256,1,,,,base,14577,61136.84653003163,877087334400000.0,58655.618996153426,876871680000000.0,2481.2275338782074,215654400000.0,,,,,,,0.0
sac,HalfCheetah-v5,1024.0,256,2,,,,utd2,14577,117830.51710713551,1753959014400000.0,115335.71320347514,1753743360000000.0,2494.803903660405,215654400000.0,,,,,,,2.469973922822685e-16
sac,HalfCheetah-v5,1024.0,256,4,,,,utd4,14577,234837.32820453492,3507702374400000.0,232298.05938195618,3507486720000000.0,2539.268822578738,215654400000.0,,,,,,,0.0
sac,HalfCheetah-v5,256.0,256,1,,,,w256,14577,46855.56470604718,58171238400000.0,44584.211576615424,58156646400000.0,2271.3531294317504,14592000000.0,,,,,,,1.552848132303993e-16
sac,HalfCheetah-v5,512.0,256,1,,,,w512,14577,49995.09149882,223742873600000.0,47666.46990311309,223687475200000.0,2328.621595706914,55398400000.0,,,,,,,0.0
sac,HalfCheetah-v5,1024.0,512,1,,,,b512,14577,73649.1414127246,1753959014400000.0,71043.39208481944,1753743360000000.0,2605.7493279051537,215654400000.0,,,,,,,0.0
sac,HalfCheetah-v5,1024.0,1024,1,,,,b1024,14577,82536.6962447589,3507702374400000.0,79819.93209816927,3507486720000000.0,2716.7641465896286,215654400000.0,,,,,,,0.0
sac,HalfCheetah-v5,1024.0,256,1,,,,base,331,60921.72400732584,877087334400000.0,58443.6290674591,876871680000000.0,2478.0949398667426,215654400000.0,,,,,,,0.0
sac,HalfCheetah-v5,1024.0,256,2,,,,utd2,331,118695.0956707844,1753959014400000.0,116211.25840454365,1753743360000000.0,2483.837266240751,215654400000.0,,,,,,,0.0
sac,HalfCheetah-v5,1024.0,256,4,,,,utd4,331,233381.45032089064,3507702374400000.0,230882.85191489497,3507486720000000.0,2498.598405995672,215654400000.0,,,,,,,0.0
sac,HalfCheetah-v5,256.0,256,1,,,,w256,331,47410.622666841125,58171238400000.0,45162.116134847856,58156646400000.0,2248.5065319932683,14592000000.0,,,,,,,0.0
sac,HalfCheetah-v5,512.0,256,1,,,,w512,331,50138.19770678644,223742873600000.0,47817.671810559856,223687475200000.0,2320.525896226596,55398400000.0,,,,,,,1.4511805264190001e-16
sac,HalfCheetah-v5,1024.0,512,1,,,,b512,331,72964.5242904935,1753959014400000.0,70330.84053048943,1753743360000000.0,2633.683760004088,215654400000.0,,,,,,,1.994382252179339e-16
sac,HalfCheetah-v5,1024.0,1024,1,,,,b1024,331,82038.0904123871,3507702374400000.0,79326.76040751366,3507486720000000.0,2711.330004873444,215654400000.0,,,,,,,0.0
sac,HalfCheetah-v5,1024.0,256,1,,,,base,43611,60483.63111613606,877087334400000.0,58011.48789284572,876871680000000.0,2472.1432232903444,215654400000.0,,,,,,,1.2029630959511487e-16
sac,HalfCheetah-v5,1024.0,256,2,,,,utd2,43611,117156.59871717764,1753959014400000.0,114642.22527929468,1753743360000000.0,2514.37343788296,215654400000.0,,,,,,,0.0
sac,HalfCheetah-v5,1024.0,256,4,,,,utd4,43611,234593.4092957389,3507702374400000.0,232012.70177809376,3507486720000000.0,2580.707517645139,215654400000.0,,,,,,,0.0
sac,HalfCheetah-v5,256.0,256,1,,,,w256,43611,48021.84731285595,58171238400000.0,45742.36374363842,58156646400000.0,2279.483569217517,14592000000.0,,,,,,,1.5151348857492986e-16
sac,HalfCheetah-v5,512.0,256,1,,,,w512,43611,49526.88235710855,223742873600000.0,47207.5566184793,223687475200000.0,2319.325738629253,55398400000.0,,,,,,,0.0
sac,HalfCheetah-v5,1024.0,512,1,,,,b512,43611,72391.68446331158,1753959014400000.0,69730.6839069803,1753743360000000.0,2661.0005563312807,215654400000.0,,,,,,,2.0101639209323585e-16
sac,HalfCheetah-v5,1024.0,1024,1,,,,b1024,43611,82960.08212525808,3507702374400000.0,80182.77107600088,3507486720000000.0,2777.3110492572137,215654400000.0,,,,,,,1.7540864058446209e-16
sac,HalfCheetah-v5,1024.0,256,1,,,,base,85062,60950.34319306085,877087334400000.0,58396.59819770317,876871680000000.0,2553.744995357681,215654400000.0,,,,,,,0.0
sac,HalfCheetah-v5,1024.0,256,2,,,,utd2,85062,117874.27278311376,1753959014400000.0,115358.8442551387,1753743360000000.0,2515.428527975074,215654400000.0,,,,,,,1.2345285264361355e-16
sac,HalfCheetah-v5,1024.0,256,4,,,,utd4,85062,235736.1155446176,3507702374400000.0,233209.56923221878,3507486720000000.0,2526.546312398852,215654400000.0,,,,,,,1.2345936213250804e-16
sac,HalfCheetah-v5,256.0,256,1,,,,w256,85062,47095.67884243821,58171238400000.0,44795.937447955715,58156646400000.0,2299.7413944824907,14592000000.0,,,,,,,1.5449310410251515e-16
sac,HalfCheetah-v5,512.0,256,1,,,,w512,85062,48992.92279364124,223742873600000.0,46649.47547728966,223687475200000.0,2343.447316351577,55398400000.0,,,,,,,0.0
sac,HalfCheetah-v5,1024.0,512,1,,,,b512,85062,72686.3472782729,1753959014400000.0,69981.58631127828,1753743360000000.0,2704.7609669946264,215654400000.0,,,,,,,2.0020149275979165e-16
sac,HalfCheetah-v5,1024.0,1024,1,,,,b1024,85062,81512.57863456539,3507702374400000.0,78756.88429720816,3507486720000000.0,2755.6943373572394,215654400000.0,,,,,,,1.7852355393644872e-16
sac,HalfCheetah-v5,1024.0,256,1,,,,base,958,61062.5811544839,877087334400000.0,58569.27326141978,876871680000000.0,2493.307893064117,215654400000.0,,,,,,,1.1915574934141388e-16
sac,HalfCheetah-v5,1024.0,256,2,,,,utd2,958,118565.56362076792,1753959014400000.0,116007.06553034032,1753743360000000.0,2558.498090427598,215654400000.0,,,,,,,0.0
sac,HalfCheetah-v5,1024.0,256,4,,,,utd4,958,236247.19626636012,3507702374400000.0,233627.94470847485,3507486720000000.0,2619.2515578852685,215654400000.0,,,,,,,0.0
sac,HalfCheetah-v5,256.0,256,1,,,,w256,958,47655.9243593767,58171238400000.0,45362.82054483135,58156646400000.0,2293.103814545344,14592000000.0,,,,,,,1.5267687516277964e-16
sac,HalfCheetah-v5,512.0,256,1,,,,w512,958,49116.82332249409,223742873600000.0,46795.01380562052,223687475200000.0,2321.809516873569,55398400000.0,,,,,,,1.4813575312903525e-16
sac,HalfCheetah-v5,1024.0,512,1,,,,b512,958,73428.15572742201,1753959014400000.0,70798.38227276682,1753743360000000.0,2629.773454655194,215654400000.0,,,,,,,0.0
sac,HalfCheetah-v5,1024.0,1024,1,,,,b1024,958,82782.35352962112,3507702374400000.0,80002.5982525787,3507486720000000.0,2779.755277042417,215654400000.0,,,,,,,0.0
td3,Ant-v5,1024.0,100,1,,,,base,14577,29864.161292420435,262499737600000.0,26808.549315495882,262266880000000.0,3055.611976924555,232857600000.0,,,,,,,1.2181754483140423e-16
td3,Ant-v5,1024.0,100,2,,,,utd2,14577,58072.231545924304,524766617600000.0,55069.05180929766,524533760000000.0,3003.1797366266505,232857600000.0,,,,,,,1.252915105979611e-16
td3,Ant-v5,1024.0,100,4,,,,utd4,14577,114490.35806270888,1049300377600000.0,111469.89746743187,1049067520000000.0,3020.460595277022,232857600000.0,,,,,,,1.271016658048746e-16
td3,Ant-v5,256.0,100,1,,,,w256,14577,24975.508009126897,20365772800000.0,22125.479657177257,20346880000000.0,2850.02835194964,18892800000.0,,,,,,,0.0
td3,Ant-v5,512.0,100,1,,,,w512,14577,27390.861113463387,70904320000000.0,24450.473564370368,70840320000000.0,2940.387549093016,64000000000.0,,,,,,,1.328172484983885e-16
td3,Ant-v5,1024.0,256,1,,,,b256,14577,35629.797187477576,671636070400000.0,32561.711700402808,671403212800000.0,3068.085487074763,232857600000.0,,,,,,,2.0420990823772158e-16
td3,Ant-v5,1024.0,512,1,,,,b512,14577,43841.52532294425,1343039283200000.0,40551.364963589614,1342806425600000.0,3290.160359354644,232857600000.0,,,,,,,1.6596041220252865e-16
td3,Ant-v5,1024.0,1024,1,,,,b1024,14577,52985.86645566368,2685845708800000.0,49563.01628002884,2685612851200000.0,3422.850175634844,232857600000.0,,,,,,,0.0
td3,Ant-v5,1024.0,100,1,,,,base,331,30527.803725626334,262499737600000.0,27514.04958951132,262266880000000.0,3013.754136115014,232857600000.0,,,,,,,0.0
td3,Ant-v5,1024.0,100,2,,,,utd2,331,57470.45985335652,524766617600000.0,54419.02647206138,524533760000000.0,3051.433381295135,232857600000.0,,,,,,,1.2660343475150526e-16
td3,Ant-v5,1024.0,100,4,,,,utd4,331,111838.9907992268,1049300377600000.0,108869.23966223407,1049067520000000.0,2969.751136992746,232857600000.0,,,,,,,2.6022973069366175e-16
td3,Ant-v5,256.0,100,1,,,,w256,331,24345.576563533603,20365772800000.0,21588.979139905277,20346880000000.0,2756.597423628326,18892800000.0,,,,,,,0.0
td3,Ant-v5,512.0,100,1,,,,w512,331,27676.861346723024,70904320000000.0,24698.51252047938,70840320000000.0,2978.348826243642,64000000000.0,,,,,,,0.0
td3,Ant-v5,1024.0,256,1,,,,b256,331,35562.44865435462,671636070400000.0,32386.635046114476,671403212800000.0,3175.8136082401443,232857600000.0,,,,,,,0.0
td3,Ant-v5,1024.0,512,1,,,,b512,331,45064.87045859065,1343039283200000.0,41755.401764227776,1342806425600000.0,3309.468694362876,232857600000.0,,,,,,,0.0
td3,Ant-v5,1024.0,1024,1,,,,b1024,331,53896.73016896136,2685845708800000.0,50623.676839678126,2685612851200000.0,3273.0533292832392,232857600000.0,,,,,,,1.3499812681351834e-16
td3,Ant-v5,1024.0,100,1,,,,base,43611,31078.22288833148,262499737600000.0,27948.547419800405,262266880000000.0,3129.675468531077,232857600000.0,,,,,,,1.1705877843026912e-16
td3,Ant-v5,1024.0,100,2,,,,utd2,43611,57070.52134863941,524766617600000.0,54119.78685664272,524533760000000.0,2950.734491996688,232857600000.0,,,,,,,1.2749064564760435e-16
td3,Ant-v5,1024.0,100,4,,,,utd4,43611,110435.2891738854,1049300377600000.0,107385.64157196859,1049067520000000.0,3049.647601916801,232857600000.0,,,,,,,0.0
td3,Ant-v5,256.0,100,1,,,,w256,43611,24449.946040414077,20365772800000.0,21681.673786194104,20346880000000.0,2768.2722542199717,18892800000.0,,,,,,,0.0
td3,Ant-v5,512.0,100,1,,,,w512,43611,27279.113121656363,70904320000000.0,24414.996411091277,70840320000000.0,2864.116710565086,64000000000.0,,,,,,,0.0
td3,Ant-v5,1024.0,256,1,,,,b256,43611,36034.35142770332,671636070400000.0,33010.592228298454,671403212800000.0,3023.7591994048653,232857600000.0,,,,,,,0.0
td3,Ant-v5,1024.0,512,1,,,,b512,43611,43664.08245791718,1343039283200000.0,40333.35336320877,1342806425600000.0,3330.7290947084125,232857600000.0,,,,,,,0.0
td3,Ant-v5,1024.0,1024,1,,,,b1024,43611,54075.013661312674,2685845708800000.0,50624.61449452693,2685612851200000.0,3450.3991667857395,232857600000.0,,,,,,,0.0
td3,Ant-v5,1024.0,100,1,,,,base,85062,30549.55284624416,262499737600000.0,27514.86950989622,262266880000000.0,3034.683336347941,232857600000.0,,,,,,,0.0
td3,Ant-v5,1024.0,100,2,,,,utd2,85062,57629.51130683121,524766617600000.0,54586.76307394523,524533760000000.0,3042.748232885986,232857600000.0,,,,,,,0.0
td3,Ant-v5,1024.0,100,4,,,,utd4,85062,110779.10322900068,1049300377600000.0,107728.98891075507,1049067520000000.0,3050.1143182456194,232857600000.0,,,,,,,0.0
td3,Ant-v5,256.0,100,1,,,,w256,85062,26341.825191874563,20365772800000.0,23447.010311601036,20346880000000.0,2894.814880273528,18892800000.0,,,,,,,0.0
td3,Ant-v5,512.0,100,1,,,,w512,85062,27200.28458761251,70904320000000.0,24314.910700379416,70840320000000.0,2885.3738872330946,64000000000.0,,,,,,,0.0
td3,Ant-v5,1024.0,256,1,,,,b256,85062,35107.00924556781,671636070400000.0,32049.678874969024,671403212800000.0,3057.3303705987832,232857600000.0,,,,,,,0.0
td3,Ant-v5,1024.0,512,1,,,,b512,85062,44522.67723878769,1343039283200000.0,41194.07142922006,1342806425600000.0,3328.6058095676344,232857600000.0,,,,,,,0.0
td3,Ant-v5,1024.0,1024,1,,,,b1024,85062,52526.45234451164,2685845708800000.0,49148.035691395715,2685612851200000.0,3378.4166531159244,232857600000.0,,,,,,,1.385198750233828e-16
td3,Ant-v5,1024.0,100,1,,,,base,958,30579.41079084088,262499737600000.0,27455.830040598616,262266880000000.0,3123.580750242261,232857600000.0,,,,,,,1.189682440899534e-16
td3,Ant-v5,1024.0,100,2,,,,utd2,958,57470.2930972586,524766617600000.0,54362.302231769914,524533760000000.0,3107.990865488693,232857600000.0,,,,,,,1.2660380210468246e-16
td3,Ant-v5,1024.0,100,4,,,,utd4,958,111954.74433788616,1049300377600000.0,108970.12725490624,1049067520000000.0,2984.617082979915,232857600000.0,,,,,,,1.2998033548670608e-16
td3,Ant-v5,256.0,100,1,,,,w256,958,25389.19416238865,20365772800000.0,22472.644106631564,20346880000000.0,2916.550055757083,18892800000.0,,,,,,,1.4328847082830956e-16
td3,Ant-v5,512.0,100,1,,,,w512,958,27818.95949513933,70904320000000.0,24998.002259432425,70840320000000.0,2820.9572357069046,64000000000.0,,,,,,,0.0
td3,Ant-v5,1024.0,256,1,,,,b256,958,35269.09334044918,671636070400000.0,32161.19911037185,671403212800000.0,3107.894230077333,232857600000.0,,,,,,,0.0
td3,Ant-v5,1024.0,512,1,,,,b512,958,44712.76777192203,1343039283200000.0,41462.89130867011,1342806425600000.0,3249.876463251914,232857600000.0,,,,,,,1.6272662097989065e-16
td3,Ant-v5,1024.0,1024,1,,,,b1024,958,52690.89590453827,2685845708800000.0,49261.43975862644,2685612851200000.0,3429.4561459118395,232857600000.0,,,,,,,1.3808756691792647e-16
td3,HalfCheetah-v5,1024.0,100,1,,,,base,14577,28294.936232444423,245872025600000.0,26886.77124445366,245657600000000.0,1408.1649879907634,214425600000.0,,,,,,,0.0
td3,HalfCheetah-v5,1024.0,100,2,,,,utd2,14577,55420.43760818472,491529625600000.0,53988.886494030485,491315200000000.0,1431.5511141542415,214425600000.0,,,,,,,1.3128654208080236e-16
td3,HalfCheetah-v5,1024.0,100,4,,,,utd4,14577,109028.2123564796,982844825600000.0,107649.99757296745,982630400000000.0,1378.2147835121386,214425600000.0,,,,,,,1.3346926372403303e-16
td3,HalfCheetah-v5,256.0,100,1,,,,w256,14577,23930.502850224904,16208844800000.0,22664.916593751852,16194560000000.0,1265.5862564730571,14284800000.0,,,,,,,1.5202266454077135e-16
td3,HalfCheetah-v5,512.0,100,1,,,,w512,14577,25424.40470760289,62590464000000.0,24147.784677821204,62535680000000.0,1276.6200297816897,54784000000.0,,,,,,,1.4309002900680757e-16
td3,HalfCheetah-v5,1024.0,256,1,,,,b256,14577,33707.38130351789,629097881600000.0,32258.12867343748,628883456000000.0,1449.2526300804077,214425600000.0,,,,,,,0.0
td3,HalfCheetah-v5,1024.0,512,1,,,,b512,14577,42518.24977648636,1257981337600000.0,40849.484842947844,1257766912000000.0,1668.7649335385156,214425600000.0,,,,,,,0.0
td3,HalfCheetah-v5,1024.0,1024,1,,,,b1024,14577,48795.413745424245,2515748249600000.0,47078.42737488908,2515533824000000.0,1716.9863705351647,214425600000.0,,,,,,,0.0
td3,HalfCheetah-v5,1024.0,100,1,,,,base,331,28005.987687045243,245872025600000.0,26604.99447634136,245657600000000.0,1400.993210703882,214425600000.0,,,,,,,1.2990003594033343e-16
td3,HalfCheetah-v5,1024.0,100,2,,,,utd2,331,55661.43668776348,491529625600000.0,54243.815645115894,491315200000000.0,1417.6210426475816,214425600000.0,,,,,,,1.3071810659502723e-16
td3,HalfCheetah-v5,1024.0,100,4,,,,utd4,331,107533.09994383367,982844825600000.0,106152.14231484118,982630400000000.0,1380.9576289925074,214425600000.0,,,,,,,1.3532498585056655e-16
td3,HalfCheetah-v5,256.0,100,1,,,,w256,331,22360.85247340635,16208844800000.0,21120.737830213813,16194560000000.0,1240.114643192535,14284800000.0,,,,,,,1.6269410173061796e-16
td3,HalfCheetah-v5,512.0,100,1,,,,w512,331,26028.635954765286,62590464000000.0,24719.252723622354,62535680000000.0,1309.3832311429294,54784000000.0,,,,,,,1.3976832337330672e-16
td3,HalfCheetah-v5,1024.0,256,1,,,,b256,331,33306.33745514617,629097881600000.0,31813.68595209057,628883456000000.0,1492.651503055598,214425600000.0,,,,,,,0.0
td3,HalfCheetah-v5,1024.0,512,1,,,,b512,331,41340.14663226248,1257981337600000.0,39648.993340505964,1257766912000000.0,1691.1532917565112,214425600000.0,,,,,,,0.0
td3,HalfCheetah-v5,1024.0,1024,1,,,,b1024,331,48922.13710851278,2515748249600000.0,47129.71469641451,2515533824000000.0,1792.4224120982794,214425600000.0,,,,,,,0.0
td3,HalfCheetah-v5,1024.0,100,1,,,,base,43611,28561.04294629225,245872025600000.0,27128.429685397463,245657600000000.0,1432.6132608947894,214425600000.0,,,,,,,0.0
td3,HalfCheetah-v5,1024.0,100,2,,,,utd2,43611,54674.61002491541,491529625600000.0,53211.295967010636,491315200000000.0,1463.3140579047713,214425600000.0,,,,,,,1.3307744876219047e-16
td3,HalfCheetah-v5,1024.0,100,4,,,,utd4,43611,106278.6450051506,982844825600000.0,104895.78138494132,982630400000000.0,1382.863620209278,214425600000.0,,,,,,,0.0
td3,HalfCheetah-v5,256.0,100,1,,,,w256,43611,23373.01951839192,16208844800000.0,22117.994613343573,16194560000000.0,1255.0249050483458,14284800000.0,,,,,,,0.0
td3,HalfCheetah-v5,512.0,100,1,,,,w512,43611,25077.91495477572,62590464000000.0,23764.437551539402,62535680000000.0,1313.4774032363173,54784000000.0,,,,,,,0.0
td3,HalfCheetah-v5,1024.0,256,1,,,,b256,43611,33878.69036057106,629097881600000.0,32330.296973744287,628883456000000.0,1548.3933868267738,214425600000.0,,,,,,,0.0
td3,HalfCheetah-v5,1024.0,512,1,,,,b512,43611,41064.42575490748,1257981337600000.0,39324.3671634611,1257766912000000.0,1740.058591446374,214425600000.0,,,,,,,1.7718396106668796e-16
td3,HalfCheetah-v5,1024.0,1024,1,,,,b1024,43611,48072.1702335782,2515748249600000.0,46361.8741670074,2515533824000000.0,1710.2960665708008,214425600000.0,,,,,,,0.0
td3,HalfCheetah-v5,1024.0,100,1,,,,base,85062,27841.955230491185,245872025600000.0,26416.33065824235,245657600000000.0,1425.6245722488336,214425600000.0,,,,,,,0.0
td3,HalfCheetah-v5,1024.0,100,2,,,,utd2,85062,55607.09051404649,491529625600000.0,54158.59431727297,491315200000000.0,1448.496196773518,214425600000.0,,,,,,,0.0
td3,HalfCheetah-v5,1024.0,100,4,,,,utd4,85062,106806.82345785615,982844825600000.0,105443.44771617808,982630400000000.0,1363.3757416780727,214425600000.0,,,,,,,0.0
td3,HalfCheetah-v5,256.0,100,1,,,,w256,85062,22695.86742283713,16208844800000.0,21486.968870171502,16194560000000.0,1208.8985526656336,14284800000.0,,,,,,,1.60292565131531e-16
td3,HalfCheetah-v5,512.0,100,1,,,,w512,85062,25045.52093740255,62590464000000.0,23717.371923397186,62535680000000.0,1328.1490140053609,54784000000.0,,,,,,,1.4525466713925755e-16
td3,HalfCheetah-v5,1024.0,256,1,,,,b256,85062,32769.49935532866,629097881600000.0,31215.774475284958,628883456000000.0,1553.7248800437033,214425600000.0,,,,,,,0.0
td3,HalfCheetah-v5,1024.0,512,1,,,,b512,85062,42526.30713702732,1257981337600000.0,40895.487422591985,1257766912000000.0,1630.8197144353337,214425600000.0,,,,,,,0.0
td3,HalfCheetah-v5,1024.0,1024,1,,,,b1024,85062,47052.91818693679,2515748249600000.0,45254.92711365682,2515533824000000.0,1797.9910732799722,214425600000.0,,,,,,,0.0
td3,HalfCheetah-v5,1024.0,100,1,,,,base,958,27853.366707825,245872025600000.0,26466.21713310827,245657600000000.0,1387.1495747167248,214425600000.0,,,,,,,1.306118159881073e-16
td3,HalfCheetah-v5,1024.0,100,2,,,,utd2,958,55441.41933546207,491529625600000.0,54044.42160993193,491315200000000.0,1396.9977255301303,214425600000.0,,,,,,,2.6247371374670037e-16
td3,HalfCheetah-v5,1024.0,100,4,,,,utd4,958,107077.64923566616,982844825600000.0,105680.79890227562,982630400000000.0,1396.850333390524,214425600000.0,,,,,,,1.3590058553059642e-16
td3,HalfCheetah-v5,256.0,100,1,,,,w256,958,22824.529360800305,16208844800000.0,21593.24585214382,16194560000000.0,1231.283508656487,14284800000.0,,,,,,,1.59388995478685e-16
td3,HalfCheetah-v5,512.0,100,1,,,,w512,958,25271.90909153322,62590464000000.0,23989.88534121248,62535680000000.0,1282.0237503207452,54784000000.0,,,,,,,2.87906924159563e-16
td3,HalfCheetah-v5,1024.0,256,1,,,,b256,958,33606.729732516425,629097881600000.0,32066.64836989405,628883456000000.0,1540.0813626223724,214425600000.0,,,,,,,0.0
td3,HalfCheetah-v5,1024.0,512,1,,,,b512,958,40966.94034909362,1257981337600000.0,39289.703202527984,1257766912000000.0,1677.2371465656431,214425600000.0,,,,,,,1.7760559007293314e-16
td3,HalfCheetah-v5,1024.0,1024,1,,,,b1024,958,47499.51338635127,2515748249600000.0,45755.255012212896,2515533824000000.0,1744.2583741383828,214425600000.0,,,,,,,3.063592485675499e-16
tdmpc2,Ant-v5,,256,1,3.0,5.0,,base,14577,495481.5677581689,1.007634691072e+16,229971.5277329666,4245907046400000.0,254466.0524405877,5618144512000000.0,,,,,11043.98758461464,212295352320000.0,1.1747694505939116e-16
tdmpc2,Ant-v5,,256,1,3.0,3.0,,numq3,14577,409148.3176787095,8116086507520000.0,177459.94933154515,3057870438400000.0,223287.043018922,4905322547200000.0,,,,,8401.325328242387,152893521920000.0,0.0
tdmpc2,Ant-v5,,256,1,3.0,7.0,,numq7,14577,579891.2922012984,1.203660731392e+16,284770.36035925994,5433943654400000.0,281007.55206884485,6330966476800000.0,,,,,14113.37977319354,271697182720000.0,2.0075369882692326e-16
tdmpc2,Ant-v5,,256,1,1.0,5.0,,horizon1,14577,302886.94426849426,5034197125120000.0,145986.51429351664,1674143334400000.0,149348.72337224009,3276346624000000.0,,,,,7551.706602737532,83707166720000.0,0.0
tdmpc2,Ant-v5,,256,1,5.0,5.0,,horizon5,14577,647144.0859990183,1.511849669632e+16,280519.83732846763,6817670758400000.0,353402.94152500835,7959942400000000.0,,,,,13221.307145542209,340883537920000.0,0.0
tdmpc2,Ant-v5,,256,1,3.0,5.0,,base,331,494521.0761148802,1.007634691072e+16,228875.36462965576,4245907046400000.0,254833.84646002308,5618144512000000.0,,,,,10811.865025201443,212295352320000.0,1.1770511657615463e-16
tdmpc2,Ant-v5,,256,1,3.0,3.0,,numq3,331,412601.1429811464,8116086507520000.0,181360.83194184853,3057870438400000.0,222788.3627145741,4905322547200000.0,,,,,8451.948324723819,152893521920000.0,0.0
tdmpc2,Ant-v5,,256,1,3.0,7.0,,numq7,331,578631.7382342604,1.203660731392e+16,283895.3934744186,5433943654400000.0,281547.12964465324,6330966476800000.0,,,,,13189.215115188506,271697182720000.0,0.0
tdmpc2,Ant-v5,,256,1,1.0,5.0,,horizon1,331,300248.4917151275,5034197125120000.0,144262.7652873457,1674143334400000.0,149166.23185430656,3276346624000000.0,,,,,6819.494573475219,83707166720000.0,0.0
tdmpc2,Ant-v5,,256,1,5.0,5.0,,horizon5,331,651996.421716765,1.511849669632e+16,284346.5038928329,6817670758400000.0,354384.9974999318,7959942400000000.0,,,,,13264.92032400037,340883537920000.0,1.7855208701974595e-16
tdmpc2,Ant-v5,,256,1,3.0,5.0,,base,43611,492279.3634419684,1.007634691072e+16,226517.90308149235,4245907046400000.0,254973.5637532143,5618144512000000.0,,,,,10787.896607261782,212295352320000.0,0.0
tdmpc2,Ant-v5,,256,1,3.0,3.0,,numq3,43611,409103.986516654,8116086507520000.0,177930.64710633404,3057870438400000.0,222818.48644792152,4905322547200000.0,,,,,8354.852962398407,152893521920000.0,0.0
tdmpc2,Ant-v5,,256,1,3.0,7.0,,numq7,43611,572996.5177283535,1.203660731392e+16,279271.3776732333,5433943654400000.0,280644.9347884554,6330966476800000.0,,,,,13080.205266664858,271697182720000.0,0.0
tdmpc2,Ant-v5,,256,1,1.0,5.0,,horizon1,43611,301722.4533718455,5034197125120000.0,145569.05790677783,1674143334400000.0,149296.8006316556,3276346624000000.0,,,,,6856.594833412063,83707166720000.0,1.929178961094147e-16
tdmpc2,Ant-v5,,256,1,5.0,5.0,,horizon5,43611,646516.6877123018,1.511849669632e+16,279038.52956302726,6817670758400000.0,354120.9626294234,7959942400000000.0,,,,,13357.195519851177,340883537920000.0,0.0
tdmpc2,Ant-v5,,256,1,3.0,5.0,,base,85062,491066.3445377538,1.007634691072e+16,225312.96606235727,4245907046400000.0,254917.0556039876,5618144512000000.0,,,,,10836.322871408913,212295352320000.0,1.1853319120914084e-16
tdmpc2,Ant-v5,,256,1,3.0,3.0,,numq3,85062,413032.57654833375,8116086507520000.0,181639.64844540664,3057870438400000.0,223042.35982847295,4905322547200000.0,,,,,8350.568274454143,152893521920000.0,0.0
tdmpc2,Ant-v5,,256,1,3.0,7.0,,numq7,85062,575050.7682168427,1.203660731392e+16,281859.9292850675,5433943654400000.0,280090.27701463195,6330966476800000.0,,,,,13100.56191714327,271697182720000.0,0.0
tdmpc2,Ant-v5,,256,1,1.0,5.0,,horizon1,85062,307005.0878031884,5034197125120000.0,149598.8279442727,1674143334400000.0,150227.37081952623,3276346624000000.0,,,,,7178.88903938951,83707166720000.0,0.0
tdmpc2,Ant-v5,,256,1,5.0,5.0,,horizon5,85062,648107.7413165072,1.511849669632e+16,280543.57856439566,6817670758400000.0,354343.01680307207,7959942400000000.0,,,,,13221.14594903954,340883537920000.0,0.0
tdmpc2,Ant-v5,,256,1,3.0,5.0,,base,958,492607.27396097686,1.007634691072e+16,228086.71311880875,4245907046400000.0,253689.42107504196,5618144512000000.0,,,,,10831.139767126142,212295352320000.0,1.1816240642455164e-16
tdmpc2,Ant-v5,,256,1,3.0,3.0,,numq3,958,412898.4463520238,8116086507520000.0,181346.0369445959,3057870438400000.0,223137.41204813527,4905322547200000.0,,,,,8414.997359292576,152893521920000.0,1.4097331057487545e-16
tdmpc2,Ant-v5,,256,1,3.0,7.0,,numq7,958,578036.7019643057,1.203660731392e+16,283765.79401730734,5433943654400000.0,281164.7736474082,6330966476800000.0,,,,,13106.134299590169,271697182720000.0,2.013978029964671e-16
tdmpc2,Ant-v5,,256,1,1.0,5.0,,horizon1,958,304291.82487515843,5034197125120000.0,147598.98281692344,1674143334400000.0,149168.10906889167,3276346624000000.0,,,,,7524.73298934334,83707166720000.0,1.91288940928164e-16
tdmpc2,Ant-v5,,256,1,5.0,5.0,,horizon5,958,657595.3840628616,1.511849669632e+16,289337.89119090745,6817670758400000.0,354877.40634305606,7959942400000000.0,,,,,13380.086528898026,340883537920000.0,0.0
tdmpc2,HalfCheetah-v5,,256,1,3.0,5.0,,base,14577,448887.0210549655,8832690636800000.0,224113.2905764397,3990552576000000.0,213584.26747257164,4642610432000000.0,,,,,11189.4630059542,199527628800000.0,1.296710713013464e-16
tdmpc2,HalfCheetah-v5,,256,1,3.0,3.0,,numq3,14577,361649.47440176026,6875890534400000.0,171883.06070441057,2804613120000000.0,181789.610157726,3931046758400000.0,,,,,7976.803539623699,140230656000000.0,0.0
tdmpc2,HalfCheetah-v5,,256,1,3.0,7.0,,numq7,14577,525022.9707691211,1.07894907392e+16,270175.20668546297,5176492032000000.0,242118.8503650551,5354174105600000.0,,,,,12728.91371860293,258824601600000.0,0.0
tdmpc2,HalfCheetah-v5,,256,1,1.0,5.0,,horizon1,14577,282323.4238497344,4614507284480000.0,140449.62296884443,1586928025600000.0,135045.3193843967,2948232857600000.0,,,,,6828.481496493317,79346401280000.0,2.0617368590871233e-16
tdmpc2,HalfCheetah-v5,,256,1,5.0,5.0,,horizon5,14577,564982.3106674543,1.305087398912e+16,263943.14863840974,6394177126400000.0,288426.7130951082,6336988006400000.0,,,,,12612.448933936332,319708856320000.0,0.0
tdmpc2,HalfCheetah-v5,,256,1,3.0,5.0,,base,331,450781.5288983376,8832690636800000.0,225855.4187468607,3990552576000000.0,213686.81216647336,4642610432000000.0,,,,,11239.297985003495,199527628800000.0,1.2912610029900908e-16
tdmpc2,HalfCheetah-v5,,256,1,3.0,3.0,,numq3,331,355832.2020007477,6875890534400000.0,165786.78438011772,2804613120000000.0,181567.36448676817,3931046758400000.0,,,,,8478.053133861846,140230656000000.0,1.6358176855883631e-16
tdmpc2,HalfCheetah-v5,,256,1,3.0,7.0,,numq7,331,524063.921873051,1.07894907392e+16,268540.22319956834,5176492032000000.0,242784.30468812963,5354174105600000.0,,,,,12739.393985353045,258824601600000.0,1.1106977314032238e-16
tdmpc2,HalfCheetah-v5,,256,1,1.0,5.0,,horizon1,331,282161.04459104914,4614507284480000.0,140424.5585033853,1586928025600000.0,135243.76218569514,2948232857600000.0,,,,,6492.7239019686685,79346401280000.0,0.0
tdmpc2,HalfCheetah-v5,,256,1,5.0,5.0,,horizon5,331,572163.4903017058,1.305087398912e+16,271967.6533685112,6394177126400000.0,287543.5809247737,6336988006400000.0,,,,,12652.256008420967,319708856320000.0,0.0
tdmpc2,HalfCheetah-v5,,256,1,3.0,5.0,,base,43611,442742.9557954809,8832690636800000.0,218788.49011023593,3990552576000000.0,213677.6002078068,4642610432000000.0,,,,,10276.865477438228,199527628800000.0,0.0
tdmpc2,HalfCheetah-v5,,256,1,3.0,3.0,,numq3,43611,360006.4767349137,6875890534400000.0,169224.30555248575,2804613120000000.0,182242.6724892369,3931046758400000.0,,,,,8539.498693191064,140230656000000.0,0.0
tdmpc2,HalfCheetah-v5,,256,1,3.0,7.0,,numq7,43611,528006.9159369369,1.07894907392e+16,272714.4931732536,5176492032000000.0,242533.65019468195,5354174105600000.0,,,,,12758.77256900128,258824601600000.0,0.0
tdmpc2,HalfCheetah-v5,,256,1,1.0,5.0,,horizon1,43611,278242.7814382312,4614507284480000.0,136485.25974332244,1586928025600000.0,135204.71188996412,2948232857600000.0,,,,,6552.809804944564,79346401280000.0,2.0919738011743992e-16
tdmpc2,HalfCheetah-v5,,256,1,5.0,5.0,,horizon5,43611,576230.4680768166,1.305087398912e+16,274394.11527342134,6394177126400000.0,288351.9151161331,6336988006400000.0,,,,,13484.437687262152,319708856320000.0,0.0
tdmpc2,HalfCheetah-v5,,256,1,3.0,5.0,,base,85062,447949.4411804456,8832690636800000.0,222366.25888393458,3990552576000000.0,214401.7324306464,4642610432000000.0,,,,,11181.449865864644,199527628800000.0,1.2994247913353209e-16
tdmpc2,HalfCheetah-v5,,256,1,3.0,3.0,,numq3,85062,358231.81499838555,6875890534400000.0,167976.9447153719,2804613120000000.0,182381.4208639699,3931046758400000.0,,,,,7873.449419043767,140230656000000.0,0.0
tdmpc2,HalfCheetah-v5,,256,1,3.0,7.0,,numq7,85062,526983.4145755474,1.07894907392e+16,272746.3052338219,5176492032000000.0,241543.5043061589,5354174105600000.0,,,,,12693.605035566648,258824601600000.0,0.0
tdmpc2,HalfCheetah-v5,,256,1,1.0,5.0,,horizon1,85062,281263.32696306944,4614507284480000.0,139180.99289218674,1586928025600000.0,135333.0040487252,2948232857600000.0,,,,,6749.3300221575055,79346401280000.0,2.0695076582490334e-16
tdmpc2,HalfCheetah-v5,,256,1,5.0,5.0,,horizon5,85062,571825.3478820245,1.305087398912e+16,269995.6624605132,6394177126400000.0,289179.6785719882,6336988006400000.0,,,,,12650.006849523214,319708856320000.0,0.0
tdmpc2,HalfCheetah-v5,,256,1,3.0,5.0,,base,958,445072.8965718177,8832690636800000.0,220939.35779572246,3990552576000000.0,213703.56604655096,4642610432000000.0,,,,,10429.972729544252,199527628800000.0,0.0
tdmpc2,HalfCheetah-v5,,256,1,3.0,3.0,,numq3,958,358216.0024986092,6875890534400000.0,167733.46697089393,2804613120000000.0,181957.6446838714,3931046758400000.0,,,,,8524.890843843796,140230656000000.0,1.62493189883926e-16
tdmpc2,HalfCheetah-v5,,256,1,3.0,7.0,,numq7,958,528733.5902391558,1.07894907392e+16,273990.2427631547,5176492032000000.0,241991.90962237716,5354174105600000.0,,,,,12751.437853623936,258824601600000.0,2.201776546375237e-16
tdmpc2,HalfCheetah-v5,,256,1,1.0,5.0,,horizon1,958,279441.6964314169,4614507284480000.0,137555.0972035162,1586928025600000.0,135060.01432058847,2948232857600000.0,,,,,6826.584907312241,79346401280000.0,0.0
tdmpc2,HalfCheetah-v5,,256,1,5.0,5.0,,horizon5,958,571202.394097797,1.305087398912e+16,270796.861137303,6394177126400000.0,287831.49874897767,6336988006400000.0,,,,,12574.03421151625,319708856320000.0,0.0
