algo,env,config,n_runs,train_episodes_min,train_episodes_median,train_episodes_max,warmup_episodes_min,warmup_episodes_median,warmup_episodes_max,train_episode_length_min,train_episode_length_median,train_episode_length_max
sac,HalfCheetah-v5,base,5,100,100.0,100,5,5.0,5,1000,1000.0,1000
sac,HalfCheetah-v5,utd2,5,100,100.0,100,5,5.0,5,1000,1000.0,1000
sac,HalfCheetah-v5,utd4,5,100,100.0,100,5,5.0,5,1000,1000.0,1000
sac,HalfCheetah-v5,w256,5,100,100.0,100,5,5.0,5,1000,1000.0,1000
sac,HalfCheetah-v5,w512,5,100,100.0,100,5,5.0,5,1000,1000.0,1000
sac,HalfCheetah-v5,b512,5,100,100.0,100,5,5.0,5,1000,1000.0,1000
sac,HalfCheetah-v5,b1024,5,100,100.0,100,5,5.0,5,1000,1000.0,1000
sac,Ant-v5,base,5,234,269.0,271,22,30.0,49,9,192.0,1000
sac,Ant-v5,utd2,5,288,319.0,327,22,30.0,49,7,129.0,1000
sac,Ant-v5,utd4,5,375,409.0,433,22,30.0,49,7,85.5,1000
sac,Ant-v5,w256,5,178,189.0,216,22,30.0,49,8,381.0,1000
sac,Ant-v5,w512,5,255,269.0,325,22,30.0,49,9,159.0,1000
sac,Ant-v5,b512,5,328,355.0,355,22,30.0,49,8,117.0,1000
sac,Ant-v5,b1024,5,379,430.0,511,22,30.0,49,10,85.0,1000
td3,HalfCheetah-v5,base,5,100,100.0,100,10,10.0,10,1000,1000.0,1000
td3,HalfCheetah-v5,utd2,5,100,100.0,100,10,10.0,10,1000,1000.0,1000
td3,HalfCheetah-v5,utd4,5,100,100.0,100,10,10.0,10,1000,1000.0,1000
td3,HalfCheetah-v5,w256,5,100,100.0,100,10,10.0,10,1000,1000.0,1000
td3,HalfCheetah-v5,w512,5,100,100.0,100,10,10.0,10,1000,1000.0,1000
td3,HalfCheetah-v5,b256,5,100,100.0,100,10,10.0,10,1000,1000.0,1000
td3,HalfCheetah-v5,b512,5,100,100.0,100,10,10.0,10,1000,1000.0,1000
td3,HalfCheetah-v5,b1024,5,100,100.0,100,10,10.0,10,1000,1000.0,1000
td3,Ant-v5,base,5,194,248.0,277,48,65.0,80,6,188.0,1000
td3,Ant-v5,utd2,5,239,249.0,305,48,65.0,80,7,170.0,1000
td3,Ant-v5,utd4,5,276,316.0,337,48,65.0,80,7,124.0,1000
td3,Ant-v5,w256,5,171,189.0,216,48,65.0,80,11,387.0,1000
td3,Ant-v5,w512,5,196,219.0,263,48,65.0,80,11,234.0,1000
td3,Ant-v5,b256,5,253,299.0,350,48,65.0,80,10,141.0,1000
td3,Ant-v5,b512,5,266,339.0,379,48,65.0,80,11,108.0,1000
td3,Ant-v5,b1024,5,389,504.0,546,48,65.0,80,8,77.0,1000
mbpo,HalfCheetah-v5,base,5,100,100.0,100,5,5.0,5,1000,1000.0,1000
mbpo,HalfCheetah-v5,utd2,5,100,100.0,100,5,5.0,5,1000,1000.0,1000
mbpo,HalfCheetah-v5,utd4,5,100,100.0,100,5,5.0,5,1000,1000.0,1000
mbpo,HalfCheetah-v5,w256,5,100,100.0,100,5,5.0,5,1000,1000.0,1000
mbpo,HalfCheetah-v5,w512,5,100,100.0,100,5,5.0,5,1000,1000.0,1000
mbpo,HalfCheetah-v5,b512,5,100,100.0,100,5,5.0,5,1000,1000.0,1000
mbpo,HalfCheetah-v5,b1024,5,100,100.0,100,5,5.0,5,1000,1000.0,1000
mbpo,Ant-v5,base,5,196,225.0,282,22,30.0,49,9,142.0,1000
mbpo,Ant-v5,utd2,5,214,276.0,285,22,30.0,49,8,113.0,1000
mbpo,Ant-v5,utd4,5,243,324.0,431,22,30.0,49,7,79.0,1000
mbpo,Ant-v5,w256,5,240,266.0,303,22,30.0,49,7,114.0,1000
mbpo,Ant-v5,w512,5,235,243.0,268,22,30.0,49,6,137.0,1000
mbpo,Ant-v5,b512,5,230,263.0,358,22,30.0,49,6,128.5,1000
mbpo,Ant-v5,b1024,5,219,259.0,285,22,30.0,49,7,148.0,1000
mbpo,Ant-v5,rollout1,5,154,160.0,230,22,30.0,49,10,667.0,1000
mbpo,Ant-v5,rollout15,5,211,267.0,301,22,30.0,49,8,134.0,1000
tdmpc2,HalfCheetah-v5,base,5,100,100.0,100,5,5.0,5,1000,1000.0,1000
tdmpc2,HalfCheetah-v5,numq3,5,100,100.0,100,5,5.0,5,1000,1000.0,1000
tdmpc2,HalfCheetah-v5,numq7,5,100,100.0,100,5,5.0,5,1000,1000.0,1000
tdmpc2,HalfCheetah-v5,horizon1,5,100,100.0,100,5,5.0,5,1000,1000.0,1000
tdmpc2,HalfCheetah-v5,horizon5,5,100,100.0,100,5,5.0,5,1000,1000.0,1000
tdmpc2,Ant-v5,base,5,884,1833.0,2201,22,30.0,49,6,22.0,1000
tdmpc2,Ant-v5,numq3,5,1376,1990.0,2556,22,30.0,49,6,19.0,1000
tdmpc2,Ant-v5,numq7,5,919,1216.0,1560,22,30.0,49,6,31.0,1000
tdmpc2,Ant-v5,horizon1,5,440,454.0,536,22,30.0,49,7,85.0,1000
tdmpc2,Ant-v5,horizon5,5,1044,1631.0,1712,22,30.0,49,6,26.0,1000
