algo,env,config,n_runs,rollout_steps,rollout_s_per_1000_steps_mean,rollout_s_per_1000_steps_sd,rollout_s_per_1000_steps_pipeline_csv_mean
sac,HalfCheetah-v5,base,5,100000,0.2047744656259983,0.002652628869050928,0.2047744656259983
sac,HalfCheetah-v5,utd2,5,100000,0.20394045899600588,0.0035229639612308,0.20394045899600588
sac,HalfCheetah-v5,utd4,5,100000,0.20493697406400316,0.003876094330048378,0.20493697406400316
sac,HalfCheetah-v5,w256,5,100000,0.19700630565001664,0.0008941891983492897,0.19700630565001667
sac,HalfCheetah-v5,w512,5,100000,0.19707726720199573,0.001116034556283541,0.1970772672019957
sac,HalfCheetah-v5,b512,5,100000,0.2042478241697827,0.00422857949536316,0.20424782416978265
sac,HalfCheetah-v5,b1024,5,100000,0.2048113670303137,0.003517028524218833,0.20481136703031372
sac,Ant-v5,base,5,100000,0.3598981744619842,0.0028803120441124887,0.3598981744619842
sac,Ant-v5,utd2,5,100000,0.36235294781948324,0.004415661625272516,0.36235294781948324
sac,Ant-v5,utd4,5,100000,0.36470098021411107,0.002392609901484526,0.36470098021411107
sac,Ant-v5,w256,5,100000,0.3533906180219929,0.0027847164752459507,0.3533906180219929
sac,Ant-v5,w512,5,100000,0.3525206978739989,0.0014128455771780326,0.3525206978739989
sac,Ant-v5,b512,5,100000,0.3554369400960013,0.000834737057587854,0.3554369400960013
sac,Ant-v5,b1024,5,100000,0.3574006061020027,0.003016263506614779,0.3574006061020028
td3,HalfCheetah-v5,base,5,100000,0.11111863098209138,0.0005961866341627673,0.11111863098209143
td3,HalfCheetah-v5,utd2,5,100000,0.11132929077150763,0.0012970089309367135,0.11132929077150766
td3,HalfCheetah-v5,utd4,5,100000,0.11085755621976565,0.0019863900241314687,0.1108575562197657
td3,HalfCheetah-v5,w256,5,100000,0.10490136777996666,0.0008420586953509861,0.10490136777996668
td3,HalfCheetah-v5,w512,5,100000,0.10671540182594615,0.0004814467857916824,0.10671540182594616
td3,HalfCheetah-v5,b256,5,100000,0.10970169124004311,0.0010309242709059803,0.10970169124004317
td3,HalfCheetah-v5,b512,5,100000,0.10929354157162012,0.0007739053567822635,0.10929354157162016
td3,HalfCheetah-v5,b1024,5,100000,0.10832308242007274,0.0020604213802563947,0.10832308242007274
td3,Ant-v5,base,5,100000,0.24747307032940444,0.0017814132609240343,0.24747307032940444
td3,Ant-v5,utd2,5,100000,0.24752692414587366,0.0026502976367525745,0.24752692414587366
td3,Ant-v5,utd4,5,100000,0.24786005628167188,0.0017938512513059506,0.24786005628167188
td3,Ant-v5,w256,5,100000,0.24339250823186012,0.0033880490723344338,0.24339250823186012
td3,Ant-v5,w512,5,100000,0.2442166759401589,0.0014151163154137378,0.2442166759401589
td3,Ant-v5,b256,5,100000,0.2450152456639189,0.0019702566056346727,0.2450152456639189
td3,Ant-v5,b512,5,100000,0.24418647860395143,0.003167022309712129,0.24418647860395143
td3,Ant-v5,b1024,5,100000,0.24364636403808254,0.0024478993082511923,0.24364636403808254
mbpo,HalfCheetah-v5,base,5,100000,0.20378508483185578,0.0041523810052451595,0.20378508483185578
mbpo,HalfCheetah-v5,utd2,5,100000,0.20629212823396847,0.0023663455496404583,0.20629212823396847
mbpo,HalfCheetah-v5,utd4,5,100000,0.2048467297559946,0.0015263525611200945,0.2048467297559946
mbpo,HalfCheetah-v5,w256,5,100000,0.19873599370009107,0.0019979380681185866,0.19873599370009107
mbpo,HalfCheetah-v5,w512,5,100000,0.20023248041805347,0.002741761643073797,0.20023248041805347
mbpo,HalfCheetah-v5,b512,5,100000,0.20330784430002677,0.0011756095511501088,0.20330784430002677
mbpo,HalfCheetah-v5,b1024,5,100000,0.20273045002800064,0.0004949401156302022,0.20273045002800064
mbpo,Ant-v5,base,5,100000,0.3668057483741577,0.000873144655706933,0.3668057483741577
mbpo,Ant-v5,utd2,5,100000,0.3693926367580425,0.003078484891380845,0.3693926367580425
mbpo,Ant-v5,utd4,5,100000,0.3669764990361145,0.00256833591655713,0.3669764990361145
mbpo,Ant-v5,w256,5,100000,0.35950290845583366,0.0017785046150777613,0.35950290845583366
mbpo,Ant-v5,w512,5,100000,0.36171912436584536,0.0010173503859153923,0.36171912436584536
mbpo,Ant-v5,b512,5,100000,0.36577407824199326,0.0012272060854390681,0.36577407824199326
mbpo,Ant-v5,b1024,5,100000,0.36743698691992904,0.002352166317436327,0.3674369869199291
mbpo,Ant-v5,rollout1,5,100000,0.3701425256020448,0.0037093614340411606,0.3701425256020448
mbpo,Ant-v5,rollout15,5,100000,0.3663794933500612,0.002915414997939997,0.3663794933500612
tdmpc2,HalfCheetah-v5,base,5,100000,10.142405198376014,0.025168755143161893,10.142405198376014
tdmpc2,HalfCheetah-v5,numq3,5,100000,8.864124323106001,0.027922092105597963,8.864124323106001
tdmpc2,HalfCheetah-v5,numq7,5,100000,11.386615143441844,0.009382464547991977,11.386615143441844
tdmpc2,HalfCheetah-v5,horizon1,5,100000,6.647342465188297,0.011611877522025747,6.647342465188297
tdmpc2,HalfCheetah-v5,horizon5,5,100000,13.559437945519807,0.011484453213044608,13.559437945519807
tdmpc2,Ant-v5,base,5,100000,11.947408563364013,0.0050904195962429245,11.947408563364013
tdmpc2,Ant-v5,numq3,5,100000,10.711224982739878,0.004631037998157498,10.711224982739878
tdmpc2,Ant-v5,numq7,5,100000,13.229434527054021,0.006210854165780152,13.229434527054021
tdmpc2,Ant-v5,horizon1,5,100000,7.366103204883606,0.030359209581990485,7.366103204883606
tdmpc2,Ant-v5,horizon5,5,100000,16.54495011471995,0.03513270441408141,16.544950114719946
