env,config,n_runs,last10pct_return_mean,last10pct_return_sd,last10pct_return_min,last10pct_return_max
HalfCheetah-v5,base,5,5146.448975974026,642.8119633148858,4371.274216999698,5879.711213737166
HalfCheetah-v5,utd2,5,5285.4279454009875,499.80225465509284,4680.452515889761,5945.741494975517
HalfCheetah-v5,utd4,5,5903.650509603668,333.88357559359537,5432.637384749718,6247.553152769613
HalfCheetah-v5,w256,5,4534.754450496254,1027.7986269631785,3255.3547582761726,5652.745051147566
HalfCheetah-v5,w512,5,5133.805799946037,451.37784251881527,4490.82276856634,5546.553622469741
HalfCheetah-v5,b512,5,5055.125032545674,468.32256394993243,4607.20654811404,5762.966899595637
HalfCheetah-v5,b1024,5,5181.4802764725155,566.1436366924928,4361.278429721145,5877.1743108832725
Ant-v5,base,5,-325.47821391378886,159.9733533599788,-523.2071760948405,-157.56697109938008
Ant-v5,utd2,5,-459.1380817918907,263.5951970454974,-883.1431553466239,-188.12724142749857
Ant-v5,utd4,5,-599.2100595482983,186.08300600708384,-855.1611772001373,-336.5231744152511
Ant-v5,w256,5,-695.4640904325786,246.075661247058,-903.7759852888702,-342.14334355686105
Ant-v5,w512,5,-413.37357764372075,167.5633493766288,-628.3469978700505,-250.17619079059259
Ant-v5,b512,5,-244.57243168825352,172.97624311088765,-436.29366682450046,2.2832412760084693
Ant-v5,b1024,5,-348.45895622957715,198.16698000634332,-698.4127122985368,-209.0859224878835
Ant-v5,rollout1,5,-756.7475857113409,524.9633748206011,-1340.9896165713847,-357.18360238053214
Ant-v5,rollout15,5,-407.71581805849576,245.80556500305167,-802.1181770819237,-138.5423116081602
