algo,config,item,thesis,computed,ok,note
sac,base,E_total ratio,1.057,1.0569948459746001,True,
sac,base,E_rollout ratio,1.736,1.7358280986557364,True,
sac,base,max|dshare| pp,2.631,2.631344597961456,True,
sac,base,P_total ratio,1.001,1.001047766787823,True,
sac,base,Proll/PGU ratio,0.9803,0.9803366209116195,True,
sac,base,JPF ratio,0.9873,0.9873315007874148,True,
sac,base,max|dshare| segment,rollout,rollout,True,
sac,utd2,E_total ratio,1.044,1.043703462916399,True,
sac,utd2,E_rollout ratio,1.714,1.7142469604172181,True,
sac,utd2,max|dshare| pp,1.368,1.3679887283264205,True,
sac,utd2,P_total ratio,1.005,1.0052799454523553,True,
sac,utd2,Proll/PGU ratio,0.9557,0.9557160330792946,True,
sac,utd2,JPF ratio,0.9749,0.9749179951793839,True,
sac,utd2,max|dshare| segment,rollout,rollout,True,
sac,utd4,E_total ratio,1.027,1.0271019577649503,True,
sac,utd4,E_rollout ratio,1.682,1.6818415983939587,True,
sac,utd4,max|dshare| pp,0.9364,0.9364403410824764,True,
sac,utd4,P_total ratio,1.004,1.0043173489318782,True,
sac,utd4,Proll/PGU ratio,0.9388,0.9387645878657355,True,
sac,utd4,JPF ratio,0.9594,0.95941154168768,True,
sac,utd4,max|dshare| segment,critic,critic_update,True,
sac,w256,E_total ratio,1.054,1.054364583235086,True,
sac,w256,E_rollout ratio,1.8,1.7998032630923937,True,
sac,w256,max|dshare| pp,3.399,3.398547060437307,True,
sac,w256,P_total ratio,0.9999,0.9999489101317268,True,
sac,w256,Proll/PGU ratio,1.004,1.004214002742723,True,
sac,w256,JPF ratio,0.8329,0.8328579217930152,True,
sac,w256,max|dshare| segment,rollout,rollout,True,
sac,w512,E_total ratio,1.053,1.053392647453202,True,
sac,w512,E_rollout ratio,1.785,1.785410018223353,True,
sac,w512,max|dshare| pp,3.263,3.2631541223866387,True,
sac,w512,P_total ratio,1.004,1.0042447669369723,True,
sac,w512,Proll/PGU ratio,0.9931,0.9931065895064056,True,
sac,w512,JPF ratio,0.9254,0.9254130904135778,True,
sac,w512,max|dshare| segment,rollout,rollout,True,
sac,b512,E_total ratio,1.048,1.0475863312099611,True,
sac,b512,E_rollout ratio,1.65,1.64987969524371,True,
sac,b512,max|dshare| pp,2.084,2.0836452576154953,True,
sac,b512,P_total ratio,1.0,0.9999974038740532,True,
sac,b512,Proll/PGU ratio,0.9376,0.9375621419105692,True,
sac,b512,JPF ratio,0.9785,0.9785449623274354,True,
sac,b512,max|dshare| segment,rollout,rollout,True,
sac,b1024,E_total ratio,1.081,1.081240332353749,True,
sac,b1024,E_rollout ratio,1.652,1.652364107324866,True,
sac,b1024,max|dshare| pp,2.068,2.0676555073011884,True,
sac,b1024,P_total ratio,1.008,1.0075184660082188,True,
sac,b1024,Proll/PGU ratio,0.9279,0.9278741736667351,True,
sac,b1024,JPF ratio,1.01,1.0099819656227407,True,
sac,b1024,max|dshare| segment,actor,actor_update,True,
mbpo,base,E_total ratio,1.221,1.2205618533498066,True,
mbpo,base,E_rollout ratio,1.768,1.767689165212657,True,
mbpo,base,max|dshare| pp,3.818,3.8183678338133062,True,
mbpo,base,P_total ratio,0.9958,0.9958210611332897,True,
mbpo,base,Proll/PGU ratio,0.9732,0.973149616327877,True,matches only via double rounding (6-digit repo value -> 4 digits)
mbpo,base,JPF ratio,0.9765,0.976476414541793,True,
mbpo,base,max|dshare| segment,fit,dynamics_model_update,True,
mbpo,utd2,E_total ratio,1.178,1.1783364089144899,True,
mbpo,utd2,E_rollout ratio,1.749,1.7490118519704057,True,
mbpo,utd2,max|dshare| pp,5.06,5.060200754371316,True,
mbpo,utd2,P_total ratio,0.9945,0.9945203359271882,True,
mbpo,utd2,Proll/PGU ratio,0.9743,0.9742581280053464,True,
mbpo,utd2,JPF ratio,1.0,1.000284532884604,True,
mbpo,utd2,max|dshare| segment,fit,dynamics_model_update,True,
mbpo,utd4,E_total ratio,1.136,1.1360997682088803,True,
mbpo,utd4,E_rollout ratio,1.755,1.7550606917455087,True,
mbpo,utd4,max|dshare| pp,5.948,5.948381657375333,True,
mbpo,utd4,P_total ratio,0.9908,0.9907796437699665,True,
mbpo,utd4,Proll/PGU ratio,0.9754,0.9753897588167385,True,
mbpo,utd4,JPF ratio,1.007,1.0073672157504097,True,
mbpo,utd4,max|dshare| segment,fit,dynamics_model_update,True,
mbpo,w256,E_total ratio,1.248,1.2478660277981917,True,
mbpo,w256,E_rollout ratio,1.762,1.7615245809795692,True,
mbpo,w256,max|dshare| pp,3.859,3.858695752832054,True,
mbpo,w256,P_total ratio,1.006,1.0056724733564169,True,
mbpo,w256,Proll/PGU ratio,0.9765,0.9764613759651527,True,
mbpo,w256,JPF ratio,0.7042,0.7041517991292936,True,
mbpo,w256,max|dshare| segment,fit,dynamics_model_update,True,
mbpo,w512,E_total ratio,1.202,1.201633059678517,True,
mbpo,w512,E_rollout ratio,1.759,1.7589914576713936,True,
mbpo,w512,max|dshare| pp,2.962,2.96200975731434,True,
mbpo,w512,P_total ratio,1.003,1.0033228960584764,True,
mbpo,w512,Proll/PGU ratio,0.9719,0.9719423000767672,True,
mbpo,w512,JPF ratio,0.7998,0.7997885396414782,True,
mbpo,w512,max|dshare| segment,fit,dynamics_model_update,True,
mbpo,b512,E_total ratio,1.183,1.1831242193101208,True,
mbpo,b512,E_rollout ratio,1.726,1.7258836233062114,True,
mbpo,b512,max|dshare| pp,3.228,3.227703702530866,True,
mbpo,b512,P_total ratio,0.9938,0.9937716451081192,True,
mbpo,b512,Proll/PGU ratio,0.9449,0.9448644820738132,True,
mbpo,b512,JPF ratio,1.012,1.0116970749840526,True,
mbpo,b512,max|dshare| segment,fit,dynamics_model_update,True,
mbpo,b1024,E_total ratio,1.224,1.2242115535044698,True,
mbpo,b1024,E_rollout ratio,1.768,1.768283289907433,True,
mbpo,b1024,max|dshare| pp,3.299,3.2987038808402405,True,
mbpo,b1024,P_total ratio,1.004,1.0042614353432138,True,
mbpo,b1024,Proll/PGU ratio,0.951,0.9510409677344948,True,
mbpo,b1024,JPF ratio,1.084,1.0837353977511701,True,
mbpo,b1024,max|dshare| segment,fit,dynamics_model_update,True,
sac,base,E_total ratio (text),1.057,1.0569948459746001,True,thesis per-algorithm section text
sac,base,E_total paired sd (text),0.01179,0.01178861763621997,True,thesis per-algorithm section text
td3,base,E_total ratio (text),1.086,1.085672275282348,True,thesis per-algorithm section text
td3,base,E_total paired sd (text),0.01747,0.017469906587836294,True,thesis per-algorithm section text
mbpo,base,E_total ratio (text),1.221,1.2205618533498066,True,thesis per-algorithm section text
mbpo,base,E_total paired sd (text),0.1145,0.11454324693079494,True,thesis per-algorithm section text
tdmpc2,base,E_total ratio (text),1.103,1.103121719742628,True,thesis per-algorithm section text
tdmpc2,base,E_total paired sd (text),0.006616,0.006615578778578591,True,thesis per-algorithm section text
td3,base,max|dshare| pp (instruction: 5.045 rollout),5.045,5.0453371136778555,True,rollout
