task_name,timestamp,project_name,run_id,duration,emissions,emissions_rate,cpu_power,gpu_power,ram_power,cpu_energy,gpu_energy,ram_energy,energy_consumed,water_consumed,country_name,country_iso_code,region,cloud_provider,cloud_region,os,python_version,codecarbon_version,cpu_count,cpu_model,gpu_count,gpu_model,longitude,latitude,ram_total_size,tracking_mode,cpu_utilization_percent,gpu_utilization_percent,ram_utilization_percent,ram_used_gb,on_cloud
idle_baseline_head,2026-08-13T12:17:16,sac_HalfCheetah-v5_seed0,49a824e2-898f-43d0-8a8d-939cc872d063,90.00146649987437,0.0005064419397820829,5.627039292909026e-06,11.19520526291613,10.870156003406448,20.0,0.0002485863576569253,0.0005629485059139849,0.0005178835372220621,0.0013294184007929726,0.0,Germany,DEU,baden-wurttemberg,,,Windows-11-10.0.26200-SP0,3.14.6,3.2.9,24,Intel(R) Core(TM) Ultra 9 285K,1,1 x NVIDIA GeForce RTX 5090,9.1827,48.767,63.273277282714844,machine,0.0,0.0,0.0,0.0,N
warmup_0,2026-08-13T12:17:17,sac_HalfCheetah-v5_seed0,49a824e2-898f-43d0-8a8d-939cc872d063,0.16904629999771714,7.783884692847331e-07,4.604320512253982e-06,10.66938509047742,11.863202938123647,20.0,4.534197597530834e-07,6.508338540045511e-07,9.390288886303513e-07,2.043282502387986e-06,0.0,Germany,DEU,baden-wurttemberg,,,Windows-11-10.0.26200-SP0,3.14.6,3.2.9,24,Intel(R) Core(TM) Ultra 9 285K,1,1 x NVIDIA GeForce RTX 5090,9.1827,48.767,63.273277282714844,machine,0.0,0.0,0.0,0.0,N
rollout_0,2026-08-13T12:17:18,sac_HalfCheetah-v5_seed0,49a824e2-898f-43d0-8a8d-939cc872d063,0.8360256999731064,5.152066805974836e-06,6.162586843300173e-06,10.413098017858065,16.050139658897237,20.0,2.2406112456323213e-06,6.641671979987218e-06,4.641976666688494e-06,1.3524259892308196e-05,0.0,Germany,DEU,baden-wurttemberg,,,Windows-11-10.0.26200-SP0,3.14.6,3.2.9,24,Intel(R) Core(TM) Ultra 9 285K,1,1 x NVIDIA GeForce RTX 5090,9.1827,48.767,63.273277282714844,machine,0.0,0.0,0.0,0.0,N
gradient_updates_0,2026-08-13T12:17:30,sac_HalfCheetah-v5_seed0,49a824e2-898f-43d0-8a8d-939cc872d063,11.63410839997232,7.188325132694462e-05,6.178666677617116e-06,10.251599725006452,18.596964910942415,20.0,3.1043321881480367e-05,9.301979663801918e-05,6.463159555569287e-05,0.00018869471407519252,0.0,Germany,DEU,baden-wurttemberg,,,Windows-11-10.0.26200-SP0,3.14.6,3.2.9,24,Intel(R) Core(TM) Ultra 9 285K,1,1 x NVIDIA GeForce RTX 5090,9.1827,48.767,63.273277282714844,machine,0.0,0.0,0.0,0.0,N
rollout_1,2026-08-13T12:17:30,sac_HalfCheetah-v5_seed0,49a824e2-898f-43d0-8a8d-939cc872d063,0.7288760000374168,4.213376383102943e-06,5.780499989031393e-06,10.15248221403871,19.662269504843284,20.0,1.956178641898535e-06,5.057226267993209e-06,4.046777221891618e-06,1.1060182131783416e-05,0.0,Germany,DEU,baden-wurttemberg,,,Windows-11-10.0.26200-SP0,3.14.6,3.2.9,24,Intel(R) Core(TM) Ultra 9 285K,1,1 x NVIDIA GeForce RTX 5090,9.1827,48.767,63.273277282714844,machine,0.0,0.0,0.0,0.0,N
gradient_updates_1,2026-08-13T12:17:42,sac_HalfCheetah-v5_seed0,49a824e2-898f-43d0-8a8d-939cc872d063,11.525395500008017,7.316160055573088e-05,6.3478660297591865e-06,10.07446619763318,21.19373875297745,20.0,3.0755964515851396e-05,9.72670222579991e-05,6.402741499995403e-05,0.00019205040177380458,0.0,Germany,DEU,baden-wurttemberg,,,Windows-11-10.0.26200-SP0,3.14.6,3.2.9,24,Intel(R) Core(TM) Ultra 9 285K,1,1 x NVIDIA GeForce RTX 5090,9.1827,48.767,63.273277282714844,machine,0.0,0.0,0.0,0.0,N
rollout_2,2026-08-13T12:17:42,sac_HalfCheetah-v5_seed0,49a824e2-898f-43d0-8a8d-939cc872d063,0.7267042999155819,4.328686610939928e-06,5.956307904953268e-06,10.033357640129033,21.865126586379954,20.0,1.9682274166033767e-06,5.360004288010312e-06,4.03464166706224e-06,1.1362873371675766e-05,0.0,Germany,DEU,baden-wurttemberg,,,Windows-11-10.0.26200-SP0,3.14.6,3.2.9,24,Intel(R) Core(TM) Ultra 9 285K,1,1 x NVIDIA GeForce RTX 5090,9.1827,48.767,63.273277282714844,machine,0.0,0.0,0.0,0.0,N
gradient_updates_2,2026-08-13T12:17:54,sac_HalfCheetah-v5_seed0,49a824e2-898f-43d0-8a8d-939cc872d063,11.525700700003654,7.312203068362188e-05,6.344251979105706e-06,9.985850276825808,22.80771030246603,20.0,3.07550930367764e-05,9.716146661797875e-05,6.40299705555662e-05,0.0001919465302103213,0.0,Germany,DEU,baden-wurttemberg,,,Windows-11-10.0.26200-SP0,3.14.6,3.2.9,24,Intel(R) Core(TM) Ultra 9 285K,1,1 x NVIDIA GeForce RTX 5090,9.1827,48.767,63.273277282714844,machine,0.0,0.0,0.0,0.0,N
rollout_3,2026-08-13T12:17:55,sac_HalfCheetah-v5_seed0,49a824e2-898f-43d0-8a8d-939cc872d063,0.7119284998625517,4.29229272120614e-06,6.029079365180564e-06,9.961461045623228,23.25207020769094,20.0,1.9276117261681847e-06,5.386948754015908e-06,3.952778333849837e-06,1.1267338814033821e-05,0.0,Germany,DEU,baden-wurttemberg,,,Windows-11-10.0.26200-SP0,3.14.6,3.2.9,24,Intel(R) Core(TM) Ultra 9 285K,1,1 x NVIDIA GeForce RTX 5090,9.1827,48.767,63.273277282714844,machine,0.0,0.0,0.0,0.0,N
gradient_updates_3,2026-08-13T12:18:06,sac_HalfCheetah-v5_seed0,49a824e2-898f-43d0-8a8d-939cc872d063,11.522018700139597,7.277348517889342e-05,6.3160320223540476e-06,9.929110637257478,23.872933395662155,20.0,3.074474440947512e-05,9.627702146600137e-05,6.400982666657207e-05,0.00019103159254204856,0.0,Germany,DEU,baden-wurttemberg,,,Windows-11-10.0.26200-SP0,3.14.6,3.2.9,24,Intel(R) Core(TM) Ultra 9 285K,1,1 x NVIDIA GeForce RTX 5090,9.1827,48.767,63.273277282714844,machine,0.0,0.0,0.0,0.0,N
rollout_4,2026-08-13T12:18:07,sac_HalfCheetah-v5_seed0,49a824e2-898f-43d0-8a8d-939cc872d063,0.7150416998192668,4.158885651453633e-06,5.816452457682396e-06,9.913817895619355,23.987118090799243,20.0,1.936517947998093e-06,5.011115119996079e-06,3.96950999921597e-06,1.0917143067210033e-05,0.0,Germany,DEU,baden-wurttemberg,,,Windows-11-10.0.26200-SP0,3.14.6,3.2.9,24,Intel(R) Core(TM) Ultra 9 285K,1,1 x NVIDIA GeForce RTX 5090,9.1827,48.767,63.273277282714844,machine,0.0,0.0,0.0,0.0,N
gradient_updates_4,2026-08-13T12:18:18,sac_HalfCheetah-v5_seed0,49a824e2-898f-43d0-8a8d-939cc872d063,11.47343759983778,7.143194549679441e-05,6.225851774309339e-06,9.890123547525558,24.390357899960367,20.0,3.0615687121010376e-05,9.315451896799165e-05,6.373982277776426e-05,0.00018751002886676586,0.0,Germany,DEU,baden-wurttemberg,,,Windows-11-10.0.26200-SP0,3.14.6,3.2.9,24,Intel(R) Core(TM) Ultra 9 285K,1,1 x NVIDIA GeForce RTX 5090,9.1827,48.767,63.273277282714844,machine,0.0,0.0,0.0,0.0,N
rollout_5,2026-08-13T12:18:19,sac_HalfCheetah-v5_seed0,49a824e2-898f-43d0-8a8d-939cc872d063,0.7123167000245303,4.121088748853803e-06,5.785573313621936e-06,9.877174659616589,24.432871092287936,20.0,1.9218932908549665e-06,4.941392842017223e-06,3.954639444903735e-06,1.0817925577776086e-05,0.0,Germany,DEU,baden-wurttemberg,,,Windows-11-10.0.26200-SP0,3.14.6,3.2.9,24,Intel(R) Core(TM) Ultra 9 285K,1,1 x NVIDIA GeForce RTX 5090,9.1827,48.767,63.273277282714844,machine,0.0,0.0,0.0,0.0,N
gradient_updates_5,2026-08-13T12:18:31,sac_HalfCheetah-v5_seed0,49a824e2-898f-43d0-8a8d-939cc872d063,11.485406399937347,7.194014785163181e-05,6.263611156574332e-06,9.859070119215485,24.77665962449635,20.0,3.0646697314694e-05,9.43953532939884e-05,6.380201777727863e-05,0.00018884406838596103,0.0,Germany,DEU,baden-wurttemberg,,,Windows-11-10.0.26200-SP0,3.14.6,3.2.9,24,Intel(R) Core(TM) Ultra 9 285K,1,1 x NVIDIA GeForce RTX 5090,9.1827,48.767,63.273277282714844,machine,0.0,0.0,0.0,0.0,N
rollout_6,2026-08-13T12:18:31,sac_HalfCheetah-v5_seed0,49a824e2-898f-43d0-8a8d-939cc872d063,0.7171083998400718,4.17577955222348e-06,5.822932174525065e-06,9.846814836764517,24.82190309232392,20.0,1.9257780049300173e-06,5.064448496003293e-06,3.9712633329651e-06,1.096148983389814e-05,0.0,Germany,DEU,baden-wurttemberg,,,Windows-11-10.0.26200-SP0,3.14.6,3.2.9,24,Intel(R) Core(TM) Ultra 9 285K,1,1 x NVIDIA GeForce RTX 5090,9.1827,48.767,63.273277282714844,machine,0.0,0.0,0.0,0.0,N
gradient_updates_6,2026-08-13T12:18:43,sac_HalfCheetah-v5_seed0,49a824e2-898f-43d0-8a8d-939cc872d063,11.49239100003615,7.193596372320689e-05,6.259447396800189e-06,9.832615476437194,25.099873251013797,20.0,3.066493896649805e-05,9.432340879200751e-05,6.384473722169392e-05,0.00018883308498019932,0.0,Germany,DEU,baden-wurttemberg,,,Windows-11-10.0.26200-SP0,3.14.6,3.2.9,24,Intel(R) Core(TM) Ultra 9 285K,1,1 x NVIDIA GeForce RTX 5090,9.1827,48.767,63.273277282714844,machine,0.0,0.0,0.0,0.0,N
rollout_7,2026-08-13T12:18:44,sac_HalfCheetah-v5_seed0,49a824e2-898f-43d0-8a8d-939cc872d063,0.7144502000883222,4.209004749776554e-06,5.891178274288119e-06,9.832863594412906,25.141683796543504,20.0,1.9532779745761505e-06,5.128615213997878e-06,3.9668133340051755e-06,1.1048706522579204e-05,0.0,Germany,DEU,baden-wurttemberg,,,Windows-11-10.0.26200-SP0,3.14.6,3.2.9,24,Intel(R) Core(TM) Ultra 9 285K,1,1 x NVIDIA GeForce RTX 5090,9.1827,48.767,63.273277282714844,machine,0.0,0.0,0.0,0.0,N
gradient_updates_7,2026-08-13T12:18:55,sac_HalfCheetah-v5_seed0,49a824e2-898f-43d0-8a8d-939cc872d063,11.47120220004581,7.17653271986962e-05,6.256123399551374e-06,9.820902697528016,25.372114935587252,20.0,3.0609064949771436e-05,9.405424190998823e-05,6.37218544440757e-05,0.00018838516130383542,0.0,Germany,DEU,baden-wurttemberg,,,Windows-11-10.0.26200-SP0,3.14.6,3.2.9,24,Intel(R) Core(TM) Ultra 9 285K,1,1 x NVIDIA GeForce RTX 5090,9.1827,48.767,63.273277282714844,machine,0.0,0.0,0.0,0.0,N
rollout_8,2026-08-13T12:18:56,sac_HalfCheetah-v5_seed0,49a824e2-898f-43d0-8a8d-939cc872d063,0.7117252999451011,4.159303372420391e-06,5.843943350594618e-06,9.817137449531616,25.37841011451229,20.0,1.927766671800681e-06,5.038892920000704e-06,3.951579999799575e-06,1.0918239591600851e-05,0.0,Germany,DEU,baden-wurttemberg,,,Windows-11-10.0.26200-SP0,3.14.6,3.2.9,24,Intel(R) Core(TM) Ultra 9 285K,1,1 x NVIDIA GeForce RTX 5090,9.1827,48.767,63.273277282714844,machine,0.0,0.0,0.0,0.0,N
gradient_updates_8,2026-08-13T12:19:07,sac_HalfCheetah-v5_seed0,49a824e2-898f-43d0-8a8d-939cc872d063,11.496574900113046,7.247941945735673e-05,6.304433864976172e-06,9.807100909039635,25.597142840798867,20.0,3.0678989739376956e-05,9.57128543480068e-05,6.386782111108516e-05,0.0001902596651984687,0.0,Germany,DEU,baden-wurttemberg,,,Windows-11-10.0.26200-SP0,3.14.6,3.2.9,24,Intel(R) Core(TM) Ultra 9 285K,1,1 x NVIDIA GeForce RTX 5090,9.1827,48.767,63.273277282714844,machine,0.0,0.0,0.0,0.0,N
rollout_9,2026-08-13T12:19:08,sac_HalfCheetah-v5_seed0,49a824e2-898f-43d0-8a8d-939cc872d063,0.7214566001202911,4.214277454359615e-06,5.841419444577378e-06,9.803058291283287,25.592887773161035,20.0,1.948550593877771e-06,5.108615197993438e-06,4.005381666744717e-06,1.1062547458615818e-05,0.0,Germany,DEU,baden-wurttemberg,,,Windows-11-10.0.26200-SP0,3.14.6,3.2.9,24,Intel(R) Core(TM) Ultra 9 285K,1,1 x NVIDIA GeForce RTX 5090,9.1827,48.767,63.273277282714844,machine,0.0,0.0,0.0,0.0,N
gradient_updates_9,2026-08-13T12:19:19,sac_HalfCheetah-v5_seed0,49a824e2-898f-43d0-8a8d-939cc872d063,11.465480400016531,7.255491462073468e-05,6.32811163746302e-06,9.797010978584014,25.790755553195932,20.0,3.077958611554573e-05,9.599063234799754e-05,6.368762277739323e-05,0.0001904578412409365,0.0,Germany,DEU,baden-wurttemberg,,,Windows-11-10.0.26200-SP0,3.14.6,3.2.9,24,Intel(R) Core(TM) Ultra 9 285K,1,1 x NVIDIA GeForce RTX 5090,9.1827,48.767,63.273277282714844,machine,0.0,0.0,0.0,0.0,N
rollout_10,2026-08-13T12:19:20,sac_HalfCheetah-v5_seed0,49a824e2-898f-43d0-8a8d-939cc872d063,0.7388508999720216,4.185155158025616e-06,5.663993963063198e-06,9.79427733780968,25.708499882223446,20.0,1.9982337102906122e-06,4.885837242007973e-06,4.102030000649286e-06,1.098610095294798e-05,0.0,Germany,DEU,baden-wurttemberg,,,Windows-11-10.0.26200-SP0,3.14.6,3.2.9,24,Intel(R) Core(TM) Ultra 9 285K,1,1 x NVIDIA GeForce RTX 5090,9.1827,48.767,63.273277282714844,machine,0.0,0.0,0.0,0.0,N
gradient_updates_10,2026-08-13T12:19:32,sac_HalfCheetah-v5_seed0,49a824e2-898f-43d0-8a8d-939cc872d063,11.447945399908349,7.092502218219044e-05,6.1954252699280365e-06,9.786730506441295,25.837829404422383,20.0,3.054712933305264e-05,9.203368473800766e-05,6.359853277810744e-05,0.00018617934684916774,0.0,Germany,DEU,baden-wurttemberg,,,Windows-11-10.0.26200-SP0,3.14.6,3.2.9,24,Intel(R) Core(TM) Ultra 9 285K,1,1 x NVIDIA GeForce RTX 5090,9.1827,48.767,63.273277282714844,machine,0.0,0.0,0.0,0.0,N
rollout_11,2026-08-13T12:19:32,sac_HalfCheetah-v5_seed0,49a824e2-898f-43d0-8a8d-939cc872d063,0.7294934999663383,4.526066538449586e-06,6.204342398836963e-06,9.782772942101245,25.958112697491067,20.0,1.9633386693552633e-06,5.867226915992618e-06,4.050433334325254e-06,1.1880998919673244e-05,0.0,Germany,DEU,baden-wurttemberg,,,Windows-11-10.0.26200-SP0,3.14.6,3.2.9,24,Intel(R) Core(TM) Ultra 9 285K,1,1 x NVIDIA GeForce RTX 5090,9.1827,48.767,63.273277282714844,machine,0.0,0.0,0.0,0.0,N
gradient_updates_11,2026-08-13T12:19:44,sac_HalfCheetah-v5_seed0,49a824e2-898f-43d0-8a8d-939cc872d063,11.482493899995461,8.059718396690981e-05,7.0191434988546515e-06,10.043025995208605,26.090110214425764,20.0,5.361763655602908e-05,9.416146421800664e-05,6.378982944491626e-05,0.00021156893021895187,0.0,Germany,DEU,baden-wurttemberg,,,Windows-11-10.0.26200-SP0,3.14.6,3.2.9,24,Intel(R) Core(TM) Ultra 9 285K,1,1 x NVIDIA GeForce RTX 5090,9.1827,48.767,63.273277282714844,machine,0.0,0.0,0.0,0.0,N
rollout_12,2026-08-13T12:19:45,sac_HalfCheetah-v5_seed0,49a824e2-898f-43d0-8a8d-939cc872d063,0.7266104000154883,4.218628351056793e-06,5.8059789244901595e-06,10.030674647151155,26.05800114240636,20.0,1.958101235523149e-06,5.08194850999677e-06,4.033918888308183e-06,1.1073968633827994e-05,0.0,Germany,DEU,baden-wurttemberg,,,Windows-11-10.0.26200-SP0,3.14.6,3.2.9,24,Intel(R) Core(TM) Ultra 9 285K,1,1 x NVIDIA GeForce RTX 5090,9.1827,48.767,63.273277282714844,machine,0.0,0.0,0.0,0.0,N
gradient_updates_12,2026-08-13T12:19:56,sac_HalfCheetah-v5_seed0,49a824e2-898f-43d0-8a8d-939cc872d063,11.457028100034222,7.194964757447015e-05,6.279952833467525e-06,10.016050391925251,26.184955383489896,20.0,3.057425737552487e-05,9.464590904999237e-05,6.364883888875027e-05,0.00018886900531426718,0.0,Germany,DEU,baden-wurttemberg,,,Windows-11-10.0.26200-SP0,3.14.6,3.2.9,24,Intel(R) Core(TM) Ultra 9 285K,1,1 x NVIDIA GeForce RTX 5090,9.1827,48.767,63.273277282714844,machine,0.0,0.0,0.0,0.0,N
rollout_13,2026-08-13T12:19:57,sac_HalfCheetah-v5_seed0,49a824e2-898f-43d0-8a8d-939cc872d063,0.7227912000380456,4.615081757623372e-06,6.385008731288803e-06,10.007284141207744,26.332253778746672,20.0,1.959200416886374e-06,6.142227136005096e-06,4.013237777528329e-06,1.21146653304198e-05,0.0,Germany,DEU,baden-wurttemberg,,,Windows-11-10.0.26200-SP0,3.14.6,3.2.9,24,Intel(R) Core(TM) Ultra 9 285K,1,1 x NVIDIA GeForce RTX 5090,9.1827,48.767,63.273277282714844,machine,0.0,0.0,0.0,0.0,N
gradient_updates_13,2026-08-13T12:20:08,sac_HalfCheetah-v5_seed0,49a824e2-898f-43d0-8a8d-939cc872d063,11.493380399886519,7.20473026994703e-05,6.268584554027399e-06,9.994520711001043,26.43853899809647,20.0,3.068744095025466e-05,9.458702011398701e-05,6.385089055531553e-05,0.0001891253516195573,0.0,Germany,DEU,baden-wurttemberg,,,Windows-11-10.0.26200-SP0,3.14.6,3.2.9,24,Intel(R) Core(TM) Ultra 9 285K,1,1 x NVIDIA GeForce RTX 5090,9.1827,48.767,63.273277282714844,machine,0.0,0.0,0.0,0.0,N
rollout_14,2026-08-13T12:20:09,sac_HalfCheetah-v5_seed0,49a824e2-898f-43d0-8a8d-939cc872d063,0.7142928000539541,4.285808614388044e-06,5.999800390607891e-06,9.98651629388226,26.45555189870793,20.0,1.933200312658574e-06,5.351393170011098e-06,3.9657244445860055e-06,1.1250317927255678e-05,0.0,Germany,DEU,baden-wurttemberg,,,Windows-11-10.0.26200-SP0,3.14.6,3.2.9,24,Intel(R) Core(TM) Ultra 9 285K,1,1 x NVIDIA GeForce RTX 5090,9.1827,48.767,63.273277282714844,machine,0.0,0.0,0.0,0.0,N
gradient_updates_14,2026-08-13T12:20:21,sac_HalfCheetah-v5_seed0,49a824e2-898f-43d0-8a8d-939cc872d063,12.015211899997666,7.54711157138837e-05,6.281289523927413e-06,9.975194460225222,26.555255767365217,20.0,3.208496919835291e-05,9.927785720000026e-05,6.675009055632261e-05,0.00019811291695467567,0.0,Germany,DEU,baden-wurttemberg,,,Windows-11-10.0.26200-SP0,3.14.6,3.2.9,24,Intel(R) Core(TM) Ultra 9 285K,1,1 x NVIDIA GeForce RTX 5090,9.1827,48.767,63.273277282714844,machine,0.0,0.0,0.0,0.0,N
rollout_15,2026-08-13T12:20:22,sac_HalfCheetah-v5_seed0,49a824e2-898f-43d0-8a8d-939cc872d063,0.7090716001112014,4.210012070078161e-06,5.937320509446115e-06,9.969872124995067,26.54873241864278,20.0,1.930134940483514e-06,5.184448592002178e-06,3.936767222411427e-06,1.1051350754897118e-05,0.0,Germany,DEU,baden-wurttemberg,,,Windows-11-10.0.26200-SP0,3.14.6,3.2.9,24,Intel(R) Core(TM) Ultra 9 285K,1,1 x NVIDIA GeForce RTX 5090,9.1827,48.767,63.273277282714844,machine,0.0,0.0,0.0,0.0,N
gradient_updates_15,2026-08-13T12:20:33,sac_HalfCheetah-v5_seed0,49a824e2-898f-43d0-8a8d-939cc872d063,11.466249899938703,7.232705630465957e-05,6.307817862464737e-06,9.95964107630378,26.647464379396453,20.0,3.0615434091766335e-05,9.555257644200399e-05,6.369169888914453e-05,0.00018985970942291507,0.0,Germany,DEU,baden-wurttemberg,,,Windows-11-10.0.26200-SP0,3.14.6,3.2.9,24,Intel(R) Core(TM) Ultra 9 285K,1,1 x NVIDIA GeForce RTX 5090,9.1827,48.767,63.273277282714844,machine,0.0,0.0,0.0,0.0,N
rollout_16,2026-08-13T12:20:34,sac_HalfCheetah-v5_seed0,49a824e2-898f-43d0-8a8d-939cc872d063,0.7213747000787407,4.192397018094917e-06,5.81169992775481e-06,9.972196480806453,26.58887384513899,20.0,2.0869053556778986e-06,4.91389281999377e-06,4.004312778771359e-06,1.1005110954442378e-05,0.0,Germany,DEU,baden-wurttemberg,,,Windows-11-10.0.26200-SP0,3.14.6,3.2.9,24,Intel(R) Core(TM) Ultra 9 285K,1,1 x NVIDIA GeForce RTX 5090,9.1827,48.767,63.273277282714844,machine,0.0,0.0,0.0,0.0,N
gradient_updates_16,2026-08-13T12:20:45,sac_HalfCheetah-v5_seed0,49a824e2-898f-43d0-8a8d-939cc872d063,11.477780999848619,8.068436464679922e-05,7.0296134718094305e-06,10.157345918925198,26.670455799045374,20.0,5.363754541635275e-05,9.439590885000626e-05,6.376432666762005e-05,0.00021179778093397862,0.0,Germany,DEU,baden-wurttemberg,,,Windows-11-10.0.26200-SP0,3.14.6,3.2.9,24,Intel(R) Core(TM) Ultra 9 285K,1,1 x NVIDIA GeForce RTX 5090,9.1827,48.767,63.273277282714844,machine,0.0,0.0,0.0,0.0,N
rollout_17,2026-08-13T12:20:46,sac_HalfCheetah-v5_seed0,49a824e2-898f-43d0-8a8d-939cc872d063,0.7243445999920368,4.1863558689991896e-06,5.7795836349154785e-06,10.144336436848219,26.625856954235623,20.0,1.94512437558963e-06,5.022781795996356e-06,4.021346667367658e-06,1.098925283895321e-05,0.0,Germany,DEU,baden-wurttemberg,,,Windows-11-10.0.26200-SP0,3.14.6,3.2.9,24,Intel(R) Core(TM) Ultra 9 285K,1,1 x NVIDIA GeForce RTX 5090,9.1827,48.767,63.273277282714844,machine,0.0,0.0,0.0,0.0,N
gradient_updates_17,2026-08-13T12:20:58,sac_HalfCheetah-v5_seed0,49a824e2-898f-43d0-8a8d-939cc872d063,11.453707600012422,7.279550368029524e-05,6.355621527369188e-06,10.130542428190571,26.724137000868048,20.0,3.056486339433797e-05,9.689896640799334e-05,6.362556166714063e-05,0.0001910893914694716,0.0,Germany,DEU,baden-wurttemberg,,,Windows-11-10.0.26200-SP0,3.14.6,3.2.9,24,Intel(R) Core(TM) Ultra 9 285K,1,1 x NVIDIA GeForce RTX 5090,9.1827,48.767,63.273277282714844,machine,0.0,0.0,0.0,0.0,N
rollout_18,2026-08-13T12:20:58,sac_HalfCheetah-v5_seed0,49a824e2-898f-43d0-8a8d-939cc872d063,0.7211750999558717,4.185022262391666e-06,5.802943972439219e-06,10.119374713325808,26.68551945327983,20.0,1.9407597338444915e-06,5.041392921997789e-06,4.0035994438869255e-06,1.0985752099728664e-05,0.0,Germany,DEU,baden-wurttemberg,,,Windows-11-10.0.26200-SP0,3.14.6,3.2.9,24,Intel(R) Core(TM) Ultra 9 285K,1,1 x NVIDIA GeForce RTX 5090,9.1827,48.767,63.273277282714844,machine,0.0,0.0,0.0,0.0,N
gradient_updates_18,2026-08-13T12:21:10,sac_HalfCheetah-v5_seed0,49a824e2-898f-43d0-8a8d-939cc872d063,11.465667000040412,7.216278682601967e-05,6.293819490438552e-06,10.10764966174225,26.762429716783238,20.0,3.069946609857708e-05,9.503257602599957e-05,6.369645722184526e-05,0.00018942849934642202,0.0,Germany,DEU,baden-wurttemberg,,,Windows-11-10.0.26200-SP0,3.14.6,3.2.9,24,Intel(R) Core(TM) Ultra 9 285K,1,1 x NVIDIA GeForce RTX 5090,9.1827,48.767,63.273277282714844,machine,0.0,0.0,0.0,0.0,N
rollout_19,2026-08-13T12:21:10,sac_HalfCheetah-v5_seed0,49a824e2-898f-43d0-8a8d-939cc872d063,0.7281010998412967,4.60820032197138e-06,6.329021356806302e-06,10.099390834291244,26.841880477323024,20.0,1.975131028519395e-06,6.081393754006625e-06,4.040076666408108e-06,1.2096601448933694e-05,0.0,Germany,DEU,baden-wurttemberg,,,Windows-11-10.0.26200-SP0,3.14.6,3.2.9,24,Intel(R) Core(TM) Ultra 9 285K,1,1 x NVIDIA GeForce RTX 5090,9.1827,48.767,63.273277282714844,machine,0.0,0.0,0.0,0.0,N
gradient_updates_19,2026-08-13T12:21:22,sac_HalfCheetah-v5_seed0,49a824e2-898f-43d0-8a8d-939cc872d063,11.438323899870738,7.14338715301706e-05,6.245127921550427e-06,10.08792523580075,26.90185973744118,20.0,3.052380496818539e-05,9.345951921199691e-05,6.353176055579556e-05,0.00018751508473597786,0.0,Germany,DEU,baden-wurttemberg,,,Windows-11-10.0.26200-SP0,3.14.6,3.2.9,24,Intel(R) Core(TM) Ultra 9 285K,1,1 x NVIDIA GeForce RTX 5090,9.1827,48.767,63.273277282714844,machine,0.0,0.0,0.0,0.0,N
rollout_20,2026-08-13T12:21:23,sac_HalfCheetah-v5_seed0,49a824e2-898f-43d0-8a8d-939cc872d063,0.7357530000153929,4.486214658323828e-06,6.097414320896932e-06,10.077804175205278,26.92685654963316,20.0,1.9717169486056525e-06,5.720004575993087e-06,4.0846655559208245e-06,1.1776387080519347e-05,0.0,Germany,DEU,baden-wurttemberg,,,Windows-11-10.0.26200-SP0,3.14.6,3.2.9,24,Intel(R) Core(TM) Ultra 9 285K,1,1 x NVIDIA GeForce RTX 5090,9.1827,48.767,63.273277282714844,machine,0.0,0.0,0.0,0.0,N
gradient_updates_20,2026-08-13T12:21:34,sac_HalfCheetah-v5_seed0,49a824e2-898f-43d0-8a8d-939cc872d063,11.4335296000354,7.128246013671236e-05,6.234513099295462e-06,10.06761991776516,26.978968537690804,20.0,3.0565790161430294e-05,9.300618551599804e-05,6.354565166661317e-05,0.00018711762734404096,0.0,Germany,DEU,baden-wurttemberg,,,Windows-11-10.0.26200-SP0,3.14.6,3.2.9,24,Intel(R) Core(TM) Ultra 9 285K,1,1 x NVIDIA GeForce RTX 5090,9.1827,48.767,63.273277282714844,machine,0.0,0.0,0.0,0.0,N
rollout_21,2026-08-13T12:21:35,sac_HalfCheetah-v5_seed0,49a824e2-898f-43d0-8a8d-939cc872d063,0.7274081998039037,4.239108407144438e-06,5.82776782223884e-06,10.05950669374418,26.94093064462831,20.0,1.965691140380643e-06,5.111115200004401e-06,4.050922776675835e-06,1.1127729117060663e-05,0.0,Germany,DEU,baden-wurttemberg,,,Windows-11-10.0.26200-SP0,3.14.6,3.2.9,24,Intel(R) Core(TM) Ultra 9 285K,1,1 x NVIDIA GeForce RTX 5090,9.1827,48.767,63.273277282714844,machine,0.0,0.0,0.0,0.0,N
gradient_updates_21,2026-08-13T12:21:46,sac_HalfCheetah-v5_seed0,49a824e2-898f-43d0-8a8d-939cc872d063,11.453443000093102,7.11937125469804e-05,6.215925516811338e-06,10.04986976931558,26.987600427436615,20.0,3.056468042399933e-05,9.269090748599551e-05,6.362907555497541e-05,0.00018688466346497047,0.0,Germany,DEU,baden-wurttemberg,,,Windows-11-10.0.26200-SP0,3.14.6,3.2.9,24,Intel(R) Core(TM) Ultra 9 285K,1,1 x NVIDIA GeForce RTX 5090,9.1827,48.767,63.273277282714844,machine,0.0,0.0,0.0,0.0,N
rollout_22,2026-08-13T12:21:47,sac_HalfCheetah-v5_seed0,49a824e2-898f-43d0-8a8d-939cc872d063,0.7280486000236124,4.207059030067288e-06,5.7782882925720036e-06,10.04289328245484,26.944301714966045,20.0,1.965687169940347e-06,5.03555958400459e-06,4.0423522224752526e-06,1.104359897642019e-05,0.0,Germany,DEU,baden-wurttemberg,,,Windows-11-10.0.26200-SP0,3.14.6,3.2.9,24,Intel(R) Core(TM) Ultra 9 285K,1,1 x NVIDIA GeForce RTX 5090,9.1827,48.767,63.273277282714844,machine,0.0,0.0,0.0,0.0,N
gradient_updates_22,2026-08-13T12:21:58,sac_HalfCheetah-v5_seed0,49a824e2-898f-43d0-8a8d-939cc872d063,11.44050360005349,7.038102336284855e-05,6.151906918214306e-06,10.0343713846578,26.976277813425543,20.0,3.058982187336074e-05,9.060479470601734e-05,6.355672444397983e-05,0.00018475134102335835,0.0,Germany,DEU,baden-wurttemberg,,,Windows-11-10.0.26200-SP0,3.14.6,3.2.9,24,Intel(R) Core(TM) Ultra 9 285K,1,1 x NVIDIA GeForce RTX 5090,9.1827,48.767,63.273277282714844,machine,0.0,0.0,0.0,0.0,N
rollout_23,2026-08-13T12:21:59,sac_HalfCheetah-v5_seed0,49a824e2-898f-43d0-8a8d-939cc872d063,0.7221373000647873,4.527755715808338e-06,6.269881034527633e-06,10.029140606692645,27.02678665888284,20.0,1.9612644166562988e-06,5.915004731987805e-06,4.009163889309806e-06,1.188543303795326e-05,0.0,Germany,DEU,baden-wurttemberg,,,Windows-11-10.0.26200-SP0,3.14.6,3.2.9,24,Intel(R) Core(TM) Ultra 9 285K,1,1 x NVIDIA GeForce RTX 5090,9.1827,48.767,63.273277282714844,machine,0.0,0.0,0.0,0.0,N
gradient_updates_23,2026-08-13T12:22:11,sac_HalfCheetah-v5_seed0,49a824e2-898f-43d0-8a8d-939cc872d063,11.466821099864319,7.144361382675768e-05,6.230452775418578e-06,10.02084712616926,27.070806998899762,20.0,3.059963827904298e-05,9.323729681200155e-05,6.370372333331037e-05,0.00018754065842435403,0.0,Germany,DEU,baden-wurttemberg,,,Windows-11-10.0.26200-SP0,3.14.6,3.2.9,24,Intel(R) Core(TM) Ultra 9 285K,1,1 x NVIDIA GeForce RTX 5090,9.1827,48.767,63.273277282714844,machine,0.0,0.0,0.0,0.0,N
rollout_24,2026-08-13T12:22:11,sac_HalfCheetah-v5_seed0,49a824e2-898f-43d0-8a8d-939cc872d063,0.7205433999188244,4.553982083081113e-06,6.3201665204041674e-06,10.014622917004466,27.12805042545072,20.0,1.9419123181276064e-06,6.011671476000013e-06,4.0006938881965645e-06,1.1954277682323967e-05,0.0,Germany,DEU,baden-wurttemberg,,,Windows-11-10.0.26200-SP0,3.14.6,3.2.9,24,Intel(R) Core(TM) Ultra 9 285K,1,1 x NVIDIA GeForce RTX 5090,9.1827,48.767,63.273277282714844,machine,0.0,0.0,0.0,0.0,N
gradient_updates_24,2026-08-13T12:22:23,sac_HalfCheetah-v5_seed0,49a824e2-898f-43d0-8a8d-939cc872d063,11.45946120005101,7.170467644503466e-05,6.257253802179862e-06,10.007040537196835,27.173190220113536,20.0,3.0600208574346364e-05,9.396535295000397e-05,6.366039055606546e-05,0.00018822595208041644,0.0,Germany,DEU,baden-wurttemberg,,,Windows-11-10.0.26200-SP0,3.14.6,3.2.9,24,Intel(R) Core(TM) Ultra 9 285K,1,1 x NVIDIA GeForce RTX 5090,9.1827,48.767,63.273277282714844,machine,0.0,0.0,0.0,0.0,N
rollout_25,2026-08-13T12:22:24,sac_HalfCheetah-v5_seed0,49a824e2-898f-43d0-8a8d-939cc872d063,0.712127499980852,4.267303771105131e-06,5.992403473938227e-06,10.001632349470968,27.17105572706196,20.0,1.9226753633569404e-06,5.335837601996851e-06,3.94322944468695e-06,1.1201742410041175e-05,0.0,Germany,DEU,baden-wurttemberg,,,Windows-11-10.0.26200-SP0,3.14.6,3.2.9,24,Intel(R) Core(TM) Ultra 9 285K,1,1 x NVIDIA GeForce RTX 5090,9.1827,48.767,63.273277282714844,machine,0.0,0.0,0.0,0.0,N
gradient_updates_25,2026-08-13T12:22:35,sac_HalfCheetah-v5_seed0,49a824e2-898f-43d0-8a8d-939cc872d063,11.450170800089836,7.142947490545223e-05,6.2382845090365246e-06,9.994548069604223,27.21050205520469,20.0,3.057315720122978e-05,9.331979687798864e-05,6.361058944474082e-05,0.0001875035435239588,0.0,Germany,DEU,baden-wurttemberg,,,Windows-11-10.0.26200-SP0,3.14.6,3.2.9,24,Intel(R) Core(TM) Ultra 9 285K,1,1 x NVIDIA GeForce RTX 5090,9.1827,48.767,63.273277282714844,machine,0.0,0.0,0.0,0.0,N
rollout_26,2026-08-13T12:22:36,sac_HalfCheetah-v5_seed0,49a824e2-898f-43d0-8a8d-939cc872d063,0.6985426000319421,4.191888077332336e-06,6.000731897286358e-06,9.991051090418434,27.205632206265857,20.0,1.9021580189521135e-06,5.223893068007079e-06,3.877723889632485e-06,1.1003774976591461e-05,0.0,Germany,DEU,baden-wurttemberg,,,Windows-11-10.0.26200-SP0,3.14.6,3.2.9,24,Intel(R) Core(TM) Ultra 9 285K,1,1 x NVIDIA GeForce RTX 5090,9.1827,48.767,63.273277282714844,machine,0.0,0.0,0.0,0.0,N
gradient_updates_26,2026-08-13T12:22:47,sac_HalfCheetah-v5_seed0,49a824e2-898f-43d0-8a8d-939cc872d063,11.458661099895835,7.186194904209436e-05,6.2714081743044855e-06,9.984513199204077,27.248462515923322,20.0,3.061622918138613e-05,9.43645199359966e-05,6.365804611058483e-05,0.0001886387952279682,0.0,Germany,DEU,baden-wurttemberg,,,Windows-11-10.0.26200-SP0,3.14.6,3.2.9,24,Intel(R) Core(TM) Ultra 9 285K,1,1 x NVIDIA GeForce RTX 5090,9.1827,48.767,63.273277282714844,machine,0.0,0.0,0.0,0.0,N
rollout_27,2026-08-13T12:22:48,sac_HalfCheetah-v5_seed0,49a824e2-898f-43d0-8a8d-939cc872d063,0.7192775998264551,4.556140370052999e-06,6.334432097628738e-06,9.979760197783317,27.298949219473595,20.0,1.9406834001129466e-06,6.026115932006304e-06,3.993143888914551e-06,1.1959943221034018e-05,0.0,Germany,DEU,baden-wurttemberg,,,Windows-11-10.0.26200-SP0,3.14.6,3.2.9,24,Intel(R) Core(TM) Ultra 9 285K,1,1 x NVIDIA GeForce RTX 5090,9.1827,48.767,63.273277282714844,machine,0.0,0.0,0.0,0.0,N
gradient_updates_27,2026-08-13T12:22:59,sac_HalfCheetah-v5_seed0,49a824e2-898f-43d0-8a8d-939cc872d063,11.45314439991489,7.232747616068517e-05,6.315070825626599e-06,9.973473456898855,27.345906165590158,20.0,3.0571170021590844e-05,9.566257653000065e-05,6.362706500027959e-05,0.00018986081155187087,0.0,Germany,DEU,baden-wurttemberg,,,Windows-11-10.0.26200-SP0,3.14.6,3.2.9,24,Intel(R) Core(TM) Ultra 9 285K,1,1 x NVIDIA GeForce RTX 5090,9.1827,48.767,63.273277282714844,machine,0.0,0.0,0.0,0.0,N
rollout_28,2026-08-13T12:23:00,sac_HalfCheetah-v5_seed0,49a824e2-898f-43d0-8a8d-939cc872d063,0.7186312000267208,4.237903993332265e-06,5.897161078832017e-06,9.969326670963873,27.323735047691937,20.0,1.9424378025266562e-06,5.191670819998384e-06,3.990458888519354e-06,1.1124567511043744e-05,0.0,Germany,DEU,baden-wurttemberg,,,Windows-11-10.0.26200-SP0,3.14.6,3.2.9,24,Intel(R) Core(TM) Ultra 9 285K,1,1 x NVIDIA GeForce RTX 5090,9.1827,48.767,63.273277282714844,machine,0.0,0.0,0.0,0.0,N
gradient_updates_28,2026-08-13T12:23:11,sac_HalfCheetah-v5_seed0,49a824e2-898f-43d0-8a8d-939cc872d063,11.469798000063747,7.176281421575987e-05,6.256680742693821e-06,9.963782000187416,27.359331439925654,20.0,3.068641950475714e-05,9.397229739999124e-05,6.371984777765131e-05,0.00018837856468239926,0.0,Germany,DEU,baden-wurttemberg,,,Windows-11-10.0.26200-SP0,3.14.6,3.2.9,24,Intel(R) Core(TM) Ultra 9 285K,1,1 x NVIDIA GeForce RTX 5090,9.1827,48.767,63.273277282714844,machine,0.0,0.0,0.0,0.0,N
rollout_29,2026-08-13T12:23:12,sac_HalfCheetah-v5_seed0,49a824e2-898f-43d0-8a8d-939cc872d063,0.7202093999367207,4.184539640083879e-06,5.810252301303252e-06,9.959147470997298,27.322759182284102,20.0,1.9425022938740315e-06,5.031948469999548e-06,4.010034444379678e-06,1.0984485208253257e-05,0.0,Germany,DEU,baden-wurttemberg,,,Windows-11-10.0.26200-SP0,3.14.6,3.2.9,24,Intel(R) Core(TM) Ultra 9 285K,1,1 x NVIDIA GeForce RTX 5090,9.1827,48.767,63.273277282714844,machine,0.0,0.0,0.0,0.0,N
gradient_updates_29,2026-08-13T12:23:24,sac_HalfCheetah-v5_seed0,49a824e2-898f-43d0-8a8d-939cc872d063,11.84638959984295,7.430873345171335e-05,6.272685826045492e-06,9.953649008689403,27.359939013726418,20.0,3.1633597463576104e-05,9.761646698200344e-05,6.581158000044506e-05,0.00019506164444602504,0.0,Germany,DEU,baden-wurttemberg,,,Windows-11-10.0.26200-SP0,3.14.6,3.2.9,24,Intel(R) Core(TM) Ultra 9 285K,1,1 x NVIDIA GeForce RTX 5090,9.1827,48.767,63.273277282714844,machine,0.0,0.0,0.0,0.0,N
rollout_30,2026-08-13T12:23:25,sac_HalfCheetah-v5_seed0,49a824e2-898f-43d0-8a8d-939cc872d063,0.7209168998524547,4.2068471510408115e-06,5.835172444261232e-06,9.949598424378632,27.33035307106828,20.0,1.942486489774466e-06,5.097781856006067e-06,4.002774444719203e-06,1.1043042790499086e-05,0.0,Germany,DEU,baden-wurttemberg,,,Windows-11-10.0.26200-SP0,3.14.6,3.2.9,24,Intel(R) Core(TM) Ultra 9 285K,1,1 x NVIDIA GeForce RTX 5090,9.1827,48.767,63.273277282714844,machine,0.0,0.0,0.0,0.0,N
gradient_updates_30,2026-08-13T12:23:36,sac_HalfCheetah-v5_seed0,49a824e2-898f-43d0-8a8d-939cc872d063,11.439930900000036,7.248742840365542e-05,6.336361803702338e-06,9.944612373345114,27.3753309996824,20.0,3.0588691346805554e-05,9.613841024400105e-05,6.355358722309268e-05,0.00019028068881390015,0.0,Germany,DEU,baden-wurttemberg,,,Windows-11-10.0.26200-SP0,3.14.6,3.2.9,24,Intel(R) Core(TM) Ultra 9 285K,1,1 x NVIDIA GeForce RTX 5090,9.1827,48.767,63.273277282714844,machine,0.0,0.0,0.0,0.0,N
rollout_31,2026-08-13T12:23:37,sac_HalfCheetah-v5_seed0,49a824e2-898f-43d0-8a8d-939cc872d063,0.7108658999204636,4.543516823977793e-06,6.391599139048424e-06,9.940283082548975,27.426729489991217,20.0,1.9081496810137953e-06,6.072227079989556e-06,3.946429444476839e-06,1.1926806205480624e-05,0.0,Germany,DEU,baden-wurttemberg,,,Windows-11-10.0.26200-SP0,3.14.6,3.2.9,24,Intel(R) Core(TM) Ultra 9 285K,1,1 x NVIDIA GeForce RTX 5090,9.1827,48.767,63.273277282714844,machine,0.0,0.0,0.0,0.0,N
gradient_updates_31,2026-08-13T12:23:48,sac_HalfCheetah-v5_seed0,49a824e2-898f-43d0-8a8d-939cc872d063,11.458356800023466,7.253157234586366e-05,6.330013289820583e-06,9.935293487358692,27.468322024431675,20.0,3.0575972677770276e-05,9.616452137600762e-05,6.365607333266073e-05,0.00019039656738643884,0.0,Germany,DEU,baden-wurttemberg,,,Windows-11-10.0.26200-SP0,3.14.6,3.2.9,24,Intel(R) Core(TM) Ultra 9 285K,1,1 x NVIDIA GeForce RTX 5090,9.1827,48.767,63.273277282714844,machine,0.0,0.0,0.0,0.0,N
rollout_32,2026-08-13T12:23:49,sac_HalfCheetah-v5_seed0,49a824e2-898f-43d0-8a8d-939cc872d063,0.7129432000219822,4.298394811323193e-06,6.028999110360892e-06,9.930942766238712,27.46669558213173,20.0,1.9099597909472653e-06,5.415282109996755e-06,3.958114999760235e-06,1.1283356900704256e-05,0.0,Germany,DEU,baden-wurttemberg,,,Windows-11-10.0.26200-SP0,3.14.6,3.2.9,24,Intel(R) Core(TM) Ultra 9 285K,1,1 x NVIDIA GeForce RTX 5090,9.1827,48.767,63.273277282714844,machine,0.0,0.0,0.0,0.0,N
gradient_updates_32,2026-08-13T12:24:01,sac_HalfCheetah-v5_seed0,49a824e2-898f-43d0-8a8d-939cc872d063,11.454751200042665,7.259047532166699e-05,6.337151384929068e-06,9.926474362542498,27.507075567800396,20.0,3.062502997570513e-05,9.627813257799545e-05,6.364802611060448e-05,0.00019055118866430527,0.0,Germany,DEU,baden-wurttemberg,,,Windows-11-10.0.26200-SP0,3.14.6,3.2.9,24,Intel(R) Core(TM) Ultra 9 285K,1,1 x NVIDIA GeForce RTX 5090,9.1827,48.767,63.273277282714844,machine,0.0,0.0,0.0,0.0,N
rollout_33,2026-08-13T12:24:01,sac_HalfCheetah-v5_seed0,49a824e2-898f-43d0-8a8d-939cc872d063,0.7168041998520494,4.277535214319492e-06,5.967461127767172e-06,9.92280324943189,27.49615088763268,20.0,1.926319746790861e-06,5.322504258012395e-06,3.979776111534723e-06,1.1228600116338847e-05,0.0,Germany,DEU,baden-wurttemberg,,,Windows-11-10.0.26200-SP0,3.14.6,3.2.9,24,Intel(R) Core(TM) Ultra 9 285K,1,1 x NVIDIA GeForce RTX 5090,9.1827,48.767,63.273277282714844,machine,0.0,0.0,0.0,0.0,N
gradient_updates_33,2026-08-13T12:24:13,sac_HalfCheetah-v5_seed0,49a824e2-898f-43d0-8a8d-939cc872d063,11.461607299977913,7.265534770434581e-05,6.339025801952237e-06,9.918702502955385,27.53526017554959,20.0,3.066620373870727e-05,9.638118821599095e-05,6.367408777845822e-05,0.00019072147973315558,0.0,Germany,DEU,baden-wurttemberg,,,Windows-11-10.0.26200-SP0,3.14.6,3.2.9,24,Intel(R) Core(TM) Ultra 9 285K,1,1 x NVIDIA GeForce RTX 5090,9.1827,48.767,63.273277282714844,machine,0.0,0.0,0.0,0.0,N
rollout_34,2026-08-13T12:24:13,sac_HalfCheetah-v5_seed0,49a824e2-898f-43d0-8a8d-939cc872d063,0.7369961000513285,4.372165026310642e-06,5.9322935730497465e-06,9.915304929303227,27.519650122063428,20.0,1.98129615660062e-06,5.404170990014334e-06,4.091537778731606e-06,1.147700492534591e-05,0.0,Germany,DEU,baden-wurttemberg,,,Windows-11-10.0.26200-SP0,3.14.6,3.2.9,24,Intel(R) Core(TM) Ultra 9 285K,1,1 x NVIDIA GeForce RTX 5090,9.1827,48.767,63.273277282714844,machine,0.0,0.0,0.0,0.0,N
gradient_updates_34,2026-08-13T12:24:25,sac_HalfCheetah-v5_seed0,49a824e2-898f-43d0-8a8d-939cc872d063,11.437424199888483,7.243637505983253e-05,6.333273794274938e-06,9.911144571520992,27.556899321494946,20.0,3.053791220474465e-05,9.606924352199842e-05,6.353951722202393e-05,0.00019014667294876657,0.0,Germany,DEU,baden-wurttemberg,,,Windows-11-10.0.26200-SP0,3.14.6,3.2.9,24,Intel(R) Core(TM) Ultra 9 285K,1,1 x NVIDIA GeForce RTX 5090,9.1827,48.767,63.273277282714844,machine,0.0,0.0,0.0,0.0,N
rollout_35,2026-08-13T12:24:26,sac_HalfCheetah-v5_seed0,49a824e2-898f-43d0-8a8d-939cc872d063,0.7310103999916464,4.6502595976456035e-06,6.361318009521914e-06,9.90817894719233,27.595694226685556,20.0,1.969471684765134e-06,6.177782719996028e-06,4.059753332855999e-06,1.2207007737618028e-05,0.0,Germany,DEU,baden-wurttemberg,,,Windows-11-10.0.26200-SP0,3.14.6,3.2.9,24,Intel(R) Core(TM) Ultra 9 285K,1,1 x NVIDIA GeForce RTX 5090,9.1827,48.767,63.273277282714844,machine,0.0,0.0,0.0,0.0,N
gradient_updates_35,2026-08-13T12:24:37,sac_HalfCheetah-v5_seed0,49a824e2-898f-43d0-8a8d-939cc872d063,11.444992600008845,7.293090247585633e-05,6.372291400055693e-06,9.9044170874911,27.635654903220246,20.0,3.0604056055220626e-05,9.725868891799494e-05,6.358207055600371e-05,0.0001914448155292195,0.0,Germany,DEU,baden-wurttemberg,,,Windows-11-10.0.26200-SP0,3.14.6,3.2.9,24,Intel(R) Core(TM) Ultra 9 285K,1,1 x NVIDIA GeForce RTX 5090,9.1827,48.767,63.273277282714844,machine,0.0,0.0,0.0,0.0,N
rollout_36,2026-08-13T12:24:38,sac_HalfCheetah-v5_seed0,49a824e2-898f-43d0-8a8d-939cc872d063,0.7422851000446826,4.664664617957167e-06,6.284078579418677e-06,9.90489565945569,27.659859055751923,20.0,2.0507935153386923e-06,6.073615969992563e-06,4.1204116669382035e-06,1.2244821152269242e-05,0.0,Germany,DEU,baden-wurttemberg,,,Windows-11-10.0.26200-SP0,3.14.6,3.2.9,24,Intel(R) Core(TM) Ultra 9 285K,1,1 x NVIDIA GeForce RTX 5090,9.1827,48.767,63.273277282714844,machine,0.0,0.0,0.0,0.0,N
gradient_updates_36,2026-08-13T12:24:49,sac_HalfCheetah-v5_seed0,49a824e2-898f-43d0-8a8d-939cc872d063,11.443907300010324,7.229191053973513e-05,6.3170584732518005e-06,9.901364236803019,27.691096621668688,20.0,3.062324364680024e-05,9.55697986780163e-05,6.357440888855826e-05,0.00018976745121337436,0.0,Germany,DEU,baden-wurttemberg,,,Windows-11-10.0.26200-SP0,3.14.6,3.2.9,24,Intel(R) Core(TM) Ultra 9 285K,1,1 x NVIDIA GeForce RTX 5090,9.1827,48.767,63.273277282714844,machine,0.0,0.0,0.0,0.0,N
rollout_37,2026-08-13T12:24:50,sac_HalfCheetah-v5_seed0,49a824e2-898f-43d0-8a8d-939cc872d063,0.7319402999710292,4.299754069710896e-06,5.874426366607324e-06,9.89871099803375,27.667349142349178,20.0,1.972047443050181e-06,5.251115311993848e-06,4.06376222122657e-06,1.12869249762719e-05,0.0,Germany,DEU,baden-wurttemberg,,,Windows-11-10.0.26200-SP0,3.14.6,3.2.9,24,Intel(R) Core(TM) Ultra 9 285K,1,1 x NVIDIA GeForce RTX 5090,9.1827,48.767,63.273277282714844,machine,0.0,0.0,0.0,0.0,N
gradient_updates_37,2026-08-13T12:25:01,sac_HalfCheetah-v5_seed0,49a824e2-898f-43d0-8a8d-939cc872d063,11.439249000046402,7.303053102536124e-05,6.384199859787157e-06,9.895255406919398,27.705815177190782,20.0,3.058757682900155e-05,9.756924472199835e-05,6.35495205552109e-05,0.00019170634210621124,0.0,Germany,DEU,baden-wurttemberg,,,Windows-11-10.0.26200-SP0,3.14.6,3.2.9,24,Intel(R) Core(TM) Ultra 9 285K,1,1 x NVIDIA GeForce RTX 5090,9.1827,48.767,63.273277282714844,machine,0.0,0.0,0.0,0.0,N
rollout_38,2026-08-13T12:25:02,sac_HalfCheetah-v5_seed0,49a824e2-898f-43d0-8a8d-939cc872d063,0.7217474000062793,4.379113859744217e-06,6.067219357529095e-06,9.894995359172906,27.703138971104625,20.0,1.980382432467372e-06,5.508337740003921e-06,4.006525554642315e-06,1.1495245727114259e-05,0.0,Germany,DEU,baden-wurttemberg,,,Windows-11-10.0.26200-SP0,3.14.6,3.2.9,24,Intel(R) Core(TM) Ultra 9 285K,1,1 x NVIDIA GeForce RTX 5090,9.1827,48.767,63.273277282714844,machine,0.0,0.0,0.0,0.0,N
gradient_updates_38,2026-08-13T12:25:14,sac_HalfCheetah-v5_seed0,49a824e2-898f-43d0-8a8d-939cc872d063,11.450898099923506,7.3572526840056e-05,6.425042497191731e-06,9.891772441158427,27.744866669724296,20.0,3.064498647178211e-05,9.886896798398659e-05,6.361513555619034e-05,0.0001931290900119599,0.0,Germany,DEU,baden-wurttemberg,,,Windows-11-10.0.26200-SP0,3.14.6,3.2.9,24,Intel(R) Core(TM) Ultra 9 285K,1,1 x NVIDIA GeForce RTX 5090,9.1827,48.767,63.273277282714844,machine,0.0,0.0,0.0,0.0,N
rollout_39,2026-08-13T12:25:14,sac_HalfCheetah-v5_seed0,49a824e2-898f-43d0-8a8d-939cc872d063,0.720255599822849,4.250052202746379e-06,5.90067686646579e-06,9.889236604480885,27.724751183217084,20.0,1.9384603619540097e-06,5.2188930639990305e-06,3.999103334111423e-06,1.1156456760063813e-05,0.0,Germany,DEU,baden-wurttemberg,,,Windows-11-10.0.26200-SP0,3.14.6,3.2.9,24,Intel(R) Core(TM) Ultra 9 285K,1,1 x NVIDIA GeForce RTX 5090,9.1827,48.767,63.273277282714844,machine,0.0,0.0,0.0,0.0,N
gradient_updates_39,2026-08-13T12:25:26,sac_HalfCheetah-v5_seed0,49a824e2-898f-43d0-8a8d-939cc872d063,11.452373299980536,7.331744019812908e-05,6.401936941555345e-06,9.88606149421003,27.762687671173435,20.0,3.062275870980712e-05,9.821396746001465e-05,6.362275722203783e-05,0.00019245948339186025,0.0,Germany,DEU,baden-wurttemberg,,,Windows-11-10.0.26200-SP0,3.14.6,3.2.9,24,Intel(R) Core(TM) Ultra 9 285K,1,1 x NVIDIA GeForce RTX 5090,9.1827,48.767,63.273277282714844,machine,0.0,0.0,0.0,0.0,N
rollout_40,2026-08-13T12:25:27,sac_HalfCheetah-v5_seed0,49a824e2-898f-43d0-8a8d-939cc872d063,0.7175881001166999,4.58251822382837e-06,6.3860373455080594e-06,9.883881045259912,27.798558601390603,20.0,1.9349967354310472e-06,6.118616005995614e-06,3.975572778532749e-06,1.2029185519958976e-05,0.0,Germany,DEU,baden-wurttemberg,,,Windows-11-10.0.26200-SP0,3.14.6,3.2.9,24,Intel(R) Core(TM) Ultra 9 285K,1,1 x NVIDIA GeForce RTX 5090,9.1827,48.767,63.273277282714844,machine,0.0,0.0,0.0,0.0,N
gradient_updates_40,2026-08-13T12:25:38,sac_HalfCheetah-v5_seed0,49a824e2-898f-43d0-8a8d-939cc872d063,11.763404299970716,7.482312734451721e-05,6.360667046478397e-06,9.880688835306264,27.83029475867815,20.0,3.14114104683664e-05,9.964924638600214e-05,6.535127999959508e-05,0.00019641193685396297,0.0,Germany,DEU,baden-wurttemberg,,,Windows-11-10.0.26200-SP0,3.14.6,3.2.9,24,Intel(R) Core(TM) Ultra 9 285K,1,1 x NVIDIA GeForce RTX 5090,9.1827,48.767,63.273277282714844,machine,0.0,0.0,0.0,0.0,N
rollout_41,2026-08-13T12:25:39,sac_HalfCheetah-v5_seed0,49a824e2-898f-43d0-8a8d-939cc872d063,0.7226762999780476,4.240640359505412e-06,5.867934077427462e-06,9.878109653277123,27.808667267244537,20.0,1.9397363623637268e-06,5.193337487996441e-06,3.998676666782785e-06,1.1131750517142519e-05,0.0,Germany,DEU,baden-wurttemberg,,,Windows-11-10.0.26200-SP0,3.14.6,3.2.9,24,Intel(R) Core(TM) Ultra 9 285K,1,1 x NVIDIA GeForce RTX 5090,9.1827,48.767,63.273277282714844,machine,0.0,0.0,0.0,0.0,N
gradient_updates_41,2026-08-13T12:25:50,sac_HalfCheetah-v5_seed0,49a824e2-898f-43d0-8a8d-939cc872d063,11.460683099925518,7.317533968621143e-05,6.384900882548448e-06,9.8749908823475,27.842264057733722,20.0,3.0584669505709285e-05,9.783313382200065e-05,6.366866388901431e-05,0.00019208646721672468,0.0,Germany,DEU,baden-wurttemberg,,,Windows-11-10.0.26200-SP0,3.14.6,3.2.9,24,Intel(R) Core(TM) Ultra 9 285K,1,1 x NVIDIA GeForce RTX 5090,9.1827,48.767,63.273277282714844,machine,0.0,0.0,0.0,0.0,N
rollout_42,2026-08-13T12:25:51,sac_HalfCheetah-v5_seed0,49a824e2-898f-43d0-8a8d-939cc872d063,0.7161326999776065,4.2455797919205805e-06,5.928345367136701e-06,9.872707772320824,27.825590613831242,20.0,1.9252174121530113e-06,5.243893083997642e-06,3.975606112119941e-06,1.1144716608270377e-05,0.0,Germany,DEU,baden-wurttemberg,,,Windows-11-10.0.26200-SP0,3.14.6,3.2.9,24,Intel(R) Core(TM) Ultra 9 285K,1,1 x NVIDIA GeForce RTX 5090,9.1827,48.767,63.273277282714844,machine,0.0,0.0,0.0,0.0,N
gradient_updates_42,2026-08-13T12:26:03,sac_HalfCheetah-v5_seed0,49a824e2-898f-43d0-8a8d-939cc872d063,11.455168900080025,7.355043128802214e-05,6.420710179820695e-06,9.8697802857734,27.86197730219763,20.0,3.058714363864861e-05,9.884507907600981e-05,6.363886611070483e-05,0.00019307108882536325,0.0,Germany,DEU,baden-wurttemberg,,,Windows-11-10.0.26200-SP0,3.14.6,3.2.9,24,Intel(R) Core(TM) Ultra 9 285K,1,1 x NVIDIA GeForce RTX 5090,9.1827,48.767,63.273277282714844,machine,0.0,0.0,0.0,0.0,N
rollout_43,2026-08-13T12:26:03,sac_HalfCheetah-v5_seed0,49a824e2-898f-43d0-8a8d-939cc872d063,0.7147627000231296,4.273801846276393e-06,5.979271151549302e-06,9.867554909762584,27.850923386476587,20.0,1.9204323663264255e-06,5.330837597988802e-06,3.967529999661466e-06,1.121879996397561e-05,0.0,Germany,DEU,baden-wurttemberg,,,Windows-11-10.0.26200-SP0,3.14.6,3.2.9,24,Intel(R) Core(TM) Ultra 9 285K,1,1 x NVIDIA GeForce RTX 5090,9.1827,48.767,63.273277282714844,machine,0.0,0.0,0.0,0.0,N
gradient_updates_43,2026-08-13T12:26:15,sac_HalfCheetah-v5_seed0,49a824e2-898f-43d0-8a8d-939cc872d063,11.46569660003297,7.282255244572301e-05,6.351342250205456e-06,9.864962586543216,27.878821136383745,20.0,3.067717971499636e-05,9.678674409600851e-05,6.369647111148687e-05,0.00019116039492249152,0.0,Germany,DEU,baden-wurttemberg,,,Windows-11-10.0.26200-SP0,3.14.6,3.2.9,24,Intel(R) Core(TM) Ultra 9 285K,1,1 x NVIDIA GeForce RTX 5090,9.1827,48.767,63.273277282714844,machine,0.0,0.0,0.0,0.0,N
rollout_44,2026-08-13T12:26:16,sac_HalfCheetah-v5_seed0,49a824e2-898f-43d0-8a8d-939cc872d063,0.7126313000917435,4.156838735765254e-06,5.833052781754178e-06,9.86276718451557,27.852733313036637,20.0,1.9138214022189e-06,5.041392921997789e-06,3.95655555572973e-06,1.0911769879945118e-05,0.0,Germany,DEU,baden-wurttemberg,,,Windows-11-10.0.26200-SP0,3.14.6,3.2.9,24,Intel(R) Core(TM) Ultra 9 285K,1,1 x NVIDIA GeForce RTX 5090,9.1827,48.767,63.273277282714844,machine,0.0,0.0,0.0,0.0,N
gradient_updates_44,2026-08-13T12:26:27,sac_HalfCheetah-v5_seed0,49a824e2-898f-43d0-8a8d-939cc872d063,11.456355799920857,7.157591012388114e-05,6.247696706573403e-06,9.860414977860565,27.869343112300587,20.0,3.069170964496368e-05,9.355118595200107e-05,6.364504277783746e-05,0.00018788793837480264,0.0,Germany,DEU,baden-wurttemberg,,,Windows-11-10.0.26200-SP0,3.14.6,3.2.9,24,Intel(R) Core(TM) Ultra 9 285K,1,1 x NVIDIA GeForce RTX 5090,9.1827,48.767,63.273277282714844,machine,0.0,0.0,0.0,0.0,N
rollout_45,2026-08-13T12:26:28,sac_HalfCheetah-v5_seed0,49a824e2-898f-43d0-8a8d-939cc872d063,0.7092832999769598,4.124294121852189e-06,5.814689478276777e-06,9.858563754691836,27.841815517037087,20.0,1.909483529569057e-06,4.978892871987384e-06,3.937963332928916e-06,1.0826339734485574e-05,0.0,Germany,DEU,baden-wurttemberg,,,Windows-11-10.0.26200-SP0,3.14.6,3.2.9,24,Intel(R) Core(TM) Ultra 9 285K,1,1 x NVIDIA GeForce RTX 5090,9.1827,48.767,63.273277282714844,machine,0.0,0.0,0.0,0.0,N
gradient_updates_45,2026-08-13T12:26:39,sac_HalfCheetah-v5_seed0,49a824e2-898f-43d0-8a8d-939cc872d063,11.469328599981964,7.236104735400782e-05,6.30908533807434e-06,9.856110245661396,27.864488661862914,20.0,3.066739336663989e-05,9.556396534000922e-05,6.37175777784757e-05,0.00018994893648512437,0.0,Germany,DEU,baden-wurttemberg,,,Windows-11-10.0.26200-SP0,3.14.6,3.2.9,24,Intel(R) Core(TM) Ultra 9 285K,1,1 x NVIDIA GeForce RTX 5090,9.1827,48.767,63.273277282714844,machine,0.0,0.0,0.0,0.0,N
rollout_46,2026-08-13T12:26:40,sac_HalfCheetah-v5_seed0,49a824e2-898f-43d0-8a8d-939cc872d063,0.7147250000853091,4.237087110572045e-06,5.928101057402407e-06,9.853807132202423,27.849320292443817,20.0,1.9137945436217395e-06,5.2405597480015276e-06,3.968068888773185e-06,1.1122423180395802e-05,0.0,Germany,DEU,baden-wurttemberg,,,Windows-11-10.0.26200-SP0,3.14.6,3.2.9,24,Intel(R) Core(TM) Ultra 9 285K,1,1 x NVIDIA GeForce RTX 5090,9.1827,48.767,63.273277282714844,machine,0.0,0.0,0.0,0.0,N
gradient_updates_46,2026-08-13T12:26:51,sac_HalfCheetah-v5_seed0,49a824e2-898f-43d0-8a8d-939cc872d063,11.461807299870998,7.33807322144675e-05,6.402188166677441e-06,9.85131593980446,27.880577201192715,20.0,3.060895897324012e-05,9.833285644400558e-05,6.368381055589338e-05,0.00019262562597313973,0.0,Germany,DEU,baden-wurttemberg,,,Windows-11-10.0.26200-SP0,3.14.6,3.2.9,24,Intel(R) Core(TM) Ultra 9 285K,1,1 x NVIDIA GeForce RTX 5090,9.1827,48.767,63.273277282714844,machine,0.0,0.0,0.0,0.0,N
rollout_47,2026-08-13T12:26:52,sac_HalfCheetah-v5_seed0,49a824e2-898f-43d0-8a8d-939cc872d063,0.7116012999322265,4.341727204197621e-06,6.101325757897528e-06,9.849772091439107,27.881615223276203,20.0,1.9182307206468564e-06,5.5283377559944835e-06,3.9505366662825545e-06,1.1397105142925412e-05,0.0,Germany,DEU,baden-wurttemberg,,,Windows-11-10.0.26200-SP0,3.14.6,3.2.9,24,Intel(R) Core(TM) Ultra 9 285K,1,1 x NVIDIA GeForce RTX 5090,9.1827,48.767,63.273277282714844,machine,0.0,0.0,0.0,0.0,N
gradient_updates_47,2026-08-13T12:27:04,sac_HalfCheetah-v5_seed0,49a824e2-898f-43d0-8a8d-939cc872d063,11.727322699967772,9.242351855968684e-05,7.881033780375205e-06,9.992758491638712,27.907764764817482,20.0,7.820308481099655e-05,9.925952385199388e-05,6.515064388901625e-05,0.00024261325255200625,0.0,Germany,DEU,baden-wurttemberg,,,Windows-11-10.0.26200-SP0,3.14.6,3.2.9,24,Intel(R) Core(TM) Ultra 9 285K,1,1 x NVIDIA GeForce RTX 5090,9.1827,48.767,63.273277282714844,machine,0.0,0.0,0.0,0.0,N
rollout_48,2026-08-13T12:27:05,sac_HalfCheetah-v5_seed0,49a824e2-898f-43d0-8a8d-939cc872d063,0.7284277998842299,4.5852246212873746e-06,6.294663143778165e-06,9.990818079074325,27.925759769996606,20.0,1.9836950504933948e-06,6.008338140003899e-06,4.0442566671926305e-06,1.2036289857689925e-05,0.0,Germany,DEU,baden-wurttemberg,,,Windows-11-10.0.26200-SP0,3.14.6,3.2.9,24,Intel(R) Core(TM) Ultra 9 285K,1,1 x NVIDIA GeForce RTX 5090,9.1827,48.767,63.273277282714844,machine,0.0,0.0,0.0,0.0,N
gradient_updates_48,2026-08-13T12:27:16,sac_HalfCheetah-v5_seed0,49a824e2-898f-43d0-8a8d-939cc872d063,11.456731399986893,8.143296682706653e-05,7.107878080229672e-06,10.058298792144877,27.949896233969845,20.0,5.348708608165446e-05,9.662868841400774e-05,6.364709944334896e-05,0.00021376287393901072,0.0,Germany,DEU,baden-wurttemberg,,,Windows-11-10.0.26200-SP0,3.14.6,3.2.9,24,Intel(R) Core(TM) Ultra 9 285K,1,1 x NVIDIA GeForce RTX 5090,9.1827,48.767,63.273277282714844,machine,0.0,0.0,0.0,0.0,N
rollout_49,2026-08-13T12:27:17,sac_HalfCheetah-v5_seed0,49a824e2-898f-43d0-8a8d-939cc872d063,0.7225538999773562,4.351434138411513e-06,6.022400288030953e-06,10.056496368566986,27.941159501855854,20.0,1.9827588840296007e-06,5.428337676000039e-06,4.01148944446407e-06,1.142258600449371e-05,0.0,Germany,DEU,baden-wurttemberg,,,Windows-11-10.0.26200-SP0,3.14.6,3.2.9,24,Intel(R) Core(TM) Ultra 9 285K,1,1 x NVIDIA GeForce RTX 5090,9.1827,48.767,63.273277282714844,machine,0.0,0.0,0.0,0.0,N
gradient_updates_49,2026-08-13T12:27:28,sac_HalfCheetah-v5_seed0,49a824e2-898f-43d0-8a8d-939cc872d063,11.45294400001876,7.212964702656057e-05,6.297905431782359e-06,10.052164828825559,27.960230213251027,20.0,3.057540793996189e-05,9.513979833399022e-05,6.362630055518816e-05,0.00018934150682914028,0.0,Germany,DEU,baden-wurttemberg,,,Windows-11-10.0.26200-SP0,3.14.6,3.2.9,24,Intel(R) Core(TM) Ultra 9 285K,1,1 x NVIDIA GeForce RTX 5090,9.1827,48.767,63.273277282714844,machine,0.0,0.0,0.0,0.0,N
rollout_50,2026-08-13T12:27:29,sac_HalfCheetah-v5_seed0,49a824e2-898f-43d0-8a8d-939cc872d063,0.7237511000130326,4.19728291744647e-06,5.799074195443497e-06,10.04883481811762,27.932931834397984,20.0,1.952163037347455e-06,5.047781816008845e-06,4.017991667043877e-06,1.1017936520399743e-05,0.0,Germany,DEU,baden-wurttemberg,,,Windows-11-10.0.26200-SP0,3.14.6,3.2.9,24,Intel(R) Core(TM) Ultra 9 285K,1,1 x NVIDIA GeForce RTX 5090,9.1827,48.767,63.273277282714844,machine,0.0,0.0,0.0,0.0,N
gradient_updates_50,2026-08-13T12:27:40,sac_HalfCheetah-v5_seed0,49a824e2-898f-43d0-8a8d-939cc872d063,11.471652999985963,7.20144914929683e-05,6.277601854680193e-06,10.04479559938507,27.949754980406656,20.0,3.0671158176909415e-05,9.463813126599219e-05,6.372993222127348e-05,0.00018903922166417682,0.0,Germany,DEU,baden-wurttemberg,,,Windows-11-10.0.26200-SP0,3.14.6,3.2.9,24,Intel(R) Core(TM) Ultra 9 285K,1,1 x NVIDIA GeForce RTX 5090,9.1827,48.767,63.273277282714844,machine,0.0,0.0,0.0,0.0,N
rollout_51,2026-08-13T12:27:41,sac_HalfCheetah-v5_seed0,49a824e2-898f-43d0-8a8d-939cc872d063,0.7124562000390142,4.22345811729348e-06,5.928039909843286e-06,10.04168430505125,27.93484832887925,20.0,1.9239599023906755e-06,5.211115279998846e-06,3.95157166704907e-06,1.1086646849439025e-05,0.0,Germany,DEU,baden-wurttemberg,,,Windows-11-10.0.26200-SP0,3.14.6,3.2.9,24,Intel(R) Core(TM) Ultra 9 285K,1,1 x NVIDIA GeForce RTX 5090,9.1827,48.767,63.273277282714844,machine,0.0,0.0,0.0,0.0,N
gradient_updates_51,2026-08-13T12:27:53,sac_HalfCheetah-v5_seed0,49a824e2-898f-43d0-8a8d-939cc872d063,11.49529440002516,7.264642474834847e-05,6.319656854611335e-06,10.037671799396566,27.955166511158932,20.0,3.069487602586898e-05,9.614146580200211e-05,6.386171499939836e-05,0.00019069805682726988,0.0,Germany,DEU,baden-wurttemberg,,,Windows-11-10.0.26200-SP0,3.14.6,3.2.9,24,Intel(R) Core(TM) Ultra 9 285K,1,1 x NVIDIA GeForce RTX 5090,9.1827,48.767,63.273277282714844,machine,0.0,0.0,0.0,0.0,N
rollout_52,2026-08-13T12:27:53,sac_HalfCheetah-v5_seed0,49a824e2-898f-43d0-8a8d-939cc872d063,0.7070228999946266,4.243715057874152e-06,6.002201697765726e-06,10.035071961135486,27.94475654254568,20.0,1.9223874252170293e-06,5.281393113995558e-06,3.936041111591952e-06,1.1139821650804974e-05,0.0,Germany,DEU,baden-wurttemberg,,,Windows-11-10.0.26200-SP0,3.14.6,3.2.9,24,Intel(R) Core(TM) Ultra 9 285K,1,1 x NVIDIA GeForce RTX 5090,9.1827,48.767,63.273277282714844,machine,0.0,0.0,0.0,0.0,N
gradient_updates_52,2026-08-13T12:28:05,sac_HalfCheetah-v5_seed0,49a824e2-898f-43d0-8a8d-939cc872d063,11.497354499995708,7.208316164907403e-05,6.26955276886955e-06,10.031367297293876,27.960089348770516,20.0,3.076096294915608e-05,9.45850756679939e-05,6.387344333343235e-05,0.00018921948195058103,0.0,Germany,DEU,baden-wurttemberg,,,Windows-11-10.0.26200-SP0,3.14.6,3.2.9,24,Intel(R) Core(TM) Ultra 9 285K,1,1 x NVIDIA GeForce RTX 5090,9.1827,48.767,63.273277282714844,machine,0.0,0.0,0.0,0.0,N
rollout_53,2026-08-13T12:28:05,sac_HalfCheetah-v5_seed0,49a824e2-898f-43d0-8a8d-939cc872d063,0.7091237001586705,4.1782798655895514e-06,5.892135267793051e-06,10.02851998839484,27.94212126569991,20.0,1.9152218832850856e-06,5.115837426003522e-06,3.9369938882169095e-06,1.0968053197505517e-05,0.0,Germany,DEU,baden-wurttemberg,,,Windows-11-10.0.26200-SP0,3.14.6,3.2.9,24,Intel(R) Core(TM) Ultra 9 285K,1,1 x NVIDIA GeForce RTX 5090,9.1827,48.767,63.273277282714844,machine,0.0,0.0,0.0,0.0,N
gradient_updates_53,2026-08-13T12:28:17,sac_HalfCheetah-v5_seed0,49a824e2-898f-43d0-8a8d-939cc872d063,11.50954379979521,7.217157020456867e-05,6.270586961659738e-06,10.024921605212905,27.9573197984738,20.0,3.078635952414319e-05,9.472535355800615e-05,6.393984277706759e-05,0.0001894515558592165,0.0,Germany,DEU,baden-wurttemberg,,,Windows-11-10.0.26200-SP0,3.14.6,3.2.9,24,Intel(R) Core(TM) Ultra 9 285K,1,1 x NVIDIA GeForce RTX 5090,9.1827,48.767,63.273277282714844,machine,0.0,0.0,0.0,0.0,N
rollout_54,2026-08-13T12:28:18,sac_HalfCheetah-v5_seed0,49a824e2-898f-43d0-8a8d-939cc872d063,0.7088303999044001,4.397905273928471e-06,6.204228579015883e-06,10.02239514413779,27.9657786048891,20.0,1.919201168719669e-06,5.689448996010205e-06,3.935923332917986e-06,1.1544573497647426e-05,0.0,Germany,DEU,baden-wurttemberg,,,Windows-11-10.0.26200-SP0,3.14.6,3.2.9,24,Intel(R) Core(TM) Ultra 9 285K,1,1 x NVIDIA GeForce RTX 5090,9.1827,48.767,63.273277282714844,machine,0.0,0.0,0.0,0.0,N
gradient_updates_54,2026-08-13T12:28:29,sac_HalfCheetah-v5_seed0,49a824e2-898f-43d0-8a8d-939cc872d063,11.490627699997276,7.232356795688899e-05,6.294128782822312e-06,10.01897989554896,27.98220715573204,20.0,3.077041405328109e-05,9.522146506600604e-05,6.38586733335009e-05,0.00018985055245278673,0.0,Germany,DEU,baden-wurttemberg,,,Windows-11-10.0.26200-SP0,3.14.6,3.2.9,24,Intel(R) Core(TM) Ultra 9 285K,1,1 x NVIDIA GeForce RTX 5090,9.1827,48.767,63.273277282714844,machine,0.0,0.0,0.0,0.0,N
rollout_55,2026-08-13T12:28:30,sac_HalfCheetah-v5_seed0,49a824e2-898f-43d0-8a8d-939cc872d063,0.7114687999710441,4.513317724305459e-06,6.343616715920697e-06,10.015914251244144,28.00259821368895,20.0,1.9118316176972884e-06,5.986115899997424e-06,3.94958555569036e-06,1.1847533073384639e-05,0.0,Germany,DEU,baden-wurttemberg,,,Windows-11-10.0.26200-SP0,3.14.6,3.2.9,24,Intel(R) Core(TM) Ultra 9 285K,1,1 x NVIDIA GeForce RTX 5090,9.1827,48.767,63.273277282714844,machine,0.0,0.0,0.0,0.0,N
gradient_updates_55,2026-08-13T12:28:41,sac_HalfCheetah-v5_seed0,49a824e2-898f-43d0-8a8d-939cc872d063,11.486594199901447,7.241247212950996e-05,6.304090181454475e-06,10.012515748175934,28.01952909561435,20.0,3.0712183138994e-05,9.555924311398234e-05,6.381250111153324e-05,0.00019008392736451045,0.0,Germany,DEU,baden-wurttemberg,,,Windows-11-10.0.26200-SP0,3.14.6,3.2.9,24,Intel(R) Core(TM) Ultra 9 285K,1,1 x NVIDIA GeForce RTX 5090,9.1827,48.767,63.273277282714844,machine,0.0,0.0,0.0,0.0,N
rollout_56,2026-08-13T12:28:42,sac_HalfCheetah-v5_seed0,49a824e2-898f-43d0-8a8d-939cc872d063,0.714840600034222,4.607868303463207e-06,6.445965726797579e-06,10.00979740767097,28.04727730735521,20.0,1.926554934997878e-06,6.200282737997553e-06,3.968892221908361e-06,1.209572989490336e-05,0.0,Germany,DEU,baden-wurttemberg,,,Windows-11-10.0.26200-SP0,3.14.6,3.2.9,24,Intel(R) Core(TM) Ultra 9 285K,1,1 x NVIDIA GeForce RTX 5090,9.1827,48.767,63.273277282714844,machine,0.0,0.0,0.0,0.0,N
gradient_updates_56,2026-08-13T12:28:54,sac_HalfCheetah-v5_seed0,49a824e2-898f-43d0-8a8d-939cc872d063,11.480726700043306,7.261124793940966e-05,6.3246156761807866e-06,10.006436268063524,28.06527861185955,20.0,3.066862797749788e-05,9.615841026000549e-05,6.37786788891797e-05,0.00019060571712668263,0.0,Germany,DEU,baden-wurttemberg,,,Windows-11-10.0.26200-SP0,3.14.6,3.2.9,24,Intel(R) Core(TM) Ultra 9 285K,1,1 x NVIDIA GeForce RTX 5090,9.1827,48.767,63.273277282714844,machine,0.0,0.0,0.0,0.0,N
rollout_57,2026-08-13T12:28:54,sac_HalfCheetah-v5_seed0,49a824e2-898f-43d0-8a8d-939cc872d063,0.7098546999040991,4.534003584628736e-06,6.3871781855500755e-06,10.003660155174853,28.087613144623692,20.0,1.9094945109317946e-06,6.051115952004915e-06,3.9412233331760985e-06,1.190183379611194e-05,0.0,Germany,DEU,baden-wurttemberg,,,Windows-11-10.0.26200-SP0,3.14.6,3.2.9,24,Intel(R) Core(TM) Ultra 9 285K,1,1 x NVIDIA GeForce RTX 5090,9.1827,48.767,63.273277282714844,machine,0.0,0.0,0.0,0.0,N
gradient_updates_57,2026-08-13T12:29:06,sac_HalfCheetah-v5_seed0,49a824e2-898f-43d0-8a8d-939cc872d063,11.940436699893326,7.775048301237718e-05,6.511526990430721e-06,10.008001180842289,28.112171877549837,20.0,3.489730677616945e-05,0.00010286008228799215,6.633890444516285e-05,0.00020409629350932532,0.0,Germany,DEU,baden-wurttemberg,,,Windows-11-10.0.26200-SP0,3.14.6,3.2.9,24,Intel(R) Core(TM) Ultra 9 285K,1,1 x NVIDIA GeForce RTX 5090,9.1827,48.767,63.273277282714844,machine,0.0,0.0,0.0,0.0,N
rollout_58,2026-08-13T12:29:07,sac_HalfCheetah-v5_seed0,49a824e2-898f-43d0-8a8d-939cc872d063,0.7399980998598039,4.444735902883051e-06,6.0060971277155e-06,10.009159941001936,28.099975854009084,20.0,2.0867080660759256e-06,5.473615490012018e-06,4.107181110884692e-06,1.166750466697307e-05,0.0,Germany,DEU,baden-wurttemberg,,,Windows-11-10.0.26200-SP0,3.14.6,3.2.9,24,Intel(R) Core(TM) Ultra 9 285K,1,1 x NVIDIA GeForce RTX 5090,9.1827,48.767,63.273277282714844,machine,0.0,0.0,0.0,0.0,N
gradient_updates_58,2026-08-13T12:29:18,sac_HalfCheetah-v5_seed0,49a824e2-898f-43d0-8a8d-939cc872d063,11.494340399978682,7.404614109308809e-05,6.441961746170172e-06,10.00604865221349,28.125965846967844,20.0,3.07572542787753e-05,9.975924647398493e-05,6.385583444369104e-05,0.00019437233519645214,0.0,Germany,DEU,baden-wurttemberg,,,Windows-11-10.0.26200-SP0,3.14.6,3.2.9,24,Intel(R) Core(TM) Ultra 9 285K,1,1 x NVIDIA GeForce RTX 5090,9.1827,48.767,63.273277282714844,machine,0.0,0.0,0.0,0.0,N
rollout_59,2026-08-13T12:29:19,sac_HalfCheetah-v5_seed0,49a824e2-898f-43d0-8a8d-939cc872d063,0.7298196998890489,4.64818729960844e-06,6.369055883616016e-06,10.003825806001904,28.145245422610145,20.0,1.9743613149190292e-06,6.17556049600787e-06,4.051646110342887e-06,1.2201567921270653e-05,0.0,Germany,DEU,baden-wurttemberg,,,Windows-11-10.0.26200-SP0,3.14.6,3.2.9,24,Intel(R) Core(TM) Ultra 9 285K,1,1 x NVIDIA GeForce RTX 5090,9.1827,48.767,63.273277282714844,machine,0.0,0.0,0.0,0.0,N
gradient_updates_59,2026-08-13T12:29:31,sac_HalfCheetah-v5_seed0,49a824e2-898f-43d0-8a8d-939cc872d063,11.452701899921522,7.284867739210978e-05,6.3608221940025224e-06,10.000861926792133,28.164156291171803,20.0,3.066665689645297e-05,9.693757754999921e-05,6.362473888891877e-05,0.00019122897333537052,0.0,Germany,DEU,baden-wurttemberg,,,Windows-11-10.0.26200-SP0,3.14.6,3.2.9,24,Intel(R) Core(TM) Ultra 9 285K,1,1 x NVIDIA GeForce RTX 5090,9.1827,48.767,63.273277282714844,machine,0.0,0.0,0.0,0.0,N
rollout_60,2026-08-13T12:29:31,sac_HalfCheetah-v5_seed0,49a824e2-898f-43d0-8a8d-939cc872d063,0.7360359001904726,4.602696121550412e-06,6.253386223985782e-06,9.9988635473051,28.173796578558495,20.0,1.995126365605341e-06,6.000282578008664e-06,4.086743888910907e-06,1.2082152832524479e-05,0.0,Germany,DEU,baden-wurttemberg,,,Windows-11-10.0.26200-SP0,3.14.6,3.2.9,24,Intel(R) Core(TM) Ultra 9 285K,1,1 x NVIDIA GeForce RTX 5090,9.1827,48.767,63.273277282714844,machine,0.0,0.0,0.0,0.0,N
gradient_updates_60,2026-08-13T12:29:43,sac_HalfCheetah-v5_seed0,49a824e2-898f-43d0-8a8d-939cc872d063,11.502964900108054,7.331271473769944e-05,6.373378109921724e-06,9.99604418571066,28.193071090189875,20.0,3.0824156916378805e-05,9.771952261998507e-05,6.390339944434015e-05,0.00019244707898070576,0.0,Germany,DEU,baden-wurttemberg,,,Windows-11-10.0.26200-SP0,3.14.6,3.2.9,24,Intel(R) Core(TM) Ultra 9 285K,1,1 x NVIDIA GeForce RTX 5090,9.1827,48.767,63.273277282714844,machine,0.0,0.0,0.0,0.0,N
rollout_61,2026-08-13T12:29:44,sac_HalfCheetah-v5_seed0,49a824e2-898f-43d0-8a8d-939cc872d063,0.7260677001904696,4.255318689552062e-06,5.8608902253848025e-06,9.993526810801846,28.173530374567246,20.0,1.952921113832287e-06,5.186670816004213e-06,4.030689444496638e-06,1.1170281374333138e-05,0.0,Germany,DEU,baden-wurttemberg,,,Windows-11-10.0.26200-SP0,3.14.6,3.2.9,24,Intel(R) Core(TM) Ultra 9 285K,1,1 x NVIDIA GeForce RTX 5090,9.1827,48.767,63.273277282714844,machine,0.0,0.0,0.0,0.0,N
gradient_updates_61,2026-08-13T12:29:55,sac_HalfCheetah-v5_seed0,49a824e2-898f-43d0-8a8d-939cc872d063,11.470525400014594,7.2605285177052e-05,6.329721180582989e-06,9.990625737507344,28.189418119142903,20.0,3.0669302820391254e-05,9.619674362400243e-05,6.372401833327265e-05,0.00019059006477766677,0.0,Germany,DEU,baden-wurttemberg,,,Windows-11-10.0.26200-SP0,3.14.6,3.2.9,24,Intel(R) Core(TM) Ultra 9 285K,1,1 x NVIDIA GeForce RTX 5090,9.1827,48.767,63.273277282714844,machine,0.0,0.0,0.0,0.0,N
rollout_62,2026-08-13T12:29:56,sac_HalfCheetah-v5_seed0,49a824e2-898f-43d0-8a8d-939cc872d063,0.7189732000697404,4.192457384801125e-06,5.830910615537852e-06,9.988830059158067,28.16734984483607,20.0,1.9503025894479845e-06,5.063337384009214e-06,3.991629444579856e-06,1.1005269418037922e-05,0.0,Germany,DEU,baden-wurttemberg,,,Windows-11-10.0.26200-SP0,3.14.6,3.2.9,24,Intel(R) Core(TM) Ultra 9 285K,1,1 x NVIDIA GeForce RTX 5090,9.1827,48.767,63.273277282714844,machine,0.0,0.0,0.0,0.0,N
gradient_updates_62,2026-08-13T12:30:07,sac_HalfCheetah-v5_seed0,49a824e2-898f-43d0-8a8d-939cc872d063,11.465905799996108,7.217585396279529e-05,6.294815818735727e-06,9.986061408001802,28.180431727957938,20.0,3.067807139259986e-05,9.508646495799689e-05,6.369826444424694e-05,0.00018946280079484325,0.0,Germany,DEU,baden-wurttemberg,,,Windows-11-10.0.26200-SP0,3.14.6,3.2.9,24,Intel(R) Core(TM) Ultra 9 285K,1,1 x NVIDIA GeForce RTX 5090,9.1827,48.767,63.273277282714844,machine,0.0,0.0,0.0,0.0,N
rollout_63,2026-08-13T12:30:08,sac_HalfCheetah-v5_seed0,49a824e2-898f-43d0-8a8d-939cc872d063,0.7249585001263767,4.5817747290769276e-06,6.320159152349332e-06,9.983419386167943,28.19565914463646,20.0,1.9424789826491193e-06,6.064171517994321e-06,4.0205833333958885e-06,1.2027233834038462e-05,0.0,Germany,DEU,baden-wurttemberg,,,Windows-11-10.0.26200-SP0,3.14.6,3.2.9,24,Intel(R) Core(TM) Ultra 9 285K,1,1 x NVIDIA GeForce RTX 5090,9.1827,48.767,63.273277282714844,machine,0.0,0.0,0.0,0.0,N
gradient_updates_63,2026-08-13T12:30:20,sac_HalfCheetah-v5_seed0,49a824e2-898f-43d0-8a8d-939cc872d063,11.48649249994196,7.405637201464508e-05,6.4472523077664445e-06,9.980638400759027,28.21941987961639,20.0,3.069294384046642e-05,9.989396880401291e-05,6.381227888891273e-05,0.0001943991915333912,0.0,Germany,DEU,baden-wurttemberg,,,Windows-11-10.0.26200-SP0,3.14.6,3.2.9,24,Intel(R) Core(TM) Ultra 9 285K,1,1 x NVIDIA GeForce RTX 5090,9.1827,48.767,63.273277282714844,machine,0.0,0.0,0.0,0.0,N
rollout_64,2026-08-13T12:30:20,sac_HalfCheetah-v5_seed0,49a824e2-898f-43d0-8a8d-939cc872d063,0.7255577000323683,4.30420228501871e-06,5.9321962609132795e-06,9.978370829456308,28.20564498729732,20.0,1.9521384716034845e-06,5.318337587989497e-06,4.0281255548405e-06,1.1298601614433482e-05,0.0,Germany,DEU,baden-wurttemberg,,,Windows-11-10.0.26200-SP0,3.14.6,3.2.9,24,Intel(R) Core(TM) Ultra 9 285K,1,1 x NVIDIA GeForce RTX 5090,9.1827,48.767,63.273277282714844,machine,0.0,0.0,0.0,0.0,N
gradient_updates_64,2026-08-13T12:30:32,sac_HalfCheetah-v5_seed0,49a824e2-898f-43d0-8a8d-939cc872d063,11.479039500001818,7.336645932704867e-05,6.391348100212524e-06,9.975714678967163,28.224957546928476,20.0,3.0691985907999996e-05,9.81256340560066e-05,6.377053944549207e-05,0.00019258815940949997,0.0,Germany,DEU,baden-wurttemberg,,,Windows-11-10.0.26200-SP0,3.14.6,3.2.9,24,Intel(R) Core(TM) Ultra 9 285K,1,1 x NVIDIA GeForce RTX 5090,9.1827,48.767,63.273277282714844,machine,0.0,0.0,0.0,0.0,N
rollout_65,2026-08-13T12:30:32,sac_HalfCheetah-v5_seed0,49a824e2-898f-43d0-8a8d-939cc872d063,0.7205435999203473,4.2370722835227345e-06,5.880333144311109e-06,9.97316166695099,28.208004449438178,20.0,1.929187883001598e-06,5.192504153983535e-06,4.000692222163801e-06,1.1122384259149368e-05,0.0,Germany,DEU,baden-wurttemberg,,,Windows-11-10.0.26200-SP0,3.14.6,3.2.9,24,Intel(R) Core(TM) Ultra 9 285K,1,1 x NVIDIA GeForce RTX 5090,9.1827,48.767,63.273277282714844,machine,0.0,0.0,0.0,0.0,N
gradient_updates_65,2026-08-13T12:30:44,sac_HalfCheetah-v5_seed0,49a824e2-898f-43d0-8a8d-939cc872d063,12.039457799866796,7.740751189321427e-05,6.42948242388676e-06,9.970671126241722,28.22951549441195,20.0,3.223644377682317e-05,0.00010406397214000884,6.689557277778611e-05,0.00020319598869461726,0.0,Germany,DEU,baden-wurttemberg,,,Windows-11-10.0.26200-SP0,3.14.6,3.2.9,24,Intel(R) Core(TM) Ultra 9 285K,1,1 x NVIDIA GeForce RTX 5090,9.1827,48.767,63.273277282714844,machine,0.0,0.0,0.0,0.0,N
rollout_66,2026-08-13T12:30:45,sac_HalfCheetah-v5_seed0,49a824e2-898f-43d0-8a8d-939cc872d063,0.7278050999157131,4.558707534502333e-06,6.263358109294441e-06,9.968507670831123,28.239143655210224,20.0,1.9572145166500167e-06,5.9688936639989976e-06,4.040573889182997e-06,1.1966682069831577e-05,0.0,Germany,DEU,baden-wurttemberg,,,Windows-11-10.0.26200-SP0,3.14.6,3.2.9,24,Intel(R) Core(TM) Ultra 9 285K,1,1 x NVIDIA GeForce RTX 5090,9.1827,48.767,63.273277282714844,machine,0.0,0.0,0.0,0.0,N
gradient_updates_66,2026-08-13T12:30:57,sac_HalfCheetah-v5_seed0,49a824e2-898f-43d0-8a8d-939cc872d063,11.469737799838185,7.256681770747425e-05,6.326799579962219e-06,9.965957415540384,28.253252000673896,20.0,3.064810458324385e-05,9.612424356600369e-05,6.371673888966659e-05,0.00019048908703891455,0.0,Germany,DEU,baden-wurttemberg,,,Windows-11-10.0.26200-SP0,3.14.6,3.2.9,24,Intel(R) Core(TM) Ultra 9 285K,1,1 x NVIDIA GeForce RTX 5090,9.1827,48.767,63.273277282714844,machine,0.0,0.0,0.0,0.0,N
rollout_67,2026-08-13T12:30:57,sac_HalfCheetah-v5_seed0,49a824e2-898f-43d0-8a8d-939cc872d063,0.7299796000588685,4.580190565124133e-06,6.274374608640064e-06,9.96455795953212,28.262583783946187,20.0,1.9826644767884614e-06,5.987504790000431e-06,4.052906110882555e-06,1.2023075377672748e-05,0.0,Germany,DEU,baden-wurttemberg,,,Windows-11-10.0.26200-SP0,3.14.6,3.2.9,24,Intel(R) Core(TM) Ultra 9 285K,1,1 x NVIDIA GeForce RTX 5090,9.1827,48.767,63.273277282714844,machine,0.0,0.0,0.0,0.0,N
gradient_updates_67,2026-08-13T12:31:09,sac_HalfCheetah-v5_seed0,49a824e2-898f-43d0-8a8d-939cc872d063,11.489755999995396,7.197821253427522e-05,6.264550234882451e-06,9.962067231420377,28.272204419651914,20.0,3.0699071031022995e-05,9.443674221600029e-05,6.380817555537866e-05,0.0001889439888024015,0.0,Germany,DEU,baden-wurttemberg,,,Windows-11-10.0.26200-SP0,3.14.6,3.2.9,24,Intel(R) Core(TM) Ultra 9 285K,1,1 x NVIDIA GeForce RTX 5090,9.1827,48.767,63.273277282714844,machine,0.0,0.0,0.0,0.0,N
rollout_68,2026-08-13T12:31:10,sac_HalfCheetah-v5_seed0,49a824e2-898f-43d0-8a8d-939cc872d063,0.7328057000413537,4.179612745574754e-06,5.703669826265406e-06,9.96060167453309,28.242832263118284,20.0,1.987109208111907e-06,4.9158372660007554e-06,4.068605555221719e-06,1.0971552029333947e-05,0.0,Germany,DEU,baden-wurttemberg,,,Windows-11-10.0.26200-SP0,3.14.6,3.2.9,24,Intel(R) Core(TM) Ultra 9 285K,1,1 x NVIDIA GeForce RTX 5090,9.1827,48.767,63.273277282714844,machine,0.0,0.0,0.0,0.0,N
gradient_updates_68,2026-08-13T12:31:21,sac_HalfCheetah-v5_seed0,49a824e2-898f-43d0-8a8d-939cc872d063,11.469087800011039,7.212079382188426e-05,6.288273630765246e-06,9.958223589244202,28.253867086903295,20.0,3.066643773939198e-05,9.493507594800221e-05,6.371675333422065e-05,0.0001893182670216157,0.0,Germany,DEU,baden-wurttemberg,,,Windows-11-10.0.26200-SP0,3.14.6,3.2.9,24,Intel(R) Core(TM) Ultra 9 285K,1,1 x NVIDIA GeForce RTX 5090,9.1827,48.767,63.273277282714844,machine,0.0,0.0,0.0,0.0,N
rollout_69,2026-08-13T12:31:22,sac_HalfCheetah-v5_seed0,49a824e2-898f-43d0-8a8d-939cc872d063,0.7337939999997616,4.194056993166162e-06,5.715667780306338e-06,9.956726224091778,28.225923364888253,20.0,1.987335014103867e-06,4.948059513981695e-06,4.074073888154887e-06,1.1009468416239149e-05,0.0,Germany,DEU,baden-wurttemberg,,,Windows-11-10.0.26200-SP0,3.14.6,3.2.9,24,Intel(R) Core(TM) Ultra 9 285K,1,1 x NVIDIA GeForce RTX 5090,9.1827,48.767,63.273277282714844,machine,0.0,0.0,0.0,0.0,N
gradient_updates_69,2026-08-13T12:31:33,sac_HalfCheetah-v5_seed0,49a824e2-898f-43d0-8a8d-939cc872d063,11.461248300038278,7.238912081233492e-05,6.315991433171487e-06,9.954639583537292,28.23852682834232,20.0,3.075026607171367e-05,9.559979870202295e-05,6.367256500007957e-05,0.0001900226297738162,0.0,Germany,DEU,baden-wurttemberg,,,Windows-11-10.0.26200-SP0,3.14.6,3.2.9,24,Intel(R) Core(TM) Ultra 9 285K,1,1 x NVIDIA GeForce RTX 5090,9.1827,48.767,63.273277282714844,machine,0.0,0.0,0.0,0.0,N
rollout_70,2026-08-13T12:31:34,sac_HalfCheetah-v5_seed0,49a824e2-898f-43d0-8a8d-939cc872d063,0.748264400055632,4.217849246822107e-06,5.636612142935925e-06,9.953089333651615,28.2060091166446,20.0,2.0236651121262675e-06,4.89389280398933e-06,4.154365556314522e-06,1.107192347243012e-05,0.0,Germany,DEU,baden-wurttemberg,,,Windows-11-10.0.26200-SP0,3.14.6,3.2.9,24,Intel(R) Core(TM) Ultra 9 285K,1,1 x NVIDIA GeForce RTX 5090,9.1827,48.767,63.273277282714844,machine,0.0,0.0,0.0,0.0,N
gradient_updates_70,2026-08-13T12:31:46,sac_HalfCheetah-v5_seed0,49a824e2-898f-43d0-8a8d-939cc872d063,11.788432999979705,7.359182386873758e-05,6.242706111682121e-06,9.950958018241604,28.213898824538063,20.0,3.158138925401675e-05,9.610813244199934e-05,6.549022333282584e-05,0.00019317974502884236,0.0,Germany,DEU,baden-wurttemberg,,,Windows-11-10.0.26200-SP0,3.14.6,3.2.9,24,Intel(R) Core(TM) Ultra 9 285K,1,1 x NVIDIA GeForce RTX 5090,9.1827,48.767,63.273277282714844,machine,0.0,0.0,0.0,0.0,N
rollout_71,2026-08-13T12:31:47,sac_HalfCheetah-v5_seed0,49a824e2-898f-43d0-8a8d-939cc872d063,0.7167841999325901,4.116231655300166e-06,5.742598804027868e-06,9.948845967223512,28.189433212209035,20.0,1.920926703352817e-06,4.904448367995529e-06,3.979800556165071e-06,1.0805175627511682e-05,0.0,Germany,DEU,baden-wurttemberg,,,Windows-11-10.0.26200-SP0,3.14.6,3.2.9,24,Intel(R) Core(TM) Ultra 9 285K,1,1 x NVIDIA GeForce RTX 5090,9.1827,48.767,63.273277282714844,machine,0.0,0.0,0.0,0.0,N
gradient_updates_71,2026-08-13T12:31:58,sac_HalfCheetah-v5_seed0,49a824e2-898f-43d0-8a8d-939cc872d063,11.490452299825847,7.163868765687042e-05,6.23462334412488e-06,9.946728932524032,28.196852678711025,20.0,3.076269399742825e-05,9.345535254200177e-05,6.383468388941951e-05,0.0001880527304288504,0.0,Germany,DEU,baden-wurttemberg,,,Windows-11-10.0.26200-SP0,3.14.6,3.2.9,24,Intel(R) Core(TM) Ultra 9 285K,1,1 x NVIDIA GeForce RTX 5090,9.1827,48.767,63.273277282714844,machine,0.0,0.0,0.0,0.0,N
rollout_72,2026-08-13T12:31:59,sac_HalfCheetah-v5_seed0,49a824e2-898f-43d0-8a8d-939cc872d063,0.7186022000387311,4.19554768257141e-06,5.838421767752778e-06,9.945142186396167,28.17851078052387,20.0,1.939610211902556e-06,5.084170734012683e-06,3.989600554470986e-06,1.1013381500384056e-05,0.0,Germany,DEU,baden-wurttemberg,,,Windows-11-10.0.26200-SP0,3.14.6,3.2.9,24,Intel(R) Core(TM) Ultra 9 285K,1,1 x NVIDIA GeForce RTX 5090,9.1827,48.767,63.273277282714844,machine,0.0,0.0,0.0,0.0,N
gradient_updates_72,2026-08-13T12:32:10,sac_HalfCheetah-v5_seed0,49a824e2-898f-43d0-8a8d-939cc872d063,11.513424400007352,7.181049772946122e-05,6.237105516797321e-06,9.943083715878071,28.186054994516848,20.0,3.082671193840522e-05,9.371451941599107e-05,6.396250333378338e-05,0.00018850373468817794,0.0,Germany,DEU,baden-wurttemberg,,,Windows-11-10.0.26200-SP0,3.14.6,3.2.9,24,Intel(R) Core(TM) Ultra 9 285K,1,1 x NVIDIA GeForce RTX 5090,9.1827,48.767,63.273277282714844,machine,0.0,0.0,0.0,0.0,N
rollout_73,2026-08-13T12:32:11,sac_HalfCheetah-v5_seed0,49a824e2-898f-43d0-8a8d-939cc872d063,0.7177460000384599,4.4693465386181144e-06,6.226837047787297e-06,9.941175788833549,28.192853621437383,20.0,1.9264155561495716e-06,5.820560212005388e-06,3.985132221391574e-06,1.1732107989548268e-05,0.0,Germany,DEU,baden-wurttemberg,,,Windows-11-10.0.26200-SP0,3.14.6,3.2.9,24,Intel(R) Core(TM) Ultra 9 285K,1,1 x NVIDIA GeForce RTX 5090,9.1827,48.767,63.273277282714844,machine,0.0,0.0,0.0,0.0,N
gradient_updates_73,2026-08-13T12:32:22,sac_HalfCheetah-v5_seed0,49a824e2-898f-43d0-8a8d-939cc872d063,11.476842199917883,7.155500556818399e-05,6.234722834060524e-06,9.938962612435976,28.200264251985566,20.0,3.062860603779633e-05,9.34456303119946e-05,6.3758827223339e-05,0.00018783306357313123,0.0,Germany,DEU,baden-wurttemberg,,,Windows-11-10.0.26200-SP0,3.14.6,3.2.9,24,Intel(R) Core(TM) Ultra 9 285K,1,1 x NVIDIA GeForce RTX 5090,9.1827,48.767,63.273277282714844,machine,0.0,0.0,0.0,0.0,N
rollout_74,2026-08-13T12:32:23,sac_HalfCheetah-v5_seed0,49a824e2-898f-43d0-8a8d-939cc872d063,0.722209099913016,4.453774588984716e-06,6.166730849698148e-06,9.937204716680474,28.203118960827737,20.0,1.9409706632934204e-06,5.741115704005484e-06,4.009144998983437e-06,1.1691231366281474e-05,0.0,Germany,DEU,baden-wurttemberg,,,Windows-11-10.0.26200-SP0,3.14.6,3.2.9,24,Intel(R) Core(TM) Ultra 9 285K,1,1 x NVIDIA GeForce RTX 5090,9.1827,48.767,63.273277282714844,machine,0.0,0.0,0.0,0.0,N
gradient_updates_74,2026-08-13T12:32:35,sac_HalfCheetah-v5_seed0,49a824e2-898f-43d0-8a8d-939cc872d063,11.47101300000213,8.060122488548135e-05,7.02651104918406e-06,9.982099934872107,28.212264679843297,20.0,5.355335002649132e-05,9.430951989199132e-05,6.371666777801356e-05,0.00021157953769649837,0.0,Germany,DEU,baden-wurttemberg,,,Windows-11-10.0.26200-SP0,3.14.6,3.2.9,24,Intel(R) Core(TM) Ultra 9 285K,1,1 x NVIDIA GeForce RTX 5090,9.1827,48.767,63.273277282714844,machine,0.0,0.0,0.0,0.0,N
rollout_75,2026-08-13T12:32:35,sac_HalfCheetah-v5_seed0,49a824e2-898f-43d0-8a8d-939cc872d063,0.7213421000633389,4.496880208154294e-06,6.234026640983867e-06,9.980325513975533,28.21890157179196,20.0,1.94644964111694e-06,5.853893572008162e-06,4.004041110682727e-06,1.1804384323806094e-05,0.0,Germany,DEU,baden-wurttemberg,,,Windows-11-10.0.26200-SP0,3.14.6,3.2.9,24,Intel(R) Core(TM) Ultra 9 285K,1,1 x NVIDIA GeForce RTX 5090,9.1827,48.767,63.273277282714844,machine,0.0,0.0,0.0,0.0,N
gradient_updates_75,2026-08-13T12:32:47,sac_HalfCheetah-v5_seed0,49a824e2-898f-43d0-8a8d-939cc872d063,11.479334099916741,7.145441409372316e-05,6.22460632656423e-06,9.978158211918917,28.22509282257701,20.0,3.075442597967517e-05,9.30414633220078e-05,6.377312000064791e-05,0.00018756900930233175,0.0,Germany,DEU,baden-wurttemberg,,,Windows-11-10.0.26200-SP0,3.14.6,3.2.9,24,Intel(R) Core(TM) Ultra 9 285K,1,1 x NVIDIA GeForce RTX 5090,9.1827,48.767,63.273277282714844,machine,0.0,0.0,0.0,0.0,N
rollout_76,2026-08-13T12:32:48,sac_HalfCheetah-v5_seed0,49a824e2-898f-43d0-8a8d-939cc872d063,0.7181800999678671,4.467615468994532e-06,6.2207071706309506e-06,9.976691166970719,28.23116387334202,20.0,1.94585314883906e-06,5.803615753988134e-06,3.978095000557735e-06,1.1727563903385363e-05,0.0,Germany,DEU,baden-wurttemberg,,,Windows-11-10.0.26200-SP0,3.14.6,3.2.9,24,Intel(R) Core(TM) Ultra 9 285K,1,1 x NVIDIA GeForce RTX 5090,9.1827,48.767,63.273277282714844,machine,0.0,0.0,0.0,0.0,N
gradient_updates_76,2026-08-13T12:32:59,sac_HalfCheetah-v5_seed0,49a824e2-898f-43d0-8a8d-939cc872d063,11.471708400174975,7.238863275049745e-05,6.310179626038828e-06,9.974454182111034,28.24247033575115,20.0,3.0673725442980585e-05,9.56170209380075e-05,6.373060222249465e-05,0.0001900213486034849,0.0,Germany,DEU,baden-wurttemberg,,,Windows-11-10.0.26200-SP0,3.14.6,3.2.9,24,Intel(R) Core(TM) Ultra 9 285K,1,1 x NVIDIA GeForce RTX 5090,9.1827,48.767,63.273277282714844,machine,0.0,0.0,0.0,0.0,N
rollout_77,2026-08-13T12:33:00,sac_HalfCheetah-v5_seed0,49a824e2-898f-43d0-8a8d-939cc872d063,0.726881300099194,4.621323431389969e-06,6.357710921084083e-06,9.972469720968558,28.25646549741304,20.0,1.9516349105946212e-06,6.144727137988304e-06,4.034687777878035e-06,1.213104982646096e-05,0.0,Germany,DEU,baden-wurttemberg,,,Windows-11-10.0.26200-SP0,3.14.6,3.2.9,24,Intel(R) Core(TM) Ultra 9 285K,1,1 x NVIDIA GeForce RTX 5090,9.1827,48.767,63.273277282714844,machine,0.0,0.0,0.0,0.0,N
gradient_updates_77,2026-08-13T12:33:11,sac_HalfCheetah-v5_seed0,49a824e2-898f-43d0-8a8d-939cc872d063,11.479679299984127,7.239347240308499e-05,6.306220519630751e-06,9.970316643352405,28.267204593554226,20.0,3.070998688781612e-05,9.554896532799895e-05,6.377510055511574e-05,0.00019003405277092864,0.0,Germany,DEU,baden-wurttemberg,,,Windows-11-10.0.26200-SP0,3.14.6,3.2.9,24,Intel(R) Core(TM) Ultra 9 285K,1,1 x NVIDIA GeForce RTX 5090,9.1827,48.767,63.273277282714844,machine,0.0,0.0,0.0,0.0,N
rollout_78,2026-08-13T12:33:12,sac_HalfCheetah-v5_seed0,49a824e2-898f-43d0-8a8d-939cc872d063,0.7348199000116438,4.664575772774654e-06,6.347740826398144e-06,9.968627281831452,28.280734733231732,20.0,1.9807896445545557e-06,6.1938938440003755e-06,4.069904443652558e-06,1.2244587932207923e-05,0.0,Germany,DEU,baden-wurttemberg,,,Windows-11-10.0.26200-SP0,3.14.6,3.2.9,24,Intel(R) Core(TM) Ultra 9 285K,1,1 x NVIDIA GeForce RTX 5090,9.1827,48.767,63.273277282714844,machine,0.0,0.0,0.0,0.0,N
gradient_updates_78,2026-08-13T12:33:23,sac_HalfCheetah-v5_seed0,49a824e2-898f-43d0-8a8d-939cc872d063,11.462145899888128,7.237167211204647e-05,6.313977237616831e-06,9.966488845357965,28.291683854177784,20.0,3.064444345860298e-05,9.565535430200445e-05,6.367702888868121e-05,0.00018997682664928864,0.0,Germany,DEU,baden-wurttemberg,,,Windows-11-10.0.26200-SP0,3.14.6,3.2.9,24,Intel(R) Core(TM) Ultra 9 285K,1,1 x NVIDIA GeForce RTX 5090,9.1827,48.767,63.273277282714844,machine,0.0,0.0,0.0,0.0,N
rollout_79,2026-08-13T12:33:24,sac_HalfCheetah-v5_seed0,49a824e2-898f-43d0-8a8d-939cc872d063,0.7300789000000805,4.584514345148255e-06,6.2795329853593566e-06,9.9648617770681,28.300134466099067,20.0,1.9689733395562847e-06,6.012227032003992e-06,4.053224999613081e-06,1.2034425371173357e-05,0.0,Germany,DEU,baden-wurttemberg,,,Windows-11-10.0.26200-SP0,3.14.6,3.2.9,24,Intel(R) Core(TM) Ultra 9 285K,1,1 x NVIDIA GeForce RTX 5090,9.1827,48.767,63.273277282714844,machine,0.0,0.0,0.0,0.0,N
gradient_updates_79,2026-08-13T12:33:36,sac_HalfCheetah-v5_seed0,49a824e2-898f-43d0-8a8d-939cc872d063,11.464024300221354,7.331727417360726e-05,6.3954269927591426e-06,9.962996509208788,28.315326981868935,20.0,3.076562194720455e-05,9.800563395999384e-05,6.368779166756808e-05,0.00019245904757476603,0.0,Germany,DEU,baden-wurttemberg,,,Windows-11-10.0.26200-SP0,3.14.6,3.2.9,24,Intel(R) Core(TM) Ultra 9 285K,1,1 x NVIDIA GeForce RTX 5090,9.1827,48.767,63.273277282714844,machine,0.0,0.0,0.0,0.0,N
rollout_80,2026-08-13T12:33:36,sac_HalfCheetah-v5_seed0,49a824e2-898f-43d0-8a8d-939cc872d063,0.7341835999395698,4.585560752069437e-06,6.24577355290662e-06,9.961342191294099,28.321680210805482,20.0,1.977455751795039e-06,5.983893675995389e-06,4.075822778718506e-06,1.2037172206508934e-05,0.0,Germany,DEU,baden-wurttemberg,,,Windows-11-10.0.26200-SP0,3.14.6,3.2.9,24,Intel(R) Core(TM) Ultra 9 285K,1,1 x NVIDIA GeForce RTX 5090,9.1827,48.767,63.273277282714844,machine,0.0,0.0,0.0,0.0,N
gradient_updates_80,2026-08-13T12:33:48,sac_HalfCheetah-v5_seed0,49a824e2-898f-43d0-8a8d-939cc872d063,11.485387700144202,7.325918115882318e-05,6.378460230102068e-06,9.95936651048868,28.335858535784578,20.0,3.074192701020594e-05,9.778257822601333e-05,6.37820472216442e-05,0.0001923065524578639,0.0,Germany,DEU,baden-wurttemberg,,,Windows-11-10.0.26200-SP0,3.14.6,3.2.9,24,Intel(R) Core(TM) Ultra 9 285K,1,1 x NVIDIA GeForce RTX 5090,9.1827,48.767,63.273277282714844,machine,0.0,0.0,0.0,0.0,N
rollout_81,2026-08-13T12:33:49,sac_HalfCheetah-v5_seed0,49a824e2-898f-43d0-8a8d-939cc872d063,0.7329781001899391,4.254747072743488e-06,5.804710394589167e-06,9.95785730932188,28.316798479115572,20.0,1.9775378839719665e-06,5.122226319986822e-06,4.069016666875987e-06,1.1168780870832173e-05,0.0,Germany,DEU,baden-wurttemberg,,,Windows-11-10.0.26200-SP0,3.14.6,3.2.9,24,Intel(R) Core(TM) Ultra 9 285K,1,1 x NVIDIA GeForce RTX 5090,9.1827,48.767,63.273277282714844,machine,0.0,0.0,0.0,0.0,N
gradient_updates_81,2026-08-13T12:34:00,sac_HalfCheetah-v5_seed0,49a824e2-898f-43d0-8a8d-939cc872d063,11.507979500107467,7.339317901802322e-05,6.377595560297321e-06,9.955930658430132,28.330667802212968,20.0,3.080462236675595e-05,9.792202278201267e-05,6.393165388791314e-05,0.00019265829903667916,0.0,Germany,DEU,baden-wurttemberg,,,Windows-11-10.0.26200-SP0,3.14.6,3.2.9,24,Intel(R) Core(TM) Ultra 9 285K,1,1 x NVIDIA GeForce RTX 5090,9.1827,48.767,63.273277282714844,machine,0.0,0.0,0.0,0.0,N
rollout_82,2026-08-13T12:34:01,sac_HalfCheetah-v5_seed0,49a824e2-898f-43d0-8a8d-939cc872d063,0.9732441999949515,6.116676816518216e-06,6.284605239080092e-06,9.95413913807281,28.339527635731926,20.0,2.611132223687314e-06,8.048061993989886e-06,5.397182778041701e-06,1.6056376995716298e-05,0.0,Germany,DEU,baden-wurttemberg,,,Windows-11-10.0.26200-SP0,3.14.6,3.2.9,24,Intel(R) Core(TM) Ultra 9 285K,1,1 x NVIDIA GeForce RTX 5090,9.1827,48.767,63.273277282714844,machine,0.0,0.0,0.0,0.0,N
gradient_updates_82,2026-08-13T12:34:13,sac_HalfCheetah-v5_seed0,49a824e2-898f-43d0-8a8d-939cc872d063,11.474322800058872,7.299882420923158e-05,6.361919388597061e-06,9.95223101288658,28.352245641245688,20.0,3.070048289582558e-05,9.717729996400193e-05,6.374532833384929e-05,0.00019162311119367767,0.0,Germany,DEU,baden-wurttemberg,,,Windows-11-10.0.26200-SP0,3.14.6,3.2.9,24,Intel(R) Core(TM) Ultra 9 285K,1,1 x NVIDIA GeForce RTX 5090,9.1827,48.767,63.273277282714844,machine,0.0,0.0,0.0,0.0,N
rollout_83,2026-08-13T12:34:13,sac_HalfCheetah-v5_seed0,49a824e2-898f-43d0-8a8d-939cc872d063,0.7133599000517279,4.171113472966996e-06,5.847201505416211e-06,9.950471185751953,28.336191557699635,20.0,1.9136894606856802e-06,5.0750040600094914e-06,3.960547778600158e-06,1.0949241299296197e-05,0.0,Germany,DEU,baden-wurttemberg,,,Windows-11-10.0.26200-SP0,3.14.6,3.2.9,24,Intel(R) Core(TM) Ultra 9 285K,1,1 x NVIDIA GeForce RTX 5090,9.1827,48.767,63.273277282714844,machine,0.0,0.0,0.0,0.0,N
gradient_updates_83,2026-08-13T12:34:25,sac_HalfCheetah-v5_seed0,49a824e2-898f-43d0-8a8d-939cc872d063,11.461096300045028,7.212439244184791e-05,6.2929757097693935e-06,9.94860567579083,28.34497455188191,20.0,3.0664326353340744e-05,9.499229821599564e-05,6.367108888872403e-05,0.00018932771345805954,0.0,Germany,DEU,baden-wurttemberg,,,Windows-11-10.0.26200-SP0,3.14.6,3.2.9,24,Intel(R) Core(TM) Ultra 9 285K,1,1 x NVIDIA GeForce RTX 5090,9.1827,48.767,63.273277282714844,machine,0.0,0.0,0.0,0.0,N
rollout_84,2026-08-13T12:34:25,sac_HalfCheetah-v5_seed0,49a824e2-898f-43d0-8a8d-939cc872d063,0.7081432000268251,4.203503932953892e-06,5.9358906519952166e-06,9.946782452987396,28.33411197701619,20.0,1.8962831784506695e-06,5.206115275990797e-06,3.931868333731728e-06,1.103426678817146e-05,0.0,Germany,DEU,baden-wurttemberg,,,Windows-11-10.0.26200-SP0,3.14.6,3.2.9,24,Intel(R) Core(TM) Ultra 9 285K,1,1 x NVIDIA GeForce RTX 5090,9.1827,48.767,63.273277282714844,machine,0.0,0.0,0.0,0.0,N
gradient_updates_84,2026-08-13T12:34:37,sac_HalfCheetah-v5_seed0,49a824e2-898f-43d0-8a8d-939cc872d063,11.476757199969143,7.308910632338947e-05,6.368444702010389e-06,9.945023412306544,28.346868742414745,20.0,3.0741068111825136e-05,9.73623001120083e-05,6.375673500070775e-05,0.00019186010322454206,0.0,Germany,DEU,baden-wurttemberg,,,Windows-11-10.0.26200-SP0,3.14.6,3.2.9,24,Intel(R) Core(TM) Ultra 9 285K,1,1 x NVIDIA GeForce RTX 5090,9.1827,48.767,63.273277282714844,machine,0.0,0.0,0.0,0.0,N
rollout_85,2026-08-13T12:34:38,sac_HalfCheetah-v5_seed0,49a824e2-898f-43d0-8a8d-939cc872d063,0.709440500009805,4.350661315145193e-06,6.132555712601535e-06,9.943285338497887,28.34678008887857,20.0,1.9012450880799385e-06,5.580560020007619e-06,3.938752222650693e-06,1.1420557330738684e-05,0.0,Germany,DEU,baden-wurttemberg,,,Windows-11-10.0.26200-SP0,3.14.6,3.2.9,24,Intel(R) Core(TM) Ultra 9 285K,1,1 x NVIDIA GeForce RTX 5090,9.1827,48.767,63.273277282714844,machine,0.0,0.0,0.0,0.0,N
gradient_updates_85,2026-08-13T12:34:49,sac_HalfCheetah-v5_seed0,49a824e2-898f-43d0-8a8d-939cc872d063,11.475950899999589,7.392717536163114e-05,6.441929685284341e-06,9.941608158268755,28.36324445063284,20.0,3.076209023046648e-05,9.95450796359848e-05,6.37528783331313e-05,0.00019406004819958259,0.0,Germany,DEU,baden-wurttemberg,,,Windows-11-10.0.26200-SP0,3.14.6,3.2.9,24,Intel(R) Core(TM) Ultra 9 285K,1,1 x NVIDIA GeForce RTX 5090,9.1827,48.767,63.273277282714844,machine,0.0,0.0,0.0,0.0,N
rollout_86,2026-08-13T12:34:50,sac_HalfCheetah-v5_seed0,49a824e2-898f-43d0-8a8d-939cc872d063,0.7138393998611718,4.256732963581547e-06,5.96297089744527e-06,9.940172986951318,28.35371743569269,20.0,1.9221240789729123e-06,5.2888931200145706e-06,3.9629766678747624e-06,1.1173993866863546e-05,0.0,Germany,DEU,baden-wurttemberg,,,Windows-11-10.0.26200-SP0,3.14.6,3.2.9,24,Intel(R) Core(TM) Ultra 9 285K,1,1 x NVIDIA GeForce RTX 5090,9.1827,48.767,63.273277282714844,machine,0.0,0.0,0.0,0.0,N
gradient_updates_86,2026-08-13T12:35:01,sac_HalfCheetah-v5_seed0,49a824e2-898f-43d0-8a8d-939cc872d063,11.485425800085068,7.318639661689063e-05,6.372107505355898e-06,9.93856506142504,28.36619238702782,20.0,3.080638494937227e-05,9.750285577998785e-05,6.380625111180281e-05,0.0001921154918411612,0.0,Germany,DEU,baden-wurttemberg,,,Windows-11-10.0.26200-SP0,3.14.6,3.2.9,24,Intel(R) Core(TM) Ultra 9 285K,1,1 x NVIDIA GeForce RTX 5090,9.1827,48.767,63.273277282714844,machine,0.0,0.0,0.0,0.0,N
rollout_87,2026-08-13T12:35:02,sac_HalfCheetah-v5_seed0,49a824e2-898f-43d0-8a8d-939cc872d063,0.7113081999123096,4.231067429775678e-06,5.948264880633687e-06,9.937178113727146,28.355996912572312,20.0,1.915928336799263e-06,5.242504194008513e-06,3.948188888737263e-06,1.1106621419544604e-05,0.0,Germany,DEU,baden-wurttemberg,,,Windows-11-10.0.26200-SP0,3.14.6,3.2.9,24,Intel(R) Core(TM) Ultra 9 285K,1,1 x NVIDIA GeForce RTX 5090,9.1827,48.767,63.273277282714844,machine,0.0,0.0,0.0,0.0,N
gradient_updates_87,2026-08-13T12:35:13,sac_HalfCheetah-v5_seed0,49a824e2-898f-43d0-8a8d-939cc872d063,11.450980499852449,7.274152203554356e-05,6.352431594294442e-06,9.935464805565541,28.367422114486246,20.0,3.063409640726442e-05,9.669896624799057e-05,6.36146261111005e-05,0.0001909476887663568,0.0,Germany,DEU,baden-wurttemberg,,,Windows-11-10.0.26200-SP0,3.14.6,3.2.9,24,Intel(R) Core(TM) Ultra 9 285K,1,1 x NVIDIA GeForce RTX 5090,9.1827,48.767,63.273277282714844,machine,0.0,0.0,0.0,0.0,N
rollout_88,2026-08-13T12:35:14,sac_HalfCheetah-v5_seed0,49a824e2-898f-43d0-8a8d-939cc872d063,0.7202808998990804,4.2304534435310195e-06,5.873295147405269e-06,9.933987203561289,28.353450869835104,20.0,1.9356500045083352e-06,5.170281914004815e-06,3.999077777067962e-06,1.110500969557851e-05,0.0,Germany,DEU,baden-wurttemberg,,,Windows-11-10.0.26200-SP0,3.14.6,3.2.9,24,Intel(R) Core(TM) Ultra 9 285K,1,1 x NVIDIA GeForce RTX 5090,9.1827,48.767,63.273277282714844,machine,0.0,0.0,0.0,0.0,N
gradient_updates_88,2026-08-13T12:35:26,sac_HalfCheetah-v5_seed0,49a824e2-898f-43d0-8a8d-939cc872d063,11.46514829993248,7.342440266024531e-05,6.4041448032525355e-06,9.932448965464264,28.367324390940023,20.0,3.0751983530631806e-05,9.829480085800368e-05,6.369347722114376e-05,0.00019274026160977925,0.0,Germany,DEU,baden-wurttemberg,,,Windows-11-10.0.26200-SP0,3.14.6,3.2.9,24,Intel(R) Core(TM) Ultra 9 285K,1,1 x NVIDIA GeForce RTX 5090,9.1827,48.767,63.273277282714844,machine,0.0,0.0,0.0,0.0,N
rollout_89,2026-08-13T12:35:26,sac_HalfCheetah-v5_seed0,49a824e2-898f-43d0-8a8d-939cc872d063,0.7231866999063641,4.249512469321759e-06,5.876080224793806e-06,9.931069130427648,28.353594199229185,20.0,1.94580635113099e-06,5.19417082199547e-06,4.015062777843262e-06,1.115503995096842e-05,0.0,Germany,DEU,baden-wurttemberg,,,Windows-11-10.0.26200-SP0,3.14.6,3.2.9,24,Intel(R) Core(TM) Ultra 9 285K,1,1 x NVIDIA GeForce RTX 5090,9.1827,48.767,63.273277282714844,machine,0.0,0.0,0.0,0.0,N
gradient_updates_89,2026-08-13T12:35:38,sac_HalfCheetah-v5_seed0,49a824e2-898f-43d0-8a8d-939cc872d063,11.457737900083885,7.514552534683763e-05,6.5584901426416546e-06,9.934342622125858,28.370506480141213,20.0,3.3515672938732536e-05,0.00010009008007200171,6.365248388869472e-05,0.0001972582368994294,0.0,Germany,DEU,baden-wurttemberg,,,Windows-11-10.0.26200-SP0,3.14.6,3.2.9,24,Intel(R) Core(TM) Ultra 9 285K,1,1 x NVIDIA GeForce RTX 5090,9.1827,48.767,63.273277282714844,machine,0.0,0.0,0.0,0.0,N
rollout_90,2026-08-13T12:35:39,sac_HalfCheetah-v5_seed0,49a824e2-898f-43d0-8a8d-939cc872d063,0.7356990000698715,4.6646410249351e-06,6.34024555866641e-06,9.933053739666477,28.380692769469544,20.0,1.9825553892950827e-06,6.177782719996028e-06,4.084421110908849e-06,1.2244759220198659e-05,0.0,Germany,DEU,baden-wurttemberg,,,Windows-11-10.0.26200-SP0,3.14.6,3.2.9,24,Intel(R) Core(TM) Ultra 9 285K,1,1 x NVIDIA GeForce RTX 5090,9.1827,48.767,63.273277282714844,machine,0.0,0.0,0.0,0.0,N
gradient_updates_90,2026-08-13T12:35:51,sac_HalfCheetah-v5_seed0,49a824e2-898f-43d0-8a8d-939cc872d063,11.89789479994215,7.564900488375194e-05,6.358175815058192e-06,9.93147979281855,28.391845865252193,20.0,3.186713511819364e-05,0.0001006150804920003,6.609766333389843e-05,0.00019857987894409193,0.0,Germany,DEU,baden-wurttemberg,,,Windows-11-10.0.26200-SP0,3.14.6,3.2.9,24,Intel(R) Core(TM) Ultra 9 285K,1,1 x NVIDIA GeForce RTX 5090,9.1827,48.767,63.273277282714844,machine,0.0,0.0,0.0,0.0,N
rollout_91,2026-08-13T12:35:51,sac_HalfCheetah-v5_seed0,49a824e2-898f-43d0-8a8d-939cc872d063,0.7189217999111861,4.290958534641093e-06,5.9687055619874535e-06,9.930095907910925,28.383012715786066,20.0,1.932856170352125e-06,5.339448716001893e-06,3.9915316660575975e-06,1.1263836552411616e-05,0.0,Germany,DEU,baden-wurttemberg,,,Windows-11-10.0.26200-SP0,3.14.6,3.2.9,24,Intel(R) Core(TM) Ultra 9 285K,1,1 x NVIDIA GeForce RTX 5090,9.1827,48.767,63.273277282714844,machine,0.0,0.0,0.0,0.0,N
gradient_updates_91,2026-08-13T12:36:03,sac_HalfCheetah-v5_seed0,49a824e2-898f-43d0-8a8d-939cc872d063,11.46405029995367,7.327301198076664e-05,6.391551250485879e-06,9.928561811654715,28.395710850346706,20.0,3.070962079141943e-05,9.794535613399935e-05,6.36878816669597e-05,0.00019234285859237935,0.0,Germany,DEU,baden-wurttemberg,,,Windows-11-10.0.26200-SP0,3.14.6,3.2.9,24,Intel(R) Core(TM) Ultra 9 285K,1,1 x NVIDIA GeForce RTX 5090,9.1827,48.767,63.273277282714844,machine,0.0,0.0,0.0,0.0,N
rollout_92,2026-08-13T12:36:03,sac_HalfCheetah-v5_seed0,49a824e2-898f-43d0-8a8d-939cc872d063,0.723837599856779,4.316583342751576e-06,5.963431452336318e-06,9.927331101218254,28.386561126703754,20.0,1.95076558225267e-06,5.361393178013318e-06,4.018943333843061e-06,1.1331102094110784e-05,0.0,Germany,DEU,baden-wurttemberg,,,Windows-11-10.0.26200-SP0,3.14.6,3.2.9,24,Intel(R) Core(TM) Ultra 9 285K,1,1 x NVIDIA GeForce RTX 5090,9.1827,48.767,63.273277282714844,machine,0.0,0.0,0.0,0.0,N
gradient_updates_92,2026-08-13T12:36:15,sac_HalfCheetah-v5_seed0,49a824e2-898f-43d0-8a8d-939cc872d063,11.48737769993022,7.364494780756192e-05,6.410941586739684e-06,9.925799485639322,28.4001221653542,20.0,3.075501668448272e-05,9.875091233398081e-05,6.38132672213642e-05,0.0001933191962398273,0.0,Germany,DEU,baden-wurttemberg,,,Windows-11-10.0.26200-SP0,3.14.6,3.2.9,24,Intel(R) Core(TM) Ultra 9 285K,1,1 x NVIDIA GeForce RTX 5090,9.1827,48.767,63.273277282714844,machine,0.0,0.0,0.0,0.0,N
rollout_93,2026-08-13T12:36:16,sac_HalfCheetah-v5_seed0,49a824e2-898f-43d0-8a8d-939cc872d063,0.7221896999981254,4.2048945380086106e-06,5.822410956693316e-06,9.924539488346484,28.384028510297004,20.0,1.9446064165357275e-06,5.082781844009676e-06,4.010528888708474e-06,1.1037917149254312e-05,0.0,Germany,DEU,baden-wurttemberg,,,Windows-11-10.0.26200-SP0,3.14.6,3.2.9,24,Intel(R) Core(TM) Ultra 9 285K,1,1 x NVIDIA GeForce RTX 5090,9.1827,48.767,63.273277282714844,machine,0.0,0.0,0.0,0.0,N
gradient_updates_93,2026-08-13T12:36:27,sac_HalfCheetah-v5_seed0,49a824e2-898f-43d0-8a8d-939cc872d063,11.462411800166592,7.300245182651193e-05,6.368854033286548e-06,9.923149620365612,28.39524886478098,20.0,3.075583432287634e-05,9.719785553599647e-05,6.3678943889681e-05,0.00019163263374855424,0.0,Germany,DEU,baden-wurttemberg,,,Windows-11-10.0.26200-SP0,3.14.6,3.2.9,24,Intel(R) Core(TM) Ultra 9 285K,1,1 x NVIDIA GeForce RTX 5090,9.1827,48.767,63.273277282714844,machine,0.0,0.0,0.0,0.0,N
rollout_94,2026-08-13T12:36:28,sac_HalfCheetah-v5_seed0,49a824e2-898f-43d0-8a8d-939cc872d063,0.721191099844873,4.239345227628234e-06,5.877982015207145e-06,9.921903183976207,28.382192275656973,20.0,1.9409144064288023e-06,5.183615257989271e-06,4.003821110301099e-06,1.1128350774717438e-05,0.0,Germany,DEU,baden-wurttemberg,,,Windows-11-10.0.26200-SP0,3.14.6,3.2.9,24,Intel(R) Core(TM) Ultra 9 285K,1,1 x NVIDIA GeForce RTX 5090,9.1827,48.767,63.273277282714844,machine,0.0,0.0,0.0,0.0,N
gradient_updates_94,2026-08-13T12:36:39,sac_HalfCheetah-v5_seed0,49a824e2-898f-43d0-8a8d-939cc872d063,11.46082379994914,7.316372951432157e-05,6.3838018912574455e-06,9.920422329737988,28.39415735419972,20.0,3.0678450491397787e-05,9.77075781660175e-05,6.366996166761937e-05,0.0001920559903250338,0.0,Germany,DEU,baden-wurttemberg,,,Windows-11-10.0.26200-SP0,3.14.6,3.2.9,24,Intel(R) Core(TM) Ultra 9 285K,1,1 x NVIDIA GeForce RTX 5090,9.1827,48.767,63.273277282714844,machine,0.0,0.0,0.0,0.0,N
rollout_95,2026-08-13T12:36:40,sac_HalfCheetah-v5_seed0,49a824e2-898f-43d0-8a8d-939cc872d063,0.7364119999110699,4.598276785151845e-06,6.24418195658415e-06,9.919243288714597,28.39902500180465,20.0,1.983504980298135e-06,5.998615909982852e-06,4.088431111692534e-06,1.2070552001971352e-05,0.0,Germany,DEU,baden-wurttemberg,,,Windows-11-10.0.26200-SP0,3.14.6,3.2.9,24,Intel(R) Core(TM) Ultra 9 285K,1,1 x NVIDIA GeForce RTX 5090,9.1827,48.767,63.273277282714844,machine,0.0,0.0,0.0,0.0,N
gradient_updates_95,2026-08-13T12:36:52,sac_HalfCheetah-v5_seed0,49a824e2-898f-43d0-8a8d-939cc872d063,11.902233199914917,7.587909614458974e-05,6.375195025894026e-06,9.917916839890419,28.410239251569354,20.0,3.19409847159848e-05,0.00010112091423002123,6.612197333274224e-05,0.00019918387227874784,0.0,Germany,DEU,baden-wurttemberg,,,Windows-11-10.0.26200-SP0,3.14.6,3.2.9,24,Intel(R) Core(TM) Ultra 9 285K,1,1 x NVIDIA GeForce RTX 5090,9.1827,48.767,63.273277282714844,machine,0.0,0.0,0.0,0.0,N
rollout_96,2026-08-13T12:36:53,sac_HalfCheetah-v5_seed0,49a824e2-898f-43d0-8a8d-939cc872d063,0.7280385999474674,4.321240062258105e-06,5.9352964484878024e-06,9.916722538837917,28.400106616152573,20.0,1.9594145636192724e-06,5.341670939990051e-06,4.0422405556050575e-06,1.1343326059214814e-05,0.0,Germany,DEU,baden-wurttemberg,,,Windows-11-10.0.26200-SP0,3.14.6,3.2.9,24,Intel(R) Core(TM) Ultra 9 285K,1,1 x NVIDIA GeForce RTX 5090,9.1827,48.767,63.273277282714844,machine,0.0,0.0,0.0,0.0,N
gradient_updates_96,2026-08-13T12:37:04,sac_HalfCheetah-v5_seed0,49a824e2-898f-43d0-8a8d-939cc872d063,11.451536800013855,7.252769199401175e-05,6.333444520295336e-06,9.915173626246862,28.40944615084116,20.0,3.0575591111738683e-05,9.619229917599836e-05,6.361849111142636e-05,0.00019038638139916297,0.0,Germany,DEU,baden-wurttemberg,,,Windows-11-10.0.26200-SP0,3.14.6,3.2.9,24,Intel(R) Core(TM) Ultra 9 285K,1,1 x NVIDIA GeForce RTX 5090,9.1827,48.767,63.273277282714844,machine,0.0,0.0,0.0,0.0,N
rollout_97,2026-08-13T12:37:05,sac_HalfCheetah-v5_seed0,49a824e2-898f-43d0-8a8d-939cc872d063,0.7213065000250936,4.260697711042441e-06,5.906886817094018e-06,9.914280725928442,28.397791141265923,20.0,1.9521755451031367e-06,5.227504181998244e-06,4.004721666893071e-06,1.1184401393995319e-05,0.0,Germany,DEU,baden-wurttemberg,,,Windows-11-10.0.26200-SP0,3.14.6,3.2.9,24,Intel(R) Core(TM) Ultra 9 285K,1,1 x NVIDIA GeForce RTX 5090,9.1827,48.767,63.273277282714844,machine,0.0,0.0,0.0,0.0,N
gradient_updates_97,2026-08-13T12:37:16,sac_HalfCheetah-v5_seed0,49a824e2-898f-43d0-8a8d-939cc872d063,11.466308300150558,7.228608045365022e-05,6.304219792820628e-06,9.912825528833325,28.405537092645904,20.0,3.0662594729345075e-05,9.53767429680008e-05,6.371280944440522e-05,0.00018975214714175154,0.0,Germany,DEU,baden-wurttemberg,,,Windows-11-10.0.26200-SP0,3.14.6,3.2.9,24,Intel(R) Core(TM) Ultra 9 285K,1,1 x NVIDIA GeForce RTX 5090,9.1827,48.767,63.273277282714844,machine,0.0,0.0,0.0,0.0,N
rollout_98,2026-08-13T12:37:17,sac_HalfCheetah-v5_seed0,49a824e2-898f-43d0-8a8d-939cc872d063,0.7284418998751789,4.233864706193122e-06,5.811945710175336e-06,9.911775920101158,28.389743033792,20.0,1.964166898470003e-06,5.105837418001302e-06,4.04395999956033e-06,1.111396431603337e-05,0.0,Germany,DEU,baden-wurttemberg,,,Windows-11-10.0.26200-SP0,3.14.6,3.2.9,24,Intel(R) Core(TM) Ultra 9 285K,1,1 x NVIDIA GeForce RTX 5090,9.1827,48.767,63.273277282714844,machine,0.0,0.0,0.0,0.0,N
gradient_updates_98,2026-08-13T12:37:28,sac_HalfCheetah-v5_seed0,49a824e2-898f-43d0-8a8d-939cc872d063,11.459951600059867,7.27505299407058e-05,6.348247738900234e-06,9.914913552932497,28.39503513857152,20.0,3.356118633173399e-05,9.375063055599986e-05,6.365951777746303e-05,0.00019097133466519645,0.0,Germany,DEU,baden-wurttemberg,,,Windows-11-10.0.26200-SP0,3.14.6,3.2.9,24,Intel(R) Core(TM) Ultra 9 285K,1,1 x NVIDIA GeForce RTX 5090,9.1827,48.767,63.273277282714844,machine,0.0,0.0,0.0,0.0,N
rollout_99,2026-08-13T12:37:29,sac_HalfCheetah-v5_seed0,49a824e2-898f-43d0-8a8d-939cc872d063,0.7293523999396712,4.221765316300349e-06,5.788440241261921e-06,9.9138785537358,28.37681924659447,20.0,1.9781180816105977e-06,5.032504026003526e-06,4.071581111445011e-06,1.10822032190587e-05,0.0,Germany,DEU,baden-wurttemberg,,,Windows-11-10.0.26200-SP0,3.14.6,3.2.9,24,Intel(R) Core(TM) Ultra 9 285K,1,1 x NVIDIA GeForce RTX 5090,9.1827,48.767,63.273277282714844,machine,0.0,0.0,0.0,0.0,N
gradient_updates_99,2026-08-13T12:37:41,sac_HalfCheetah-v5_seed0,49a824e2-898f-43d0-8a8d-939cc872d063,11.451334599871188,7.234332036451345e-05,6.3174511624928696e-06,9.91250831795582,28.385134930070674,20.0,3.0651809674125084e-05,9.563340983999302e-05,6.3617183332745e-05,0.00018990240284686571,0.0,Germany,DEU,baden-wurttemberg,,,Windows-11-10.0.26200-SP0,3.14.6,3.2.9,24,Intel(R) Core(TM) Ultra 9 285K,1,1 x NVIDIA GeForce RTX 5090,9.1827,48.767,63.273277282714844,machine,0.0,0.0,0.0,0.0,N
idle_baseline_tail,2026-08-13T12:39:11,sac_HalfCheetah-v5_seed0,49a824e2-898f-43d0-8a8d-939cc872d063,90.00166759989224,0.0004893398010667998,5.437008708757622e-06,9.911131088379959,28.352603241324495,20.0,0.00024079418610217307,0.0005437246016459923,0.0005000062183334692,0.0012845250060816368,0.0,Germany,DEU,baden-wurttemberg,,,Windows-11-10.0.26200-SP0,3.14.6,3.2.9,24,Intel(R) Core(TM) Ultra 9 285K,1,1 x NVIDIA GeForce RTX 5090,9.1827,48.767,63.273277282714844,machine,0.0,0.0,0.0,0.0,N
