config,env,seed,n_train_episodes,window_episodes,final_10pct_mean_return,max_return
base,HalfCheetah-v5,331,100,10,4759.0312428468287,5144.4886171101189
base,HalfCheetah-v5,958,100,10,4272.625714530167,4884.1434201766306
base,HalfCheetah-v5,14577,100,10,4590.8499898416958,5324.1594780399028
base,HalfCheetah-v5,43611,100,10,2378.2199628639974,2563.1170575846982
base,HalfCheetah-v5,85062,100,10,3949.0646411951166,6159.1284415461523
utd2,HalfCheetah-v5,331,100,10,5619.8196494367703,6267.3610618736357
utd2,HalfCheetah-v5,958,100,10,5043.8498614939126,5161.6670589886016
utd2,HalfCheetah-v5,14577,100,10,4055.5564406979565,4464.6206810413296
utd2,HalfCheetah-v5,43611,100,10,2239.5539920333949,2682.5617033253038
utd2,HalfCheetah-v5,85062,100,10,5803.9836558044099,6101.8898041773882
utd4,HalfCheetah-v5,331,100,10,6065.8716371460923,6570.6027280617427
utd4,HalfCheetah-v5,958,100,10,3640.5885363699535,5203.0545424998299
utd4,HalfCheetah-v5,14577,100,10,4546.4730822549118,4723.0251048863138
utd4,HalfCheetah-v5,43611,100,10,6412.3674377520101,6784.0098758723389
utd4,HalfCheetah-v5,85062,100,10,5670.5008411608669,5942.8012876389867
w256,HalfCheetah-v5,331,100,10,5762.2525856571419,6061.416827282249
w256,HalfCheetah-v5,958,100,10,4578.1753127036263,4726.44183906747
w256,HalfCheetah-v5,14577,100,10,4750.4887013739199,4998.8167945614714
w256,HalfCheetah-v5,43611,100,10,5106.9441088671283,5406.0038546449105
w256,HalfCheetah-v5,85062,100,10,5475.7541903382744,5888.3028355973674
w512,HalfCheetah-v5,331,100,10,5053.1301392482219,5390.5107626836279
w512,HalfCheetah-v5,958,100,10,5130.2921353119364,6439.4211501258542
w512,HalfCheetah-v5,14577,100,10,5089.3289215034065,5226.9333651400075
w512,HalfCheetah-v5,43611,100,10,6224.3808454742575,6761.1531233421911
w512,HalfCheetah-v5,85062,100,10,6200.4017780627928,7032.1590512188723
b256,HalfCheetah-v5,331,100,10,4873.8009688976636,5147.5881322662672
b256,HalfCheetah-v5,958,100,10,4854.3135014126428,5287.8743095330228
b256,HalfCheetah-v5,14577,100,10,3545.9550184241939,3739.1700782051175
b256,HalfCheetah-v5,43611,100,10,5011.374287169454,5336.6607850060782
b256,HalfCheetah-v5,85062,100,10,6659.6130616885785,7149.881960762279
b512,HalfCheetah-v5,331,100,10,3057.6587564190409,4281.9577024518048
b512,HalfCheetah-v5,958,100,10,4475.5788048178492,5388.1069189184082
b512,HalfCheetah-v5,14577,100,10,4278.5950397011147,4458.1553793093399
b512,HalfCheetah-v5,43611,100,10,5269.8355190625116,5440.1595364645264
b512,HalfCheetah-v5,85062,100,10,4683.7928185742076,5065.3165462697161
b1024,HalfCheetah-v5,331,100,10,1101.6527168327771,1368.5038813877923
b1024,HalfCheetah-v5,958,100,10,3929.5813450088253,4235.8511894764533
b1024,HalfCheetah-v5,14577,100,10,4782.362663128084,4955.1802639373855
b1024,HalfCheetah-v5,43611,100,10,5125.4707123520411,5453.3636814473894
b1024,HalfCheetah-v5,85062,100,10,3484.0373772532685,3868.7712352102876
base,Ant-v5,331,262,26,444.60869129282463,952.15282982354813
base,Ant-v5,958,277,27,383.91347075760524,1415.043428355046
base,Ant-v5,14577,248,24,407.73255262422839,1181.9328145069949
base,Ant-v5,43611,219,21,515.86058760532603,1360.37455866082
base,Ant-v5,85062,194,19,508.64861099062199,886.02397133242027
utd2,Ant-v5,331,244,24,336.13456801648744,919.61164598512187
utd2,Ant-v5,958,249,24,366.42571544232163,915.67444273118633
utd2,Ant-v5,14577,239,23,305.22731755797332,891.07021751909747
utd2,Ant-v5,43611,298,29,366.99635881680302,848.17665030667013
utd2,Ant-v5,85062,305,30,308.59470583595271,1252.1172664702665
utd4,Ant-v5,331,276,27,324.24391713568485,901.37727061462647
utd4,Ant-v5,958,327,32,184.245161718936,834.74217207781612
utd4,Ant-v5,14577,316,31,314.43896729441224,891.07021751909747
utd4,Ant-v5,43611,337,33,198.89945767653347,830.06427571446159
utd4,Ant-v5,85062,313,31,236.65300035369481,886.02397133242027
w256,Ant-v5,331,204,20,560.09128560063414,1376.8908878461357
w256,Ant-v5,958,178,17,489.76032185766371,985.08904603699739
w256,Ant-v5,14577,171,17,729.33042584058251,1634.2728373761083
w256,Ant-v5,43611,189,18,548.26551430942141,1365.9743969204765
w256,Ant-v5,85062,216,21,552.14464416675958,1328.8687119831429
w512,Ant-v5,331,263,26,346.33668068847186,979.09937586679689
w512,Ant-v5,958,196,19,746.99411926698031,1531.6026927254013
w512,Ant-v5,14577,219,21,355.23589608384634,967.20475285532586
w512,Ant-v5,43611,209,20,486.68784151468054,1387.1407646665634
w512,Ant-v5,85062,232,23,514.49187625362345,1217.7957668284471
b256,Ant-v5,331,299,29,359.13478930048427,901.37727061462647
b256,Ant-v5,958,262,26,287.72983719184089,853.01353646182019
b256,Ant-v5,14577,253,25,407.16253331742178,978.6606693406294
b256,Ant-v5,43611,303,30,227.6288761215493,830.06427571446159
b256,Ant-v5,85062,350,35,307.59553706677531,886.24625930042885
b512,Ant-v5,331,339,33,219.79870427882994,901.37727061462647
b512,Ant-v5,958,329,32,149.9826822789349,826.76315350052687
b512,Ant-v5,14577,379,37,172.50297036066559,891.07021751909747
b512,Ant-v5,43611,352,35,154.68793473980182,830.06427571446159
b512,Ant-v5,85062,266,26,137.10524974261381,886.02397133242027
b1024,Ant-v5,331,496,49,-41.95609994469271,901.37727061462647
b1024,Ant-v5,958,389,38,-18.680518703466849,749.07177217841888
b1024,Ant-v5,14577,528,52,-51.674171259505904,891.07021751909747
b1024,Ant-v5,43611,546,54,10.998663897569005,830.06427571446159
b1024,Ant-v5,85062,504,50,-50.245207995038484,886.02397133242027
