config,env,segment,status,n,energy_j_mean,energy_j_sd,energy_j_min,energy_j_max,energy_kwh_mean,duration_s_mean,duration_s_sd,mean_power_w_mean,mean_power_w_sd,share_of_total_pct_mean,share_of_total_pct_sd,flops_mean,flops_min,flops_max,flops_sd,j_per_flop_ratio_of_means,j_per_flop_per_seed_mean,j_per_flop_per_seed_sd,share_of_gu_pct_mean,share_of_gu_pct_sd
base,HalfCheetah-v5,dynamics_model_update,measured,5,146192.64223238468,7439.2312556546294,137892.10849990905,156694.13627544593,0.04060906728677352,1250.0701086386296,72.833620398704213,116.98779002183592,0.95353937436871206,70.460110402482897,1.04907255253249,251803776000000,242558568000000,260246910000000,7636016078713.0342,5.8058161221690609e-10,5.8035065921977679e-10,1.4818178248863732e-11,,
base,HalfCheetah-v5,rollout,measured,5,2428.2606585089879,47.752600885459408,2383.6408988793396,2509.6861062972889,0.00067451684958582997,20.378508483185577,0.41523810052451654,119.16019256351012,0.55065422409722187,1.171468037944688,0.024545547981675502,215654400000,215654400000,215654400000,0,1.1259963434592514e-08,1.1259963434592519e-08,2.2143114578445587e-10,,
base,HalfCheetah-v5,synthetic_rollout_generation,measured,5,75.399018816024665,16.369819250675121,50.660654703213979,90.3593807459321,2.0944171893340183e-05,0.63305409559834025,0.0077484339606530752,119.13744347717815,25.867724643606387,0.036541195169455698,0.0086222718744420924,3961726560000,3961726560000,3961726560000,0,1.9031858376420775e-11,1.9031858376420778e-11,4.1319911919098024e-12,,
base,HalfCheetah-v5,buffer_sample,allocated,5,1677.1050918165802,15.291472856746058,1664.3836405786442,1699.0452067816504,0.00046586252550460559,11.291719665141864,0.097314373933173423,148.52538037911833,0.50246030649496598,0.80939515980375243,0.026740078388128283,,,,,,,,2.8572125866331275,0.030496931665535864
base,HalfCheetah-v5,critic_update,allocated,5,24588.462529179633,267.37605280860481,24381.808769047027,24938.68992640471,0.0068301284803276756,165.55653601727028,2.3243034122095527,148.52538037911833,0.50246030649495976,11.869763616752103,0.49588820249993554,492358860800000,492358860800000,492358860800000,0,4.994012393567475e-11,4.9940123935674757e-11,5.4305116470162567e-13,41.888891488837245,0.33439792993911738
base,HalfCheetah-v5,actor_update,allocated,5,29882.610490740761,104.81817628738655,29802.495627242497,30057.929719853364,0.008300725136316878,201.1966375669821,0.83617426197444877,148.52538037911836,0.50246030649494999,14.422123125928923,0.47290945055757722,384512819200000,384512819200000,384512819200000,0,7.7715511677642298e-11,7.7715511677642272e-11,2.7259995259837084e-13,50.909377656920711,0.25812924459841807
base,HalfCheetah-v5,target_update,allocated,5,2550.0982104716268,26.865711103521924,2526.4151674714885,2591.0626861200471,0.00070836061401989634,17.169320476709981,0.15505867632254502,148.52538037911833,0.50246030649496287,1.2305984619181793,0.036586024729568081,430080400000,430080400000,430080400000,0,5.9293523035963202e-09,5.9293523035963211e-09,6.2466718091598476e-11,4.3445182676089171,0.05418462493528578
base,HalfCheetah-v5,gradient_updates,measured,5,58698.2763222086,211.88848729636854,58443.812168442892,58932.214755125897,0.016305076756169056,407.58375709281972,2.7047506783142032,144.01764284137772,0.46799139254910582,28.331880364402963,1.0211023074913155,876871680000000,876871680000000,876871680000000,0,6.6940554314866908e-11,6.6940554314866908e-11,2.41641385084267e-13,,
base,HalfCheetah-v5,TOTAL_MEASURED_TRAINING,aggregate,5,207394.57823191828,7451.4136381142662,199229.70557228828,217984.32941824853,0.05760960506442174,1678.6654283102332,72.210177413277265,123.57728021493986,0.91345554648360594,,,1132852836960000,1123607628960000,1141295970960000,7636016078713.0342,1.8307283299784966e-10,1.8304656776838125e-10,5.4424685750146472e-12,,
base,HalfCheetah-v5,warmup,excluded,5,18.83388098408734,2.3985498307781499,14.556181729085891,20.088751156931323,5.2316336066909275e-06,0.15234884519959446,0.00189553549089442,123.56511419965921,15.187370739820174,,,,,,,,,,,
base,HalfCheetah-v5,idle_baseline_head,excluded,5,5820.8773662782896,39.169657702984573,5774.7884407753372,5877.1187627028803,0.0016169103795217472,90.002999396798984,0.0002328178161888924,64.67426053056441,0.43533843986556425,,,,,,,,,,,
base,HalfCheetah-v5,idle_baseline_tail,excluded,5,6042.8875981737738,33.957814594065248,6000.9052020242507,6079.1716118169634,0.0016785798883816039,90.003477369399477,8.3991444491356539e-05,67.140601575367441,0.37733462910445986,,,,,,,,,,,
utd2,HalfCheetah-v5,dynamics_model_update,measured,5,150040.55827759305,6731.2519540684498,139352.91587217606,156737.945112769,0.041677932854886961,1299.4616354851973,56.822216920958006,115.46010686193367,0.69434988613927484,55.786367920080352,1.1230085482039014,262168090800000,239824872000000,277645746000000,15890274736638.922,5.7230671291745567e-10,5.7278268076785874e-10,1.1640457356918423e-11,,
utd2,HalfCheetah-v5,rollout,measured,5,2409.6759814607103,49.270313815959767,2364.2450644522633,2493.7097570841051,0.00066935443929464172,20.629212823396848,0.23663455496404567,116.80064791357074,1.1973994764184066,0.89666612403045032,0.025324312730295052,215654400000,215654400000,215654400000,0,1.1173785378182455e-08,1.1173785378182454e-08,2.2846885487131169e-10,,
utd2,HalfCheetah-v5,synthetic_rollout_generation,measured,5,72.512850372388101,11.392313396879569,61.493243078407538,89.017443118770416,2.0142458436774471e-05,0.6420524471977791,0.0044447218499977141,112.98160433628061,18.120661753591758,0.02693410882322857,0.0038494556519248885,3961726560000,3961726560000,3961726560000,0,1.8303345592934637e-11,1.8303345592934637e-11,2.8755930588201857e-12,,
utd2,HalfCheetah-v5,buffer_sample,allocated,5,3322.8529957726068,32.512016074324805,3282.5192802962738,3364.862938818113,0.00092301472104794639,22.697658931644945,0.25150432583769428,146.3993771686998,0.7557907419044142,1.2366598570897136,0.036384112195270046,,,,,,,,2.8565325004856867,0.026046381865091294
utd2,HalfCheetah-v5,critic_update,allocated,5,48842.725996199668,678.22688726751596,48327.727569919487,49745.683618388081,0.013567423887833241,333.65067456962043,6.220290743981475,146.3993771686998,0.75579074190441842,18.174642861957761,0.42137325684644078,984717721600000,984717721600000,984717721600000,0,4.9600738287555635e-11,4.9600738287555635e-11,6.887525961912341e-13,41.985965362562489,0.27490895383157149
utd2,HalfCheetah-v5,actor_update,allocated,5,59094.960082785539,425.94750635444569,58706.718988721128,59811.948768119277,0.016415266689662651,403.67022230734074,4.3326993144036514,146.3993771686998,0.7557907419044082,21.992826741726422,0.6125209204028359,769025638400000,769025638400000,769025638400000,0,7.6843940087271784e-11,7.6843940087271784e-11,5.5387946134104529e-13,50.801289389216571,0.21441590970559368
utd2,HalfCheetah-v5,target_update,allocated,5,5067.3562894566303,50.836330561169106,4996.3718998246122,5139.6081836654193,0.0014075989692935084,34.614208909269472,0.41741694610021951,146.3993771686998,0.75579074190441842,1.8859023862920821,0.055449347372296204,860160800000,860160800000,860160800000,0,5.8911732427897555e-09,5.8911732427897555e-09,5.9100961775018164e-11,4.3562127477352579,0.040266883039508143
utd2,HalfCheetah-v5,gradient_updates,measured,5,116327.89536421446,1048.9606124762511,115436.03871665888,118062.10350899088,0.032313304267837351,819.78417094439624,10.780400249052247,141.90711426275328,0.6849096145198017,43.290031847065976,1.1029427819660957,1753743360000000,1753743360000000,1753743360000000,0,6.6331196466633791e-11,6.6331196466633765e-11,5.9812663380590022e-13,,
utd2,HalfCheetah-v5,TOTAL_MEASURED_TRAINING,aggregate,5,268850.64247364056,6928.5979889441396,257574.68624433212,274653.72605754447,0.074680734020455705,2140.5170717001884,60.115945523035933,125.60803947041475,0.54540212832862811,,,2020088831760000,1997745612960000,2035566486960000,15890274736638.922,1.3308852474542159e-10,1.3307491283632825e-10,2.4976122858044841e-12,,
utd2,HalfCheetah-v5,warmup,excluded,5,18.835451830584752,2.6490228394595858,14.118272390311551,20.445621555809524,5.2320699529402088e-06,0.15383085839985139,0.0064484047660551625,122.38665590894826,16.258960102285958,,,,,,,,,,,
utd2,HalfCheetah-v5,idle_baseline_head,excluded,5,5821.5779829061012,213.09969781266983,5657.6480434735713,6192.1643858451544,0.0016171049952516947,90.003365541199855,0.00031786879215441212,64.681774588253205,2.3674550659573903,,,,,,,,,,,
utd2,HalfCheetah-v5,idle_baseline_tail,excluded,5,5950.650234038344,66.500722232418227,5878.5102588859327,6043.465356710637,0.0016529583983439845,90.003258600000294,0.00010023545167963989,66.115942706057979,0.73893863230019874,,,,,,,,,,,
utd4,HalfCheetah-v5,dynamics_model_update,measured,5,139319.81863920044,8673.7967721224941,126765.0204712197,147200.30267138162,0.038699949622000122,1205.3512892194005,76.550764584183909,115.59225343212333,0.32350387391643076,37.263472566092922,1.4897309846428801,246234819600000,223009794000000,261205602000000,17198698117130.111,5.658006404842365e-10,5.660609388528055e-10,6.4106289368009543e-12,,
utd4,HalfCheetah-v5,rollout,measured,5,2381.0932675541685,23.201864956206425,2342.7171785702658,2405.7764137409363,0.00066141479654282457,20.484672975599459,0.15263525611200987,116.23665135630131,0.45513618355947272,0.63749916156284148,0.0099686354304163206,215654400000,215654400000,215654400000,0,1.1041245935877814e-08,1.1041245935877813e-08,1.0758818255600823e-10,,
utd4,HalfCheetah-v5,synthetic_rollout_generation,measured,5,74.796808270672713,12.725907502429402,56.217381729437371,89.379048778899687,2.0776891186297974e-05,0.6385553366064366,0.001008245742816654,117.12229104644162,19.841598698923814,0.020073822388585311,0.0037795812455796701,3961726560000,3961726560000,3961726560000,0,1.8879851281475799e-11,1.8879851281475799e-11,3.2122124810222641e-12,,
utd4,HalfCheetah-v5,buffer_sample,allocated,5,6596.0808810156523,28.252473182267742,6568.2511490592124,6642.4509625959899,0.0018322446891710145,45.256086848251655,0.098075257708326008,145.7511542921506,0.8124353666362597,1.7663231699243689,0.044535528883092708,,,,,,,,2.8452497800539049,0.017941426459316206
utd4,HalfCheetah-v5,critic_update,allocated,5,97613.211745936278,613.23850131654285,96836.775030889446,98212.624586546386,0.027114781040537855,669.75785752209481,7.6475571976889523,145.75115429215063,0.81243536663626326,26.137294980537611,0.56844747556098396,1969435443200000,1969435443200000,1969435443200000,0,4.9564057599842568e-11,4.9564057599842562e-11,3.1137781308542671e-13,42.105194663593998,0.18139317475584804
utd4,HalfCheetah-v5,actor_update,allocated,5,117545.94150914031,313.89876246353111,117217.19417520032,117894.58306324411,0.03265165041920564,806.49708637833896,3.3568390065506777,145.75115429215063,0.81243536663625548,31.477292676469382,0.8074916521761738,1538051276800000,1538051276800000,1538051276800000,0,7.6425242306421078e-11,7.6425242306421065e-11,2.0408861992989903e-13,50.703601288499897,0.15835165344370777
utd4,HalfCheetah-v5,target_update,allocated,5,10075.265601683579,50.678927182859454,9986.9726950854583,10111.981188165317,0.0027986848893565498,69.127963878425362,0.47728702053872313,145.75115429215063,0.81243536663625315,2.6980436230242852,0.070986067795570096,1720321600000,1720321600000,1720321600000,0,5.8566175078448002e-09,5.8566175078448002e-09,2.945898440318353e-11,4.3459542678521981,0.015977172160596315
utd4,HalfCheetah-v5,gradient_updates,measured,5,231830.49973777583,629.98843144656371,230953.44994645778,232417.33126898936,0.064397361038271067,1642.1465183858004,11.534314170896277,141.17939884035331,0.78489020326710957,62.078954449955646,1.4776529294773162,3507486720000000,3507486720000000,3507486720000000,0,6.6095902349639069e-11,6.6095902349639069e-11,1.7961249228808542e-13,,
utd4,HalfCheetah-v5,TOTAL_MEASURED_TRAINING,aggregate,5,373606.2084528011,8544.9399922691518,361477.896846927,381791.36201476835,0.1037795023480003,2868.6210359174065,82.708525376242562,130.25722786088559,0.82953804419267818,,,3757898920560000,3734673894960000,3772869702960000,17198698117130.111,9.9418908371576556e-11,9.9412275337768111e-11,1.8253654339969536e-12,,
utd4,HalfCheetah-v5,warmup,excluded,5,17.970952903921777,2.8664087230360646,14.765717093605334,20.265342788050937,4.991931362200494e-06,0.15212601799903497,0.00058566320234013048,118.12767455102566,18.803095882071197,,,,,,,,,,,
utd4,HalfCheetah-v5,idle_baseline_head,excluded,5,5753.9521055360701,130.97651873514374,5596.5316040503976,5916.8615869403166,0.001598320029315575,90.003325308001152,0.0001144642261358167,63.93043953599706,1.4552667181885164,,,,,,,,,,,
utd4,HalfCheetah-v5,idle_baseline_tail,excluded,5,6040.1839474959461,49.687233132183323,5974.6494077781208,6095.4717830954523,0.0016778288743044296,90.00316850920062,0.00013143107950835384,67.110792741299903,0.5521286753263499,,,,,,,,,,,
w256,HalfCheetah-v5,dynamics_model_update,measured,5,140997.39111375791,4555.3629655692548,134025.80647580908,145411.73999263902,0.039165941976043867,1211.0239503749976,38.992118638015526,116.43294859529988,1.2922670139377213,75.023129707515551,0.51755580326177597,246604058400000,233579136000000,254252712000000,7725947642591.3477,5.7175616666071023e-10,5.718356401449611e-10,1.1495145024041863e-11,,
w256,HalfCheetah-v5,rollout,measured,5,2312.6329206947062,25.349880875485887,2281.3309648891936,2336.072462012532,0.00064239803352630724,19.873599370009106,0.19979380681185865,116.36984342372651,1.0276557114021567,1.2311321097989569,0.02286959606561317,14592000000,14592000000,14592000000,0,1.5848635695550343e-07,1.5848635695550343e-07,1.7372451257871325e-09,,
w256,HalfCheetah-v5,synthetic_rollout_generation,measured,5,53.219343709283784,11.922960618603826,34.968428072574241,65.000820972636348,1.4783151030356607e-05,0.59129501739698231,0.012684809756471984,90.193841902568778,21.235768480660866,0.028414091682537557,0.0067888861490075988,1971208800000,1971208800000,1971208800000,0,2.6998328999588367e-11,2.6998328999588363e-11,6.0485528568073678e-12,,
w256,HalfCheetah-v5,buffer_sample,allocated,5,1272.6862094514247,4.4247017442159766,1266.9176583504204,1277.4423848568229,0.0003535239470698402,11.164687229038828,0.020329038226370243,113.99195859996075,0.26842338788797465,0.67761682206651697,0.016757039881461194,,,,,,,,2.8569264101312397,0.021651485376792814
w256,HalfCheetah-v5,critic_update,allocated,5,18676.667181400142,324.94110647942546,18191.121292596534,19084.612645923258,0.0051879631059444835,163.83923785073566,2.6220289090387094,113.99195859996078,0.26842338788797981,9.9425268571393701,0.2271423460291262,32492748800000,32492748800000,32492748800000,0,5.7479492721157961e-10,5.7479492721157961e-10,1.0000419123648448e-11,41.920532763362623,0.32356079530087573
w256,HalfCheetah-v5,actor_update,allocated,5,22642.14836277828,134.58934119623265,22411.289751348835,22749.326855072359,0.0062894856563272998,198.62827084177115,0.80301517512454035,113.99195859996075,0.26842338788798226,12.05451003687592,0.25695736427702548,25663897600000,25663897600000,25663897600000,0,8.8225680742968211e-10,8.8225680742968221e-10,5.2443063518236576e-12,50.826082599450402,0.28032066295146441
w256,HalfCheetah-v5,target_update,allocated,5,1958.5647244243651,17.977159822760413,1931.9874209907352,1981.5803235054289,0.00054404575678454589,17.18139812543486,0.12003160296118984,113.99195859996078,0.26842338788797715,1.0426703749211503,0.020088834254008949,28877200000,28877200000,28877200000,0,6.7823913829054237e-08,6.7823913829054224e-08,6.2253819008631082e-10,4.3964582270557404,0.033079615323852805
w256,HalfCheetah-v5,gradient_updates,measured,5,44550.066478054214,455.19031984270663,43801.316123286524,45031.971774528763,0.01237501846612617,400.35444827560059,3.3416337699236083,111.27527607064012,0.27667044995514067,23.717324091002954,0.49612408023934651,58156646400000,58156646400000,58156646400000,0,7.6603568527043221e-10,7.6603568527043221e-10,7.8269698825465142e-12,,
w256,HalfCheetah-v5,TOTAL_MEASURED_TRAINING,aggregate,5,187913.3098562161,4849.6364794668061,180182.00407956273,192336.09809998824,0.052198141626726695,1631.8432930380045,39.967312908482967,115.1539074822319,0.97587498696404673,,,306746505600000,293721583200000,314395159200000,7725947642591.3477,6.126013057219847e-10,6.1264698198524674e-10,9.0226719302246233e-12,,
w256,HalfCheetah-v5,warmup,excluded,5,18.249946430397152,2.2663155588984698,14.203139937328871,19.450718743574054,5.0694295639992091e-06,0.15216741060030467,0.0016648365692853338,119.91489549459132,14.685973574431708,,,,,,,,,,,
w256,HalfCheetah-v5,idle_baseline_head,excluded,5,5638.3744187856746,99.843190949741967,5525.1391160606772,5766.4325270579575,0.0015662151163293541,90.003236059999836,8.5899808887859538e-05,62.646351907347913,1.1093139205417015,,,,,,,,,,,
w256,HalfCheetah-v5,idle_baseline_tail,excluded,5,5821.5303845883082,56.672999778935306,5761.0406917327055,5906.942445413807,0.0016170917734967523,90.003135689200278,0.00017281742030670586,64.681417204274311,0.629656213910607,,,,,,,,,,,
w512,HalfCheetah-v5,dynamics_model_update,measured,5,143579.06526791796,9360.2526517365895,133130.4191128478,151178.69629806286,0.039883073685532767,1230.0170486274051,95.595842377627974,116.82418014736686,1.6016701324131704,74.428493136528303,1.4856386069975764,251142183600000,237584760000000,260935080000000,11787610209032.99,5.7170429598796385e-10,5.7131017670354003e-10,1.0953944920148665e-11,,
w512,HalfCheetah-v5,rollout,measured,5,2335.7810285890141,31.984212260641645,2300.1932004690234,2378.497532536358,0.00064882806349694832,20.023248041805346,0.27417616430737984,116.65658889798874,0.95812746063380039,1.2139923751452555,0.06465870031578104,55398400000,55398400000,55398400000,0,4.2163330142910516e-08,4.2163330142910516e-08,5.7734902561520946e-10,,
w512,HalfCheetah-v5,synthetic_rollout_generation,measured,5,65.724336009854937,15.294406135033183,41.809556318250785,79.168263987472287,1.8256760002737483e-05,0.6062805620182139,0.013734494042801557,108.52525494740887,26.07093451085229,0.0343047870052582,0.0087180134178154976,2375192160000,2375192160000,2375192160000,0,2.7671165776269207e-11,2.7671165776269204e-11,6.4392289569670782e-12,,
w512,HalfCheetah-v5,buffer_sample,allocated,5,1334.081758875383,12.536643705905952,1319.8617352499393,1354.3216455017628,0.00037057826635427304,11.193412898845418,0.11640424342651136,119.18664446462301,0.59299538982291478,0.69338009034296522,0.036443908631462844,,,,,,,,2.8514594691620303,0.021412861841227798
w512,HalfCheetah-v5,critic_update,allocated,5,19544.453124091855,433.9725936299136,19139.658616588349,20178.973445605607,0.0054290147566921822,163.98213409451711,3.5695119587286701,119.18664446462301,0.59299538982292199,10.16334646139029,0.68118384329261139,125383475200000,125383475200000,125383475200000,0,1.5587742398203885e-10,1.5587742398203885e-10,3.4611625889111867e-12,41.767979691731448,0.38564559043062435
w512,HalfCheetah-v5,actor_update,allocated,5,23843.60288798239,200.81777613703096,23576.370562178916,24029.769507004035,0.0066232230244395529,200.05208153228597,1.2576714238453883,119.18664446462301,0.59299538982292355,12.392542163857701,0.64900999724781971,98304000000000,98304000000000,98304000000000,0,2.4254967130515942e-10,2.4254967130515942e-10,2.0428240573835279e-12,50.963296658691732,0.33962933991620065
w512,HalfCheetah-v5,target_update,allocated,5,2066.5768666629456,14.840505036062908,2051.6813580263579,2091.2751897191611,0.00057404912962859603,17.33950315447073,0.17320075639133825,119.18664446462301,0.59299538982291988,1.0739409857302225,0.052355617420895319,110182800000,110182800000,110182800000,0,1.8755893539308728e-08,1.8755893539308725e-08,1.3468985210089832e-10,4.4172641804147892,0.047936907763177834
w512,HalfCheetah-v5,gradient_updates,measured,5,46788.714637612567,629.31217447177971,46162.678417136987,47654.33978783057,0.012996865177114602,403.24530578319462,4.9527132908888554,116.0301246198856,0.57892814882939592,24.323209701321179,1.4161707273978568,223687475200000,223687475200000,223687475200000,0,2.0917002436447798e-10,2.0917002436447804e-10,2.8133545425782457e-12,,
w512,HalfCheetah-v5,TOTAL_MEASURED_TRAINING,aggregate,5,192769.28527012939,8814.3692319033471,182650.40646397058,200364.06459402529,0.053547023686147055,1653.8918830144235,91.57250716681061,116.60687813160912,1.2691386115234122,,,477260249360000,463702825760000,487053145760000,11787610209032.99,4.0390810994343352e-10,4.0374110760473308e-10,8.706825039156692e-12,,
w512,HalfCheetah-v5,warmup,excluded,5,16.283281033089551,2.8737990170913661,14.075900484510333,19.53162970989705,4.5231336203026528e-06,0.15246763760005699,0.0021485527467501953,106.94262869553283,19.850436766736479,,,,,,,,,,,
w512,HalfCheetah-v5,idle_baseline_head,excluded,5,5658.4165008327072,70.697638922708364,5585.3799093199568,5734.957679503178,0.0015717823613424187,90.003218556599307,9.2821900277420278e-05,62.869046363335642,0.78552302289508691,,,,,,,,,,,
w512,HalfCheetah-v5,idle_baseline_tail,excluded,5,5859.1578574786081,78.111473324423358,5773.7468577556901,5971.2361863131055,0.0016275438492996135,90.00325477099905,0.00011965863433702246,65.099399928749264,0.86789450823350944,,,,,,,,,,,
b512,HalfCheetah-v5,dynamics_model_update,measured,5,137282.4356052299,4996.1128499514625,131302.15163046127,144415.0873903762,0.038134009890341637,1188.7399796538084,48.009942559745383,115.50197230861852,0.86852010800098023,65.63777035872161,0.85350125660580822,242017524000000,230233206000000,251068146000000,8099617373698.3398,5.6724171595619617e-10,5.6726722585508668e-10,9.7312562987685169e-12,,
b512,HalfCheetah-v5,rollout,measured,5,2383.3922483965516,14.741992370274012,2366.1639644355928,2396.7349198616243,0.00066205340233237544,20.330784430002677,0.11756095511501213,117.23135515188554,0.50633106425296903,1.1403465944998863,0.028695025955437055,215654400000,215654400000,215654400000,0,1.1051906422482228e-08,1.1051906422482232e-08,6.8359339620587456e-11,,
b512,HalfCheetah-v5,synthetic_rollout_generation,measured,5,66.563295447264466,8.3653008579201344,56.567801443572172,75.442353917926255,1.8489804290906796e-05,0.63642328617860977,0.0023559386723140136,104.58375557626714,13.054612428380016,0.031881719026093283,0.0044384479949088401,3961726560000,3961726560000,3961726560000,0,1.6801587499583632e-11,1.6801587499583636e-11,2.1115290849149708e-12,,
b512,HalfCheetah-v5,buffer_sample,allocated,5,2187.1373851565031,2.9265807503734336,2183.9644364878623,2191.3809548323979,0.00060753816254347306,12.763226101832696,0.05852463313676063,171.36511426354446,0.76551421786680296,1.0464203284698326,0.024080628613121845,,,,,,,,3.1529745665749345,0.018221003825983694
b512,HalfCheetah-v5,critic_update,allocated,5,29118.033047972847,372.20815499383906,28688.681718498654,29695.577101164145,0.0080883425133257917,169.92723427872988,2.8408619989332942,171.36511426354443,0.76551421786678864,13.932206932845599,0.40599567642662865,984717721600000,984717721600000,984717721600000,0,2.9569928934213717e-11,2.9569928934213717e-11,3.7798462120602754e-13,41.974276537047182,0.32766462055348428
b512,HalfCheetah-v5,actor_update,allocated,5,35124.411842429938,68.219791677056989,35060.459826475737,35232.812748482887,0.0097567810673416487,204.97072430055997,0.75739197459354202,171.36511426354446,0.76551421786681795,16.804964521248806,0.38379503503020551,769025638400000,769025638400000,769025638400000,0,4.5673915261795698e-11,4.5673915261795698e-11,8.8709385319053365e-14,50.635155906580323,0.266798794937044
b512,HalfCheetah-v5,target_update,allocated,5,2939.4679171532512,24.762112867919718,2900.4362468342097,2968.4470131316302,0.00081651886587590311,17.153197723571793,0.11428439750959946,171.36511426354446,0.76551421786679918,1.4064095451881662,0.036624562424256352,430080400000,430080400000,430080400000,0,6.8346939715300933e-09,6.8346939715300924e-09,5.7575543707454939e-11,4.2375929897975668,0.049574876412942136
b512,HalfCheetah-v5,gradient_updates,measured,5,69369.05019271253,359.15677199798591,68888.00032049256,69842.036038267455,0.019269180609086813,416.87525943758664,3.7275966621973775,166.40735118200115,0.76738135572701871,33.190001327752405,0.82546838494949304,1753743360000000,1753743360000000,1753743360000000,0,3.9554846949049902e-11,3.9554846949049909e-11,2.0479437310484647e-13,,
b512,HalfCheetah-v5,TOTAL_MEASURED_TRAINING,aggregate,5,209101.44134178624,4906.2694146803224,203173.16368549329,216053.89987815556,0.058083733706051729,1626.5824468075764,46.027935301543401,128.56751737353821,0.85647958791396217,,,1999938264960000,1988153946960000,2008988886960000,8099617373698.3398,1.0455394799197384e-10,1.0454812495261303e-10,2.076577624271194e-12,,
b512,HalfCheetah-v5,warmup,excluded,5,16.325149652348482,2.8948036226129061,14.102188066163983,19.496980390337413,4.5347637923190232e-06,0.151273642401793,0.0014914362712403716,107.96875623792172,19.482716916426231,,,,,,,,,,,
b512,HalfCheetah-v5,idle_baseline_head,excluded,5,5615.1668997113875,60.877992921674476,5552.1296709552189,5712.1039132465021,0.0015597685832531632,90.002767511401913,8.755691955852595e-05,62.388825127013391,0.67643193306523497,,,,,,,,,,,
b512,HalfCheetah-v5,idle_baseline_tail,excluded,5,5903.3025452159836,19.80475425065735,5877.0663341531026,5926.6386201266096,0.0016398062625599954,90.003747537601157,0.0001967263278632543,65.589519462687051,0.22006678408366359,,,,,,,,,,,
b1024,HalfCheetah-v5,dynamics_model_update,measured,5,138166.30819244386,4828.826497620109,131038.99986333957,142416.91763993679,0.03837953005345663,1193.5011916690389,39.884938068836234,115.7608806152934,0.25352323794126397,63.171607769454738,0.77650473098496997,241653980400000,228985008000000,251129844000000,8874486756921.5957,5.7175266868661877e-10,5.7178630717433019e-10,2.7019825730809002e-12,,
b1024,HalfCheetah-v5,rollout,measured,5,2362.8040081239915,15.164388994910221,2337.4480730675405,2375.4110578257555,0.00065633444670110878,20.273045002800064,0.049494011563020315,116.54872904448635,0.62367417008129278,1.0809320196458299,0.02172207843033816,215654400000,215654400000,215654400000,0,1.0956437745411137e-08,1.0956437745411138e-08,7.0318013427550187e-11,,
b1024,HalfCheetah-v5,synthetic_rollout_generation,measured,5,80.704104474573384,21.806208553883536,62.782714387360492,108.09238003640833,2.2417806798492607e-05,0.63932474560278441,0.0049549042581199364,126.16158799586483,33.664774437788488,0.03687351262817691,0.0097438838958558132,3961726560000,3961726560000,3961726560000,0,2.037094263127877e-11,2.037094263127877e-11,5.5042184824294213e-12,,
b1024,HalfCheetah-v5,buffer_sample,allocated,5,2939.4377441270676,14.143279341108428,2922.5838721716955,2956.7148868010372,0.00081651048447974105,15.400215012114495,0.080514521535504438,190.8711281854074,0.65248211778417509,1.3447341961055592,0.026633928242537689,,,,,,,,3.7657671478144379,0.018978577951537467
b1024,HalfCheetah-v5,critic_update,allocated,5,32497.662749031733,248.33708883582162,32243.56807680846,32885.455263271891,0.0090271285413977033,170.26452004464517,1.8450482648055939,190.8711281854074,0.65248211778417509,14.867010327161321,0.30663898127564077,1969435443200000,1969435443200000,1969435443200000,0,1.6501004316358052e-11,1.6501004316358055e-11,1.2609557205506376e-13,41.632665465030783,0.18381596709777659
b1024,HalfCheetah-v5,actor_update,allocated,5,39364.208371217319,64.574278893317029,39294.663958253492,39443.162759761377,0.010934502325338144,206.23640848551585,0.78207895374021819,190.87112818540746,0.65248211778419007,18.009288101763349,0.40464242497353242,1538051276800000,1538051276800000,1538051276800000,0,2.559356047811144e-11,2.5593560478111437e-11,4.1984477284572847e-14,50.430259137140283,0.13946371877336902
b1024,HalfCheetah-v5,target_update,allocated,5,3255.9571647201478,22.93955231526785,3234.8377050975632,3293.752265202254,0.00090443254575559657,17.058312877250138,0.083833673961999935,190.87112818540746,0.65248211778419929,1.489554073241022,0.031502283591006701,430080400000,430080400000,430080400000,0,7.5705778843215077e-09,7.5705778843215077e-09,5.3337823149503742e-11,4.1713082500144969,0.036651423105291361
b1024,HalfCheetah-v5,gradient_updates,measured,5,78057.266029096267,275.01660486811716,77804.898120723024,78514.320491867489,0.021682573896971185,420.90767178942332,2.6471081972893198,185.45264378887774,0.60149994559652209,35.71058669827125,0.75696774939782119,3507486720000000,3507486720000000,3507486720000000,0,2.2254472293225466e-11,2.2254472293225463e-11,7.8408452211649959e-14,,
b1024,HalfCheetah-v5,TOTAL_MEASURED_TRAINING,aggregate,5,218667.08233413869,5009.7232457794053,211429.25196634812,223408.26828295118,0.060740856203927412,1635.3212332068651,41.089154195712418,133.72114294551574,0.31768908436779325,,,3753318081360000,3740649108960000,3762793944960000,8874486756921.5957,5.8259672533510808e-11,5.825741527735189e-11,1.1988675058016252e-12,,
b1024,HalfCheetah-v5,warmup,excluded,5,14.242752010094389,0.23695138596997364,14.002521190950144,14.515069024228968,3.956320002803997e-06,0.15182218280388038,0.0024374493266473983,93.816851925060675,1.1465224116074575,,,,,,,,,,,
b1024,HalfCheetah-v5,idle_baseline_head,excluded,5,5588.432993663766,88.174849504992835,5502.3786749822902,5716.2019873540648,0.0015523424982399349,90.002753734198635,4.7794938294378592e-05,62.091799854698614,0.97967089345689118,,,,,,,,,,,
b1024,HalfCheetah-v5,idle_baseline_tail,excluded,5,5900.7216500561153,62.592631022048195,5836.1425528747677,5996.9286345975561,0.0016390893472378097,90.003751868798275,0.00011597371765961072,65.56084026113075,0.69537753947876824,,,,,,,,,,,
base,Ant-v5,dynamics_model_update,measured,5,188363.30639273411,20295.492980683346,164914.32798673114,211639.94568076028,0.052323140664648368,1605.1703693171598,180.13553244131134,117.39688722993392,0.65546338317980191,74.278478236296209,2.0932006169240518,430948707952000,381730312880000,484342085920000,46105489249382.828,4.3708985064114505e-10,4.3706118001927773e-10,3.9001037733406233e-12,,
base,Ant-v5,rollout,measured,5,4292.4100563584898,29.864106376505831,4262.1244909693178,4335.2482710024788,0.0011923361267662472,36.680574837415769,0.087314465570692668,117.02245207148704,0.95368775276120621,1.7035721238032884,0.12425107444737001,234496000000,234496000000,234496000000,0,1.8304832732151037e-08,1.830483273215104e-08,1.2735443835504998e-10,,
base,Ant-v5,synthetic_rollout_generation,measured,5,735.65128451837529,37.317939089434475,711.23115794156149,801.82139596589832,0.00020434757903288201,5.075822931012949,0.074979670653382485,144.88190190624789,5.4543216613187093,0.29274092913312078,0.035797114630669452,46106122214800,45181700572640,47267866083360,745879576042.95374,1.5955609562892979e-11,1.5950284277739613e-11,5.9859792021868382e-13,,
base,Ant-v5,buffer_sample,allocated,5,2271.0934986041525,12.195001302279159,2256.1322538397126,2284.8924546677295,0.00063085930516782016,15.157988093337917,0.031185512037899755,149.8275218234198,0.55905638820077375,0.90153049057347678,0.068495327903254757,,,,,,,,3.801283038608851,0.030012741865902876
base,Ant-v5,critic_update,allocated,5,24559.979261352404,218.65203245677668,24409.785065762324,24940.006316862378,0.0068222164614867792,163.92693168569676,1.9795083326477196,149.8275218234198,0.55905638820077763,9.7547870146582891,0.832491227568114,525493862400000,525493862400000,525493862400000,0,4.6736947885906274e-11,4.6736947885906281e-11,4.1608865127018392e-13,41.106426276984578,0.24324681904091011
base,Ant-v5,actor_update,allocated,5,30339.956687040547,62.309626923057621,30282.654226875999,30444.744464813557,0.008427765746400152,202.50098572405841,0.70297308182491935,149.8275218234198,0.55905638820078141,12.046249502943423,0.95461691503017232,413243801600000,413243801600000,413243801600000,0,7.3419024240823718e-11,7.3419024240823731e-11,1.5078175808519454e-13,50.781522875798352,0.17892892118962417
base,Ant-v5,target_update,allocated,5,2575.5136008434829,25.802176545789685,2559.585195179066,2620.890572863404,0.00071542044467874525,17.189854032885343,0.15904491082753344,149.8275218234198,0.55905638820077763,1.0226417025921795,0.082269308506812008,466944400000,466944400000,466944400000,0,5.5156751014542267e-09,5.5156751014542276e-09,5.5257492210613714e-11,4.3107678086082117,0.04491334024851356
base,Ant-v5,gradient_updates,measured,5,59746.543047840591,208.80062588402316,59582.614988618392,60101.528468436234,0.016596261957733498,411.09716350099768,2.4295008810734622,145.33629355007011,0.47338484596903008,23.725208710767372,1.9347689073058771,938737664000000,938737664000000,938737664000000,0,6.3645622562173659e-11,6.3645622562173659e-11,2.2242702502669096e-13,,
base,Ant-v5,TOTAL_MEASURED_TRAINING,aggregate,5,253137.91078145156,20140.018748219682,230085.70401473224,276240.79413802386,0.070316086328180982,2058.0239305865862,178.14044611975683,123.06085831560729,0.93032233065625614,,,1416026990166800,1367970338963360,1469301544167920,45554216525628.555,1.7876630356574867e-10,1.7855060429677088e-10,8.4714939360880909e-12,,
base,Ant-v5,warmup,excluded,5,74.072613463990137,3.0360006655930691,71.590204904149402,77.787393398510034,2.0575725962219482e-05,0.67034132080007114,0.0038571873307884207,110.50061493845143,4.5013997925902087,,,,,,,,,,,
base,Ant-v5,idle_baseline_head,excluded,5,5763.9147649950228,33.408676030907102,5721.3168340943339,5814.7047125669051,0.0016010874347208396,90.002828737797969,0.00011159794125996902,64.041484567114665,0.37120236795313577,,,,,,,,,,,
base,Ant-v5,idle_baseline_tail,excluded,5,6037.1581032294298,35.089265555702696,5984.4263405409547,6079.7458422942318,0.0016769883620081749,90.003193464598738,5.1748661481764722e-05,67.077154373525119,0.38986444958965516,,,,,,,,,,,
utd2,Ant-v5,dynamics_model_update,measured,5,193128.79701699869,18507.478826515315,161970.55260278724,206124.43552390611,0.053646888060277412,1660.6770059971889,170.31699114153815,116.36963294179218,1.091288227831263,60.846568674451667,2.7154768774562474,456382273424000,393486629200000,488852778400000,38178923322084.07,4.2317330944528866e-10,4.2281000969554527e-10,7.6852900698602106e-12,,
utd2,Ant-v5,rollout,measured,5,4214.5518509832027,35.69178925279973,4168.5585737722913,4268.3087478765492,0.001170708847495334,36.939263675804249,0.30784848913808383,114.09580252421831,0.72037082979071787,1.3341023875914257,0.086639700053681906,234496000000,234496000000,234496000000,0,1.7972809135265431e-08,1.7972809135265431e-08,1.5220638839383128e-10,,
utd2,Ant-v5,synthetic_rollout_generation,measured,5,750.25317923911484,42.004778589374254,701.68990858129825,813.60665383553521,0.00020840366089975413,5.053887875777578,0.071041144431111591,148.41187582802044,7.000798267645532,0.23792978288976085,0.026479581533773014,45575028728544,44722645658480,46944636073280,890692551911.06555,1.6461935410020385e-11,1.6457508694888166e-11,7.3716450977543624e-13,,
utd2,Ant-v5,buffer_sample,allocated,5,4463.5171938487256,13.618389979829031,4446.861271742785,4479.7673119211795,0.0012398658871802016,30.470011937432719,0.11273282676320218,146.49103539714798,0.83804461048461643,1.4123051020632196,0.077513881468426013,,,,,,,,3.7608777130072952,0.059781884213483696
utd2,Ant-v5,critic_update,allocated,5,49339.253116589367,1185.4724053289158,47966.524700576221,51225.596830240451,0.01370534808794149,336.84741707439969,9.8169726115607947,146.49103539714798,0.83804461048462231,15.627389841827284,1.2455627280036974,1050987724800000,1050987724800000,1050987724800000,0,4.694560359967904e-11,4.6945603599679053e-11,1.1279602771331202e-12,41.560650655124128,0.44282803728347486
utd2,Ant-v5,actor_update,allocated,5,59844.052545948129,404.34022637115453,59404.904135356715,60480.362487613762,0.016623347929430037,408.53707530617828,4.7951871222397644,146.49103539714798,0.83804461048461643,18.941693650811267,1.1912300237891562,826487603200000,826487603200000,826487603200000,0,7.2407683205705135e-11,7.2407683205705135e-11,4.892272126110878e-13,50.418552709940577,0.33754923424411742
utd2,Ant-v5,target_update,allocated,5,5056.0756831358094,20.201741512652383,5028.7918162292581,5073.211981788173,0.0014044654675377248,34.515649202852366,0.27024426688194209,146.49103539714798,0.83804461048461865,1.6000105603653716,0.093065829509994022,933888800000,933888800000,933888800000,0,5.414001841692297e-09,5.414001841692297e-09,2.163184900884611e-11,4.2599189219280023,0.046781553975691843
utd2,Ant-v5,gradient_updates,measured,5,118702.89853952204,1584.989049286424,116891.75729458079,121225.2206521199,0.032973027372089452,834.33368706701219,15.320622788893029,142.2835021880307,0.82640342200615868,37.581399155067139,2.6032832583683296,1877475328000000,1877475328000000,1877475328000000,0,6.3224744831119312e-11,6.3224744831119312e-11,8.4421298413271444e-13,,
utd2,Ant-v5,TOTAL_MEASURED_TRAINING,aggregate,5,316796.50058674306,17138.332356496627,288277.68865661923,329599.21714014682,0.087999027940761962,2537.0038446157828,155.89892821807041,124.91974960927234,1.1246760988923341,,,2379667126152544,2318141089273280,2412352477573120,37618806988835.43,1.331263928072751e-10,1.3306144552895631e-10,5.193245839534552e-12,,
utd2,Ant-v5,warmup,excluded,5,74.978750026310422,3.3752402312607233,72.229406122514135,78.756748165189052,2.0827430562864007e-05,0.67334401500120289,0.0063755598353973488,111.32535107581569,4.0315627693466842,,,,,,,,,,,
utd2,Ant-v5,idle_baseline_head,excluded,5,5705.2056384158959,42.854330336229367,5658.3178950360289,5774.4108604199928,0.0015847793440044156,90.003260911200783,9.8776863115684357e-05,63.388876947473662,0.47612751538735681,,,,,,,,,,,
utd2,Ant-v5,idle_baseline_tail,excluded,5,5938.5083621502381,21.479890774623058,5912.8106930886715,5962.5674760122702,0.0016495856561528439,90.003107810999794,0.0001263180823296486,65.981147878193326,0.23867184410953587,,,,,,,,,,,
utd4,Ant-v5,dynamics_model_update,measured,5,183703.84020764753,16539.79498550151,163433.89538970441,207331.46128623144,0.051028844502124311,1584.7431754356046,150.93704683970506,115.96931212359902,0.8145787274040458,43.211854223468251,2.2157713648741826,438714098368000,397452927760000,495042018800000,37182659354756.695,4.1873247495582868e-10,4.1858175842645515e-10,4.4575454798554532e-12,,
utd4,Ant-v5,rollout,measured,5,4178.9631972641928,59.52803274317381,4084.4610319394169,4236.5094556887188,0.0011608231103511647,36.697649903611456,0.25683359165571451,113.8728745016881,1.1249795324837863,0.98553754086922307,0.034112938120620578,234496000000,234496000000,234496000000,0,1.7821042564752459e-08,1.7821042564752459e-08,2.5385521605133412e-10,,
utd4,Ant-v5,synthetic_rollout_generation,measured,5,712.22805531918721,42.111948004418636,645.86239502054946,751.45688854326636,0.00019784112647755199,4.942410925410508,0.13313563072978785,144.03937986056243,5.897564581287094,0.16800421333858401,0.012066508263271727,44225661628752,41841719644640,45923805052560,1811640196421.9873,1.6104407013690743e-11,1.610190174349137e-11,6.2099609656863727e-13,,
utd4,Ant-v5,buffer_sample,allocated,5,8867.0236138644741,31.607703745630058,8836.4321271346016,8914.5496618480447,0.0024630621149623541,60.775102656264792,0.11343596400670933,145.89875039062397,0.35149886464630797,2.0914355355651031,0.077681491099455185,,,,,,,,3.7594735516204749,0.012560069515011216
utd4,Ant-v5,critic_update,allocated,5,98000.739232926819,552.59741212736265,97078.184792134649,98537.780079406846,0.027222427564701893,671.70696457360168,4.1407853712570617,145.89875039062397,0.3514988646463148,23.117514903529759,0.94459171661257857,2101975449600000,2101975449600000,2101975449600000,0,4.6623160727960018e-11,4.6623160727960025e-11,2.6289432268703213e-13,41.55035638050397,0.12259343529995324
utd4,Ant-v5,actor_update,allocated,5,118861.88957301543,220.46880256710517,118648.15897488291,119211.22077231274,0.033017191548059842,814.69003217480349,1.8893188197190121,145.89875039062397,0.35149886464630442,28.036627036615016,1.0743251368859421,1652975206400000,1652975206400000,1652975206400000,0,7.1907847808488119e-11,7.1907847808488132e-11,1.3337695672233232e-13,50.395557595049183,0.10761394279579573
utd4,Ant-v5,target_update,allocated,5,10129.242944588337,69.032399474219915,10057.284451779065,10219.793056710592,0.0028136785957189824,69.426129722384218,0.35707201528636218,145.89875039062397,0.35149886464630947,2.3890265466140597,0.085593272080948524,1867777600000,1867777600000,1867777600000,0,5.4231525983545027e-09,5.4231525983545035e-09,3.6959646305973588e-11,4.2946124728263619,0.024421439587788883
utd4,Ant-v5,gradient_updates,measured,5,235858.89536439505,735.08595894725579,234624.48290178127,236452.67510049656,0.065516359823443074,1663.3472278601796,5.7255768540531564,141.79807357074418,0.26786131419378328,55.634604022323934,2.1781021340770739,3754950656000000,3754950656000000,3754950656000000,0,6.2812781570782653e-11,6.2812781570782653e-11,1.9576447902788645e-13,,
utd4,Ant-v5,TOTAL_MEASURED_TRAINING,aggregate,5,424453.92682462593,16394.994744569412,404618.52219952643,448012.53599494731,0.1179038685623961,3289.7304641248061,149.56965176218398,129.0562098184717,0.9299583420339842,,,4238124911996752,4197461842748880,4292068890444640,36465917613426.734,1.0015134891922016e-10,1.0013078323482634e-10,3.0031035928422047e-12,,
utd4,Ant-v5,warmup,excluded,5,75.428323367104298,2.6553122962988733,72.427524416024667,77.977804493713649,2.0952312046417862e-05,0.66900936600286509,0.0046797783115287003,112.76358870424778,4.4625522969095472,,,,,,,,,,,
utd4,Ant-v5,idle_baseline_head,excluded,5,5726.1675864477129,43.573501994825094,5683.9419818268843,5798.1391948370183,0.0015906021073465869,90.003255038401406,7.4791394223225498e-05,63.621783565993567,0.48417989147952228,,,,,,,,,,,
utd4,Ant-v5,idle_baseline_tail,excluded,5,5973.7479664451521,48.247220047987483,5937.356799605087,6053.8076297620537,0.0016593744351236534,90.003138825000491,0.0001141997758296587,66.372662303231138,0.53601483031690078,,,,,,,,,,,
w256,Ant-v5,dynamics_model_update,measured,5,185041.57330988234,9929.9600138016922,174061.2474693885,199329.81196087247,0.051400437030522869,1580.5851918558023,84.786214385631766,117.07231959354559,0.3257966172283962,78.881825460347599,0.90608012492898626,444205996080000,420148969520000,480077666880000,24693538665827.773,4.1656703183393541e-10,4.166103296813998e-10,3.4017474476638015e-12,,
w256,Ant-v5,rollout,measured,5,4073.7597365863003,47.044791696377501,3999.0506497009064,4121.5215470875273,0.0011315999268295279,35.950290845583368,0.17785046150777503,113.31350037499733,0.75240656988639354,1.739626973538946,0.072738108347288305,19302400000,19302400000,19302400000,0,2.1104938953634265e-07,2.1104938953634262e-07,2.4372508960739319e-09,,
w256,Ant-v5,synthetic_rollout_generation,measured,5,567.55637858032571,27.944086749795549,531.5971084613592,596.00040495335895,0.00015765454960564603,4.458718590602798,0.044518897597594538,127.29948565418583,6.3122006390862975,0.24241908910130022,0.016548598953954465,25753867538960,25387810826192,26090326791488,301545449196.75244,2.2037714441209125e-11,2.20395286326252e-11,1.0936257856995562e-12,,
w256,Ant-v5,buffer_sample,allocated,5,1716.0318632029316,7.4629655375704997,1706.9593682593763,1726.5424890514751,0.00047667551755636991,15.09328372572927,0.063843519468290338,113.69514384007425,0.1875387321616743,0.73287415308224957,0.031614431734490439,,,,,,,,3.829809286419759,0.021526289460674801
w256,Ant-v5,critic_update,allocated,5,18648.634922150213,145.10449180205947,18465.625389069144,18812.567125159181,0.0051801763672639483,164.02345509463922,1.2987203972503343,113.69514384007422,0.18753873216167743,7.9647050475366736,0.35899158869900855,40776499200000,40776499200000,40776499200000,0,4.5733781192648861e-10,4.5733781192648856e-10,3.5585323568448973e-12,41.618732605731658,0.16520737450286901
w256,Ant-v5,actor_update,allocated,5,22500.818021286734,47.87397314370034,22431.901205226524,22546.8838910882,0.006250227228135204,197.90500416615978,0.39674246986286377,113.69514384007422,0.18753873216167408,9.609062952283951,0.40046042222726086,32846643200000,32846643200000,32846643200000,0,6.8502640846072007e-10,6.8502640846072007e-10,1.4574997162480337e-12,50.216702389057431,0.12517765150637947
w256,Ant-v5,target_update,allocated,5,1942.2613089984006,9.8533356890687891,1928.8224841290266,1952.4472866510539,0.00053951703027733347,17.08313224077283,0.098307280633319533,113.69514384007422,0.18753873216167199,0.82948632410928147,0.035667499209492165,38093200000,38093200000,38093200000,0,5.0987087170371634e-08,5.0987087170371634e-08,2.5866390035672631e-10,4.3347557187911514,0.0358357653337045
w256,Ant-v5,gradient_updates,measured,5,44807.746115638278,176.26967294407697,44606.568285893045,44976.169465562678,0.012446596143232855,403.80227814559186,1.5176695411551877,110.96469317255756,0.22627150565165782,19.136128477012157,0.82414798273884415,73623142400000,73623142400000,73623142400000,0,6.0860953030494769e-10,6.0860953030494758e-10,2.3942155577439321e-12,,
w256,Ant-v5,TOTAL_MEASURED_TRAINING,aggregate,5,234490.63554068725,9869.4291129117319,223737.44879239643,248795.26384846549,0.065136287650190902,2024.7964794375803,83.695680718383926,115.8071149543122,0.27794698835454962,,,543602308418960,519437715198336,579107922506192,24624470379138.066,4.3136431157309002e-10,4.3141853808901752e-10,2.817894835400632e-12,,
w256,Ant-v5,warmup,excluded,5,73.263485352271829,2.8878428375902385,69.404755205260827,75.5578361906325,2.0350968153408842e-05,0.66519460360141236,0.005791075257815765,110.14806951365149,4.5447354708781669,,,,,,,,,,,
w256,Ant-v5,idle_baseline_head,excluded,5,5613.5992536270523,53.733787440242793,5532.5113832710576,5676.9907885806961,0.0015593331260075145,90.003194223000904,0.00014588353147228502,62.371112103663521,0.59711197640206337,,,,,,,,,,,
w256,Ant-v5,idle_baseline_tail,excluded,5,5787.584460367485,43.628837971393708,5710.5671432735317,5814.8935020138961,0.0016076623501020792,90.003328209403847,0.00017503430928975794,64.304116127494538,0.48476279091691243,,,,,,,,,,,
w512,Ant-v5,dynamics_model_update,measured,5,179576.86641573807,18811.047356609663,147568.44430515243,196307.93149290697,0.049882462893260572,1532.8423272709958,169.63787392279625,117.22919464072575,1.4392734177756354,77.390502893842651,2.1101303599124508,431937690240000,360045288400000,476487259360000,43641315979842.812,4.1574715629923091e-10,4.1568027142866936e-10,1.0248879877071418e-11,,
w512,Ant-v5,rollout,measured,5,4108.618876278977,33.962363850719079,4078.9257126312637,4161.8093433836484,0.0011412830211886048,36.171912436584535,0.10173503859153905,113.58626170360378,0.93915586185710642,1.7845019097546948,0.16905810371051047,64819200000,64819200000,64819200000,0,6.3385831301203611e-08,6.3385831301203611e-08,5.2395530723487709e-10,,
w512,Ant-v5,synthetic_rollout_generation,measured,5,642.10945347528082,27.484222510525676,609.27234852972128,684.46310154726257,0.0001783637370764669,4.6431229423847942,0.060355502344300815,138.25151096586552,4.1636977077817736,0.27937864049666972,0.03531501671042938,30431176147020.801,29836930999632,31282285046064,555779446314.302,2.1100382396430743e-11,2.1093062477710599e-11,5.2294498276178206e-13,,
w512,Ant-v5,buffer_sample,allocated,5,1796.7084104486535,8.3231312997073328,1788.3719598085763,1807.3184083644644,0.00049908566956907046,15.030496576942095,0.038743936786433023,119.53732562752093,0.3883390557359559,0.7801503193800674,0.07046295045161563,,,,,,,,3.7979420937024515,0.033150751975409273
w512,Ant-v5,critic_update,allocated,5,19639.298979630777,333.03880787391256,19165.09525936627,19951.193765459419,0.0054553608276752159,164.29165521090471,2.5350905203926333,119.53732562752093,0.38833905573595756,8.5310311543296216,0.83287765239062828,141950976000000,141950976000000,141950976000000,0,1.3835268719554826e-10,1.3835268719554826e-10,2.3461537022042959e-12,41.509425687814897,0.30990535457270513
w512,Ant-v5,actor_update,allocated,5,23816.937395773439,138.20337131311919,23580.622278953968,23910.741785919068,0.0066158159432703999,199.24186559946102,0.71803715463298867,119.53732562752093,0.38833905573595245,10.34106201104213,0.92596304826645337,112669491200000,112669491200000,112669491200000,0,2.1138763601493427e-10,2.1138763601493427e-10,1.2266263905265502e-12,50.343818245590441,0.26726343189434681
w512,Ant-v5,target_update,allocated,5,2057.4065398412763,18.721051360886268,2025.2394102131216,2073.2129687452989,0.00057150181662257672,17.211172934937348,0.10528690678969146,119.53732562752093,0.38833905573595601,0.89337307115417863,0.081454503723480398,128614800000,128614800000,128614800000,0,1.5996654660593309e-08,1.5996654660593309e-08,1.4555907532326268e-10,4.3488139728922182,0.020793923102123593
w512,Ant-v5,gradient_updates,measured,5,47310.351325694144,472.22760370876534,46559.438004649885,47742.466928488248,0.013141764257137263,407.00882317362266,3.087137466273564,116.23764657405539,0.37829650278293159,20.545616555905998,1.9078108073215496,254620467200000,254620467200000,254620467200000,0,1.8580733845143987e-10,1.8580733845143987e-10,1.8546333250493898e-12,,
w512,Ant-v5,TOTAL_MEASURED_TRAINING,aggregate,5,231637.94607118648,18563.630148046974,200157.1836785716,248393.10332726469,0.064343873908662905,1980.666185823588,167.92194890170069,116.99435066734381,1.1506803910299828,,,717054152787020.75,646012859846064,761512163971136,43219782394157.492,3.230410774010084e-10,3.2273901004018526e-10,8.5611326082752023e-12,,
w512,Ant-v5,warmup,excluded,5,72.700215338664947,2.8971329270330184,69.100468088422161,75.078125566240857,2.0194504260740264e-05,0.66425154640019168,0.0063354976116271793,109.44544807791181,4.1977791580351838,,,,,,,,,,,
w512,Ant-v5,idle_baseline_head,excluded,5,5584.2738318924703,49.172448264758273,5541.6402218392604,5665.4545922524094,0.0015511871755256861,90.003228517199744,4.8970502847868217e-05,62.045261191325366,0.54632419117814424,,,,,,,,,,,
w512,Ant-v5,idle_baseline_tail,excluded,5,5807.1189305145444,32.576633908746096,5756.7238734795465,5843.7567412232193,0.0016130885918095956,90.003173130600771,0.00020376253354876487,64.521268616629555,0.36189910116322899,,,,,,,,,,,
b512,Ant-v5,dynamics_model_update,measured,5,170818.64844646506,21221.505960987783,145377.33174423745,198026.12409237589,0.047449624568462516,1471.5154463145998,185.42265407211866,116.11662034000351,1.1909747258168948,68.865474061252456,2.6732922110672357,415040739904000,363804198800000,484264315360000,53351715274521.438,4.115707978112603e-10,4.1180137843175832e-10,1.0062181320658586e-11,,
b512,Ant-v5,rollout,measured,5,4113.4576494225785,26.655191916069626,4079.1601620304223,4143.3974021346094,0.001142627124839605,36.577407824199327,0.12272060854390739,112.45968032847483,0.76601220651411661,1.6720488215247826,0.13691553897663508,234496000000,234496000000,234496000000,0,1.7541696444385312e-08,1.7541696444385316e-08,1.1367013474033485e-10,,
b512,Ant-v5,synthetic_rollout_generation,measured,5,723.89711310629048,43.791971867489067,676.70298925508166,786.98583907018428,0.00020108253141841402,5.0530778082022119,0.092280693490231699,143.17740229813558,6.1937997541256529,0.2954247300771809,0.042232174008268841,46067504178816,44782245170400,47728090583040,1272352693276.9043,1.5713833992317133e-11,1.570375772855387e-11,5.5522426007771958e-13,,
b512,Ant-v5,buffer_sample,allocated,5,3526.109034727137,16.579453021569634,3508.357435510386,3550.8526009527141,0.00097947473186864916,20.294547025651628,0.063649829348398121,173.74829198145289,1.0448541945498566,1.4336083602478589,0.12128423502045416,,,,,,,,4.915509176945541,0.044678910303238874
b512,Ant-v5,critic_update,allocated,5,29700.798975313111,489.70839863691481,29068.935437399628,30344.450042043081,0.0082502219375869754,170.95920031262466,3.8027564759480801,173.74829198145289,1.0448541945498362,12.076433386498222,1.0662704033522141,1050987724800000,1050987724800000,1050987724800000,0,2.8259891409259883e-11,2.8259891409259886e-11,4.659506358460129e-13,41.400426607613554,0.46208342291602533
b512,Ant-v5,actor_update,allocated,5,35554.363135474501,92.385762121957782,35434.677467438036,35649.200289655892,0.0098762119820762495,204.63518020636874,0.82448864277576872,173.74829198145289,1.0448541945498604,14.454899101146907,1.2160294823047442,826487603200000,826487603200000,826487603200000,0,4.3018628468007133e-11,4.3018628468007133e-11,1.1178118312272034e-13,49.563592411683324,0.35199536790249464
b512,Ant-v5,target_update,allocated,5,2955.7051896131957,37.645692223697054,2924.14375768318,3018.8767859077707,0.00082102921933699879,17.011089616282334,0.14875183616842375,173.74829198145289,1.0448541945498384,1.2021115392525701,0.10818617308877042,466944400000,466944400000,466944400000,0,6.3298867908324753e-09,6.3298867908324753e-09,8.0621359253258073e-11,4.1204718037575825,0.071272226138348271
b512,Ant-v5,gradient_updates,measured,5,71736.97633512794,397.91608222584028,71287.865113916007,72219.314427198668,0.019926937870868872,424.62694111739364,4.5893451678314392,168.9491624408289,0.95920571370074148,29.167052387145553,2.4946117165475199,1877475328000000,1877475328000000,1877475328000000,0,3.8209277781320562e-11,3.8209277781320562e-11,2.1194210985969433e-13,,
b512,Ant-v5,TOTAL_MEASURED_TRAINING,aggregate,5,247392.97954412186,21199.270453831388,222504.69797567988,274591.50219449418,0.06872027209558941,1937.7728730643951,184.52682638430454,127.76675324776765,1.543107621211059,,,2338818068082816,2289242113383040,2406802605365760,52555113668997.148,1.0577692336151468e-10,1.0565969519628369e-10,6.7088834862183531e-12,,
b512,Ant-v5,warmup,excluded,5,72.025073115556467,2.667219638677206,70.00570584919349,75.188403925851347,2.0006964754321242e-05,0.66588203579885885,0.0034925708664029663,108.15687294085376,3.6760100125924629,,,,,,,,,,,
b512,Ant-v5,idle_baseline_head,excluded,5,5553.4429509054889,56.855898130228979,5476.9628219969045,5621.845063837397,0.0015426230419181913,90.002741117200273,3.8704087121205589e-05,61.703042430776485,0.63171722524596619,,,,,,,,,,,
b512,Ant-v5,idle_baseline_tail,excluded,5,5787.6307200868814,70.031584346413311,5682.4686893950984,5876.0652341468603,0.0016076752000241338,90.003583325199727,0.00011231397314692788,64.304447383001317,0.77806102138161781,,,,,,,,,,,
b1024,Ant-v5,dynamics_model_update,measured,5,178175.89860456847,15397.232958698889,161654.39560632105,199257.41831663655,0.049493305167935688,1508.1948503757842,139.42117591314673,118.19045206873872,0.83750165630755491,66.470311650294974,1.969385245460306,439178129376000,398211190720000,480790563680000,34687669971689.574,4.0570303183750786e-10,4.0554895223696861e-10,5.8002630073316026e-12,,
b1024,Ant-v5,rollout,measured,5,4178.1068448919605,17.195120979213979,4159.3925351933067,4202.2381122072475,0.0011605852346922112,36.743698691992904,0.23521663174363414,113.71388304644901,0.96848421579754196,1.5646502644324569,0.086001335094280193,234496000000,234496000000,234496000000,0,1.7817390679977316e-08,1.7817390679977316e-08,7.3327992712941772e-11,,
b1024,Ant-v5,synthetic_rollout_generation,measured,5,723.34271829372312,26.685844956974062,684.13860161912112,753.23853538137791,0.00020092853285936754,4.9750277976090693,0.055790260362180141,145.43923569258479,6.4493995565952851,0.27064260052304051,0.012721469747758023,45468109859168,44883530289440,46456010878800,606448777317.87061,1.5908792349939114e-11,1.5914534664448976e-11,7.1919911876549752e-13,,
b1024,Ant-v5,buffer_sample,allocated,5,6011.2746156951862,34.146391164846101,5961.9081083975925,6051.3536322426553,0.0016697985043597739,30.716022694887943,0.096061381267544432,195.70518771104153,1.013309551555138,2.2509710697218632,0.11990489708224375,,,,,,,,7.104233597834229,0.06279818664329341
b1024,Ant-v5,critic_update,allocated,5,34580.980121920082,301.11850212168122,34150.548238101823,34964.790429460038,0.0096058278116444677,176.7088172738062,2.3905679270531079,195.70518771104153,1.0133095515551271,12.955086113621054,0.82024100297107616,2101975449600000,2101975449600000,2101975449600000,0,1.6451657477017985e-11,1.6451657477017985e-11,1.4325500432413909e-13,40.866881387407098,0.21305891719480216
b1024,Ant-v5,actor_update,allocated,5,40674.665133255578,95.810055098816889,40545.008382096552,40813.398008744516,0.011298518092570993,207.84184573416641,1.381499585204303,195.70518771104153,1.0133095515551245,15.233712678952722,0.86985635810880424,1652975206400000,1652975206400000,1652975206400000,0,2.4606942061666229e-11,2.4606942061666239e-11,5.7962185232941012e-14,48.069215536096401,0.13433732839170509
b1024,Ant-v5,target_update,allocated,5,3350.5005259408222,12.893820871283113,3333.903351556251,3364.2633844732991,0.00093069459053911731,17.120305940027173,0.059182614997642657,195.70518771104153,1.0133095515551143,1.2546256224538943,0.066683449439172787,466944400000,466944400000,466944400000,0,7.1753736118065066e-09,7.1753736118065066e-09,2.7613182364502291e-11,3.9596694786622741,0.028730859564415828
b1024,Ant-v5,gradient_updates,measured,5,84617.420396811678,317.15891294276605,84210.001996981766,85073.999898158392,0.023504838999114354,444.76742856800047,3.6313622825346945,190.25660884164239,0.89252910831515775,31.694395484749528,1.8743377384804916,3754950656000000,3754950656000000,3754950656000000,0,2.2534895435071111e-11,2.2534895435071114e-11,8.446420259504119e-14,,
b1024,Ant-v5,TOTAL_MEASURED_TRAINING,aggregate,5,267694.76856456581,15140.525064758232,251292.77638835044,288398.04739935725,0.074359657934601614,1994.6810054333866,136.58715974404126,134.29098695019866,1.6112523457323091,,,4239831391235168,4198279873009440,4281408773505280,34597525564313.805,6.313806938595727e-11,6.3118425424791016e-11,3.0589873131665764e-12,,
b1024,Ant-v5,warmup,excluded,5,75.184425681927834,2.1260624132767529,71.704691916195031,76.867787369077917,2.0884562689424398e-05,0.66968900180145285,0.0036298233562807695,112.2756862315108,3.4416870307120875,,,,,,,,,,,
b1024,Ant-v5,idle_baseline_head,excluded,5,5591.0419589341418,71.545903334901695,5498.0637491214975,5661.7801639278878,0.0015530672108150395,90.002770290600893,2.6628106382855287e-05,62.12077629819796,0.79493059944518252,,,,,,,,,,,
b1024,Ant-v5,idle_baseline_tail,excluded,5,5890.4577672330979,52.152107606738134,5823.5478839558818,5948.2956398762781,0.0016362382686758606,90.00361933359963,0.00014636713044889686,65.446898950649285,0.57946398184408465,,,,,,,,,,,
rollout1,Ant-v5,dynamics_model_update,measured,5,176446.34381949232,3727.5016060092125,171545.18581845102,179798.62222280976,0.049012873283192308,1489.2197389438254,38.925085485129763,118.49800926525207,1.110948664837512,73.284591268275335,0.57265079389445328,428257846576000,410803540560000,446163221840000,13093066209506.08,4.1200959942757192e-10,4.1217617195831817e-10,9.4349749287220851e-12,,
rollout1,Ant-v5,rollout,measured,5,4251.8968820471764,38.97647658103665,4207.4070776269018,4291.4636821774802,0.0011810824672353268,37.014252560204476,0.37093614340411563,114.87336545589578,0.45662067019557318,1.7665198451987585,0.038721581102163186,234496000000,234496000000,234496000000,0,1.8132065715607842e-08,1.8132065715607845e-08,1.6621382275619514e-10,,
rollout1,Ant-v5,synthetic_rollout_generation,measured,5,121.93934487501474,18.358394957476865,98.279072556584424,149.32648882411007,3.3872040243059648e-05,0.93407862439780287,0.0016487286244573538,130.54114163541163,19.595085145896768,0.050595764342349456,0.0071272910421566393,4885610400000,4885610400000,4885610400000,0,2.4958876146778864e-11,2.4958876146778858e-11,3.7576461187893462e-12,,
rollout1,Ant-v5,buffer_sample,allocated,5,2018.3600135284669,9.9871586331449063,2002.9427805718108,2029.3439403218745,0.00056065555931346302,13.705499153453275,0.06683022554807945,147.26955165470105,1.0793669260138183,0.83846283366749685,0.0094597327551583735,,,,,,,,3.3682644157871167,0.04624096869980765
rollout1,Ant-v5,critic_update,allocated,5,25237.825490632276,447.755869969635,24651.276967601552,25821.671512483699,0.0070105070807311883,171.39551826874376,4.2270033479464892,147.26955165470105,1.0793669260138188,10.485842066264345,0.29730452680845532,525493862400000,525493862400000,525493862400000,0,4.8026870143388144e-11,4.8026870143388131e-11,8.5206679279692152e-13,42.110303255999213,0.35279616687831189
rollout1,Ant-v5,actor_update,allocated,5,30137.49779328303,174.45379578909322,29894.114456859246,30316.385494246857,0.0083715271648008415,204.65545796420921,2.482280857176935,147.26955165470105,1.079366926013831,12.52068127825191,0.23175792028480441,413243801600000,413243801600000,413243801600000,0,7.2929098214169142e-11,7.2929098214169142e-11,4.2215707800974252e-13,50.290410155593257,0.26551695590404095
rollout1,Ant-v5,target_update,allocated,5,2535.4147147668486,8.494938258460623,2526.0035719415609,2548.8719106631161,0.0007042818652130135,17.216851771496295,0.13273760767599316,147.26955165470105,1.0793669260138214,1.053306943999806,0.016106466239573562,466944400000,466944400000,466944400000,0,5.429800024942688e-09,5.429800024942688e-09,1.819261192223422e-11,4.231022172620408,0.044558192737462338
rollout1,Ant-v5,gradient_updates,measured,5,59929.098012210612,587.33015789758701,59102.075518170052,60672.124448902025,0.016646971670058502,421.71864060518999,6.8245032508180268,142.11890290610935,0.96417300370626824,24.898293122183556,0.53983170347216125,938737664000000,938737664000000,938737664000000,0,6.3840091124979743e-11,6.3840091124979743e-11,6.2565952174002477e-13,,
rollout1,Ant-v5,TOTAL_MEASURED_TRAINING,aggregate,5,240749.27805862512,3280.9687364128067,236607.05302208712,243852.92540954021,0.066874799460729203,1948.8867107336177,32.606347104352736,123.53851979271057,0.8038523315759134,,,1372115616976000,1354661310960000,1390020992240000,13093066209506.08,1.7545844904033049e-10,1.7545793766387388e-10,1.6419865970944986e-12,,
rollout1,Ant-v5,warmup,excluded,5,74.752645656586097,1.9922631003640605,71.287125907155541,76.012958456442902,2.0764623793496139e-05,0.67017932899761945,0.0052534637526143414,111.53149641483378,2.3369478308227687,,,,,,,,,,,
rollout1,Ant-v5,idle_baseline_head,excluded,5,5599.9811200990544,114.17523346208098,5445.905463108531,5748.8717853362277,0.0015555503111386263,90.002757594999281,6.8203071863234721e-05,62.220106190694068,1.2685849009934673,,,,,,,,,,,
rollout1,Ant-v5,idle_baseline_tail,excluded,5,5811.0969317771942,43.075487900235132,5739.8133811503103,5851.0351681278717,0.0016141935921603317,90.003739525399581,0.00018850565844178788,64.565061391353112,0.47866381662402735,,,,,,,,,,,
rollout15,Ant-v5,dynamics_model_update,measured,5,181381.9915575296,12746.412866491679,168224.87291209024,198439.7800431803,0.050383886543758222,1535.3670442867981,118.89638481668131,118.18737674528673,0.91955485709664186,73.717469237225686,1.3717498359745999,436856678160000,408470423760000,466053042560000,27150858392313.984,4.151979370476693e-10,4.1506754394461186e-10,6.6842521319537079e-12,,
rollout15,Ant-v5,rollout,measured,5,4213.1094474226429,27.473473370132034,4182.5779236376893,4252.2314217944913,0.0011703081798396231,36.637949335006127,0.29154149979399896,114.99642599061754,0.83703344365556842,1.7170901113679733,0.085585807421931143,234496000000,234496000000,234496000000,0,1.796665805567107e-08,1.7966658055671067e-08,1.1715966741493291e-10,,
rollout15,Ant-v5,synthetic_rollout_generation,measured,5,449.64050951557363,40.65058095245282,399.27746992083769,493.35786516035324,0.00012490014153210377,3.4478993336058879,0.018542405969026725,130.44801928173729,12.258412954744829,0.1827857242536175,0.012116984181494162,30184143942368,29839674851440,30510444484560,249420360757.3103,1.4896579819328097e-11,1.4900145105283136e-11,1.3843860110575425e-12,,
rollout15,Ant-v5,buffer_sample,allocated,5,2241.822604866381,10.568283495528073,2227.846443257019,2255.6721240886422,0.00062272850135177251,15.178421278992028,0.086463450348089041,147.6989614520989,0.3615732965505748,0.91367393777487216,0.045325264398193871,,,,,,,,3.7477823322439461,0.017849456573292583
rollout15,Ant-v5,critic_update,allocated,5,24986.924160065559,187.13809105738363,24781.559978735379,25293.273325933489,0.0069408122666848775,169.17416601123841,1.1027300083138558,147.6989614520989,0.36157329655056847,10.186566594412948,0.57601517304761896,525493862400000,525493862400000,525493862400000,0,4.7549411987319835e-11,4.7549411987319841e-11,3.5611850955346876e-13,41.771494287045321,0.19723743736695512
rollout15,Ant-v5,actor_update,allocated,5,30056.957199986915,68.73656325544431,29972.084624515886,30139.828903007001,0.008349154777774143,203.50257095039996,0.72435225114138513,147.6989614520989,0.36157329655057791,12.250457721607146,0.61698174465516187,413243801600000,413243801600000,413243801600000,0,7.2734199723292147e-11,7.2734199723292134e-11,1.6633416639114814e-13,50.247996588251922,0.15251664682000202
rollout15,Ant-v5,target_update,allocated,5,2531.8852478319891,20.325069854091407,2514.8448687103137,2561.4562489648129,0.00070330145773110804,17.142191116733009,0.12937528582774876,147.6989614520989,0.36157329655058373,1.0319566733577474,0.053185151316260788,466944400000,466944400000,466944400000,0,5.4222413799844027e-09,5.4222413799844027e-09,4.3527815847221754e-11,4.2327267924588083,0.038482131289386601
rollout15,Ant-v5,gradient_updates,measured,5,59817.589212750841,200.80748604335855,59687.802758133737,60170.283753083051,0.0166159970035419,417.23196384420442,1.2876283917036164,143.36800026001976,0.37557286149364355,24.382654927152711,1.289445335907631,938737664000000,938737664000000,938737664000000,0,6.3721305223725251e-11,6.3721305223725251e-11,2.1391225018894845e-13,,
rollout15,Ant-v5,TOTAL_MEASURED_TRAINING,aggregate,5,245862.33072721865,12655.925463218407,233031.36325190769,262877.67362688005,0.068295091868671845,1992.6848567996144,119.24258930663677,123.43109693704598,1.0598398371043474,,,1406012982102368,1377508452503040,1435263187902960,27040698552893.941,1.7486490797516555e-10,1.7478222976978535e-10,5.7520979631399762e-12,,
rollout15,Ant-v5,warmup,excluded,5,74.840087466077378,2.5334470940580234,70.502868634678748,77.02287035035431,2.0788913185021495e-05,0.6664805352018448,0.0047867236306245991,112.28285657318182,3.3828804930563336,,,,,,,,,,,
rollout15,Ant-v5,idle_baseline_head,excluded,5,5582.4253976927776,76.543903868003198,5487.2884913222306,5650.0664856446565,0.0015506737215813271,90.002723601199975,0.00010359351850376238,62.02507165113731,0.85044425177652083,,,,,,,,,,,
rollout15,Ant-v5,idle_baseline_tail,excluded,5,5881.8231632937868,77.491524465250961,5765.6230729579265,5973.9918289526295,0.0016338397675816074,90.003700822200329,8.1302989914183463e-05,65.350903195058095,0.8609563316281037,,,,,,,,,,,
