env,config,seed,segment,value_j,median_j,mad_j,abs_dev_over_mad,dev_pct_of_median
HalfCheetah-v5,base,331,rollout,2383.6408988793396,2418.3387844026211,8.0146827164517163,4.329289973270833,1.434781832349951
HalfCheetah-v5,base,958,rollout,2509.6861062972889,2418.3387844026211,8.0146827164517163,11.397496959818444,3.7772756440836104
HalfCheetah-v5,base,958,buffer_sample,1699.0452067816504,1670.6563709384325,6.2727303597882837,4.525754211468473,1.6992624178766065
HalfCheetah-v5,base,331,critic_update,24815.387923706876,24418.459442806288,36.650673759260826,10.830045949708971,1.6255263024691891
HalfCheetah-v5,base,85062,critic_update,24938.68992640471,24418.459442806288,36.650673759260826,14.194295226754747,2.130480363910435
HalfCheetah-v5,base,958,actor_update,30057.929719853364,29850.336783962735,44.227559819293674,4.6937460881590196,0.69544587517739231
HalfCheetah-v5,utd2,331,rollout,2493.7097570841051,2394.6563300833996,9.5895675862743701,10.329290253137337,4.1364360203309767
HalfCheetah-v5,utd2,958,rollout,2364.2450644522633,2394.6563300833996,9.5895675862743701,3.1712864378435799,1.2699636790919873
HalfCheetah-v5,utd2,331,critic_update,49745.683618388081,48375.935926826816,48.208356907329289,28.413075645667082,2.8314649945649366
HalfCheetah-v5,utd2,85062,critic_update,49400.991543147073,48375.935926826816,48.208356907329289,21.26302745166603,2.1189370224707385
HalfCheetah-v5,utd2,331,actor_update,59811.948768119277,59042.318519005064,185.49338443830493,4.1490981009632248,1.3035230804265876
HalfCheetah-v5,utd2,331,target_update,5139.6081836654193,5067.2184441513373,6.6540689270523217,10.879018583618718,1.4285892805279676
HalfCheetah-v5,utd2,85062,target_update,4996.3718998246122,5067.2184441513373,6.6540689270523217,10.647101060029037,1.3981347973758116
HalfCheetah-v5,utd2,331,gradient_updates,118062.10350899088,115836.31168930948,400.2729726506077,5.5606847620567663,1.9214974883275888
HalfCheetah-v5,utd2,14577,TOTAL_MEASURED_TRAINING,257574.68624433212,271294.30586980196,3359.4201877425076,4.0839248616557473,5.0570982614187585
HalfCheetah-v5,utd4,85062,dynamics_model_update,126765.0204712197,142172.10193102941,5028.2007403522148,3.0641341218072515,10.836923173073712
HalfCheetah-v5,utd4,331,rollout,2405.7764137409363,2386.144004295018,2.7875980007106591,7.042769237498824,0.82276716789012971
HalfCheetah-v5,utd4,85062,rollout,2342.7171785702658,2386.144004295018,2.7875980007106591,15.578582605411961,1.8199582944945778
HalfCheetah-v5,utd4,43611,buffer_sample,6642.4509625959899,6588.3380735842775,11.000998605609311,4.918906996690354,0.82134353773793578
HalfCheetah-v5,utd4,14577,target_update,9986.9726950854583,10091.580903279239,12.312274268524561,8.4962538936615104,1.0365889070937142
HalfCheetah-v5,utd4,14577,gradient_updates,230953.44994645778,232109.90691758681,307.42435140255839,3.7617611157116686,0.4982367993192281
HalfCheetah-v5,utd4,85062,TOTAL_MEASURED_TRAINING,361477.896846927,377029.0069880425,4762.3550267258543,3.2654243654335389,4.124645545271985
HalfCheetah-v5,w256,958,dynamics_model_update,134025.80647580908,143280.33791624731,2131.4020763917069,4.3419923171443173,6.4590379775959592
HalfCheetah-v5,w256,331,rollout,2281.3309648891936,2322.6987542839397,13.373707728592308,3.093217695067751,1.7810225849756942
HalfCheetah-v5,w256,85062,synthetic_rollout_generation,34.968428072574241,58.596105288982386,6.4047156836539614,3.6891063371806525,40.32294825719547
HalfCheetah-v5,w256,958,critic_update,18191.121292596534,18727.59171623801,130.38602107924089,4.1144780644501875,2.8645990993936636
HalfCheetah-v5,w256,958,actor_update,22411.289751348835,22703.640357737608,45.686497334751039,6.399059316074962,1.2876816307087811
HalfCheetah-v5,w256,958,target_update,1931.9874209907352,1958.519171085688,6.8558783592529835,3.8699271930845067,1.3546842168639621
HalfCheetah-v5,w256,85062,target_update,1981.5803235054289,1958.519171085688,6.8558783592529835,3.3637050150717136,1.1774790239585526
HalfCheetah-v5,w256,331,gradient_updates,45031.971774528763,44649.497464840962,93.28954835767945,4.0998623792385027,0.85661503802809558
HalfCheetah-v5,w256,958,gradient_updates,43801.316123286524,44649.497464840962,93.28954835767945,9.0919224767006543,1.8996436459835517
HalfCheetah-v5,w256,958,TOTAL_MEASURED_TRAINING,180182.00407956273,190324.50394838979,2011.5941515984596,5.0420209567459668,5.3290562478373227
HalfCheetah-v5,w512,958,dynamics_model_update,133603.78107552975,149044.88006506144,2133.8162330014165,7.2363771306642963,10.360033154303121
HalfCheetah-v5,w512,14577,dynamics_model_update,133130.4191128478,149044.88006506144,2133.8162330014165,7.4582153355485694,10.677630083815441
HalfCheetah-v5,w512,958,buffer_sample,1354.3216455017628,1331.7793664080223,1.9597136673119167,11.502843231512026,1.6926436662357875
HalfCheetah-v5,w512,85062,buffer_sample,1319.8617352499393,1331.7793664080223,1.9597136673119167,6.0813124676677974,0.89486528014218314
HalfCheetah-v5,w512,43611,actor_update,23682.567929470657,23963.826501953801,65.943005050234206,4.2651767578515187,1.1736797228948928
HalfCheetah-v5,w512,85062,actor_update,23576.370562178916,23963.826501953801,65.943005050234206,5.8756184902360502,1.6168366923508461
HalfCheetah-v5,w512,958,target_update,2091.2751897191611,2062.1596321705802,4.4689684795107496,6.515050997130416,1.4118963970764264
HalfCheetah-v5,w512,958,TOTAL_MEASURED_TRAINING,183714.96812673373,197639.3869947335,2724.6775992917828,5.1104831161011885,7.0453663511771669
HalfCheetah-v5,w512,14577,TOTAL_MEASURED_TRAINING,182650.40646397058,197639.3869947335,2724.6775992917828,5.501194172352343,7.5840047668040684
HalfCheetah-v5,b512,331,rollout,2366.1639644355928,2390.5449840308656,6.1899358307587136,3.9388162110049554,1.0198937797925183
HalfCheetah-v5,b512,85062,rollout,2368.7593400694936,2390.5449840308656,6.1899358307587136,3.5195266246728889,0.91132541353133989
HalfCheetah-v5,b512,331,critic_update,29695.577101164145,29106.879112544691,172.9978937300184,3.4029199773852672,2.0225390236555172
HalfCheetah-v5,b512,331,target_update,2900.4362468342097,2940.3084951049818,8.5744031439394348,4.6501485411208696,1.35605662933503
HalfCheetah-v5,b512,958,target_update,2968.4470131316302,2940.3084951049818,8.5744031439394348,3.2816882474831246,0.95699203241746
HalfCheetah-v5,b1024,958,dynamics_model_update,131038.99986333957,139994.24356527615,2422.6740746606374,3.6964294106259445,6.3968656666664634
HalfCheetah-v5,b1024,14577,rollout,2337.4480730675405,2368.9377711105067,6.4732867152488325,4.8645609916809853,1.3292750205170869
HalfCheetah-v5,b1024,14577,synthetic_rollout_generation,100.34895470782263,69.39495391842712,6.6122395310666278,4.6813187338363536,44.605549887361462
HalfCheetah-v5,b1024,85062,synthetic_rollout_generation,108.09238003640833,69.39495391842712,6.6122395310666278,5.852393267994465,55.764034606132221
HalfCheetah-v5,b1024,85062,critic_update,32885.455263271891,32455.289923724213,116.80733927257825,3.6826910211853834,1.3254090182483191
HalfCheetah-v5,b1024,43611,target_update,3293.752265202254,3249.1677058462055,10.075158727024245,4.4251967203713454,1.3721839988692406
HalfCheetah-v5,b1024,85062,gradient_updates,78514.320491867489,77966.764789779001,120.69710132261389,4.536610209261899,0.70229373190596911
Ant-v5,base,14577,synthetic_rollout_generation,801.82139596589832,722.64977963118633,3.9622717921565709,19.981369398089864,10.955737975194324
Ant-v5,base,14577,critic_update,24940.006316862378,24508.116062439964,90.645431719829503,4.7646113679210913,1.7622335936474134
Ant-v5,base,85062,actor_update,30444.744464813557,30321.803726106566,19.395656738830439,6.3385705553791283,0.40545325013479155
Ant-v5,base,85062,target_update,2620.890572863404,2564.1905148887486,4.6053197096825897,12.311861401379966,2.2112264141619558
Ant-v5,base,14577,gradient_updates,60101.528468436234,59657.112773356639,74.497784738246992,5.9654887274981352,0.74495005611145626
Ant-v5,utd2,958,dynamics_model_update,190243.25574322842,203130.53137055269,2993.9041533534182,4.3045050767204636,6.3443321594109232
Ant-v5,utd2,14577,dynamics_model_update,161970.55260278724,203130.53137055269,2993.9041533534182,13.747928009539951,20.262822378326288
Ant-v5,utd2,14577,rollout,4268.3087478765492,4215.3562134046124,10.239936263726122,5.1711781312072711,1.2561817267909774
Ant-v5,utd2,43611,rollout,4168.5585737722913,4215.3562134046124,10.239936263726122,4.570110440833183,1.1101704639694987
Ant-v5,utd2,14577,synthetic_rollout_generation,813.60665383553521,741.88360878852188,22.405843517687345,3.2010865821853396,9.6676950666338808
Ant-v5,utd2,14577,critic_update,51225.596830240451,49131.073543575534,266.07885087066825,7.871814237814009,4.263133564153109
Ant-v5,utd2,43611,critic_update,47966.524700576221,49131.073543575534,266.07885087066825,4.3767057742043542,2.3702898369734307
Ant-v5,utd2,14577,actor_update,60480.362487613762,59823.621933834336,209.68830850649101,3.1319846035149639,1.0977947047502219
Ant-v5,utd2,958,target_update,5028.7918162292581,5065.4134084120396,7.7985733761333904,4.6959348096739859,0.72297341263330572
Ant-v5,utd2,43611,target_update,5040.5611467266708,5065.4134084120396,7.7985733761333904,3.1867702574199317,0.49062652308096183
Ant-v5,utd2,14577,gradient_updates,121225.2206521199,118567.97543051853,486.5066472023027,5.461888829026436,2.2411154546182854
Ant-v5,utd2,43611,gradient_updates,116891.75729458079,118567.97543051853,486.5066472023027,3.4454167185114035,1.4137191175369404
Ant-v5,utd2,958,TOTAL_MEASURED_TRAINING,313282.02757805487,325965.32198555599,3633.8951545908349,3.4902752743093979,3.8909950083779568
Ant-v5,utd2,14577,TOTAL_MEASURED_TRAINING,288277.68865661923,325965.32198555599,3633.8951545908349,10.371139431836545,11.561853604355729
Ant-v5,utd4,14577,rollout,4084.4610319394169,4204.655959298324,31.853496390394866,3.7733668507156648,2.8586150334869562
Ant-v5,utd4,958,synthetic_rollout_generation,645.86239502054946,730.20117906801579,21.255709475250569,3.9678178771528452,11.55007502933797
Ant-v5,utd4,331,critic_update,97078.184792134649,98107.111609625194,159.01762714795768,6.4705205073471594,1.0487790340670855
Ant-v5,utd4,85062,actor_update,119211.22077231274,118795.93293466292,130.97827797460195,3.1706619148737061,0.34958085465620942
Ant-v5,utd4,331,gradient_updates,234624.48290178127,236029.71072419875,333.82921208720654,4.2094213793680568,0.5953605663057786
Ant-v5,w512,14577,dynamics_model_update,147568.44430515243,182658.84638181081,6696.2095230354462,5.2403381280028434,19.210896582205006
Ant-v5,w512,14577,rollout,4161.8093433836484,4100.161138300964,19.88830191728357,3.0997219038147312,1.5035556653324691
Ant-v5,w512,14577,synthetic_rollout_generation,684.46310154726257,641.03415977107386,10.649975547684789,4.0778442712603011,6.7748248847921078
Ant-v5,w512,958,actor_update,23580.622278953968,23883.778316550914,26.96346936815462,11.243213306778321,1.2692968155162681
Ant-v5,w512,958,target_update,2025.2394102131216,2064.8612879901784,6.3268558764407317,6.2624909672111482,1.9188638969362728
Ant-v5,w512,14577,TOTAL_MEASURED_TRAINING,200157.1836785716,234362.71271093923,6965.188219232572,4.9109267338846463,14.595124214386615
Ant-v5,b512,958,buffer_sample,3550.8526009527141,3518.8145141051132,10.457078594727136,3.0637703023247549,0.9104795583619627
Ant-v5,b512,958,target_update,3018.8767859077707,2945.4325848074755,13.60310260031838,5.3990772001217042,2.4934945542165861
Ant-v5,b1024,331,synthetic_rollout_generation,684.13860161912112,726.50020579152283,14.027128400431934,3.0199769306380113,5.830914270182304
Ant-v5,b1024,331,critic_update,34964.790429460038,34595.33739214261,122.978897936664,3.0041986350186796,1.0679272560045583
Ant-v5,b1024,43611,critic_update,34150.548238101823,34595.33739214261,122.978897936664,3.6167924863813661,1.2856910426946986
Ant-v5,b1024,331,actor_update,40813.398008744516,40663.892268652729,28.099837442270655,5.3205197502987991,0.36766214877821413
Ant-v5,b1024,85062,actor_update,40545.008382096552,40663.892268652729,28.099837442270655,4.2307677686896552,0.29235737142610796
Ant-v5,b1024,331,gradient_updates,85073.999898158392,84583.51738262763,141.68344084155979,3.4618196213857768,0.57987954474863379
Ant-v5,rollout1,14577,dynamics_model_update,171545.18581845102,178556.65506378585,1241.9671590239159,5.6454546276773243,3.9267476436709212
Ant-v5,rollout1,43611,dynamics_model_update,173363.22399678052,178556.65506378585,1241.9671590239159,4.1816170655325005,2.9085620276377111
Ant-v5,rollout1,331,synthetic_rollout_generation,149.32648882411007,122.52820316651707,6.5281915732309699,4.1050090759407416,21.871116171657111
Ant-v5,rollout1,14577,synthetic_rollout_generation,98.279072556584424,122.52820316651707,6.5281915732309699,3.7145249703404661,19.790652260670008
Ant-v5,rollout1,43611,target_update,2548.8719106631161,2535.0095292731708,3.8848676735151457,3.5683020774301459,0.54683744695507663
Ant-v5,rollout15,14577,critic_update,25293.273325933489,24954.93306031021,20.60133330030294,16.423221773626857,1.3558051420358064
Ant-v5,rollout15,43611,critic_update,24781.559978735379,24954.93306031021,20.60133330030294,8.415624321377388,0.69474472704787182
Ant-v5,rollout15,43611,target_update,2544.5991948367196,2521.1769446260851,6.3320759157713837,3.6989844282025106,0.92902048230130263
Ant-v5,rollout15,85062,target_update,2561.4562489648129,2521.1769446260851,6.3320759157713837,6.3611530996341363,1.5976389290955382
Ant-v5,rollout15,14577,gradient_updates,60170.283753083051,59721.660200667742,33.857442534004804,13.250367388639376,0.75119069179910869
