sweep,env,segment,n,a_J,b_J_per_FLOP,r2,rse_J
width,HalfCheetah-v5,gradient_updates,15,43891.025674186392,1.6482878585736733e-11,0.99379251985072969,494.58989653916041
width,HalfCheetah-v5,TOTAL_MEASURED_TRAINING,15,46156.217725257797,1.6742242382861739e-11,0.99402541957451951,492.92128449678302
width,Ant-v5,gradient_updates,15,44274.850153681444,1.6698023503385318e-11,0.98955662091483776,686.48944706587167
width,Ant-v5,TOTAL_MEASURED_TRAINING,15,48358.420285567438,1.6959222282813205e-11,0.98957000502054326,696.94940284245683
batch,HalfCheetah-v5,gradient_updates,15,53794.915380602579,7.6612189610993778e-12,0.9295830773475694,2477.1086265682529
batch,HalfCheetah-v5,TOTAL_MEASURED_TRAINING,15,56238.358729592706,7.7517230270971671e-12,0.9294432661758627,2509.047012727106
batch,Ant-v5,gradient_updates,15,53858.163742531178,8.3887954048939742e-12,0.96531860879718967,1999.7397432608373
batch,Ant-v5,TOTAL_MEASURED_TRAINING,15,58101.412212091724,8.4655872629664387e-12,0.96631321938830794,1987.8739561234281
UTD,HalfCheetah-v5,gradient_updates,15,-32.280551168353625,6.6214185715016164e-11,0.9998852543431469,833.29130358003681
UTD,HalfCheetah-v5,TOTAL_MEASURED_TRAINING,15,2429.3959355023053,6.6236030375905358e-11,0.99988143472157542,847.32801883255422
UTD,Ant-v5,gradient_updates,15,970.77499509759525,6.285729012238666e-11,0.99990999933571356,749.99611745519769
UTD,Ant-v5,TOTAL_MEASURED_TRAINING,15,5295.6696674918458,6.2844403069410239e-11,0.99989971018930746,791.54889944046874
