env,tag,seed,final_10pct_mean_return,max_return,n_train_episodes,env_steps,mean_episode_return_epoch10,mean_episode_return_epoch25,mean_episode_return_epoch50,mean_episode_return_epoch75,mean_episode_return_epoch100
HalfCheetah-v5,base,331,4536.173146160444,4630.1787584765207,100,100000,-101.01887552137512,2246.3218263061462,3525.245150858781,4338.4001480339639,4630.1787584765207
HalfCheetah-v5,base,958,5065.7715243236498,5268.4131835002763,100,100000,129.57491692910648,1587.074440576703,3364.1849653341487,4408.6254476405311,5268.4131835002763
HalfCheetah-v5,base,14577,5087.2543745128696,5529.4679217605981,100,100000,-141.27418490793949,465.66842113875464,3345.0357797931547,5529.4679217605981,4977.4879700024039
HalfCheetah-v5,base,43611,4473.1312447618629,4745.8879183344134,100,100000,388.54026828655401,2100.0845196980026,35.906150091986618,3982.9176174717368,4745.8879183344134
HalfCheetah-v5,base,85062,4318.7849885390133,4500.1833357897767,100,100000,499.2716366887135,2552.5359111226453,3182.2700222068088,3866.5262728117277,4394.692274815854
HalfCheetah-v5,utd2,331,4843.4035726624952,5204.3418794893369,100,100000,-224.68056678221006,1140.6120013459208,3766.6016042453193,4541.5941858060332,4965.9787081170516
HalfCheetah-v5,utd2,958,4219.9727622690698,4559.1348401325613,100,100000,292.18379487768868,1976.3730854715893,3040.5357735183734,3702.7704931076414,4559.1348401325613
HalfCheetah-v5,utd2,14577,4365.1948668744872,4678.3186975939825,100,100000,386.54357620097829,1536.8565930019233,3220.7406635640227,4038.8428642760327,4678.3186975939825
HalfCheetah-v5,utd2,43611,4347.0646869668835,4679.732361663685,100,100000,713.31653288621101,1727.3843872611128,2938.8106941818787,3583.0170861618449,4567.0934730595854
HalfCheetah-v5,utd2,85062,4631.5650064068386,4879.9596667132719,100,100000,349.45768870021629,2260.2976626796326,3540.7411464159081,4098.8078185144386,4879.9596667132719
HalfCheetah-v5,utd4,331,3611.6606224841971,4050.1642426091366,100,100000,384.86166313110903,1526.7490189346797,2572.0555091354558,3332.6287159013791,4050.1642426091366
HalfCheetah-v5,utd4,958,5051.4662178660556,5364.6316645764819,100,100000,59.342148827477466,1068.9551693393926,2749.0074245155338,4409.8877980048064,5216.4582033371607
HalfCheetah-v5,utd4,14577,4336.0532947928368,4619.7108519215344,100,100000,322.23849309832605,1544.4434655892665,2998.9362759274422,4080.9971075533826,4619.7108519215344
HalfCheetah-v5,utd4,43611,4287.2249099251658,4538.4347948563682,100,100000,410.26277078055398,1585.4949714223101,2504.0881666008991,3389.4267642286118,4538.4347948563682
HalfCheetah-v5,utd4,85062,3252.0779920784212,3710.6873412194609,100,100000,526.80301889150792,742.89519094628031,2316.2063279932927,3329.5617346715153,3651.5634671353409
HalfCheetah-v5,w256,331,4579.5640230743866,4865.340247353045,100,100000,-85.470320925493752,2194.0627545864299,3367.4032112865984,4315.0309696700551,4707.0093922974556
HalfCheetah-v5,w256,958,5166.4440501147783,5395.6900771092905,100,100000,14.221730216003152,2333.1382040530752,4190.2856567233575,4557.4828387361194,5380.1258960779824
HalfCheetah-v5,w256,14577,5307.2882478478641,5524.6960010189068,100,100000,-173.10025146023773,1674.4695741937894,3418.4907961416638,4909.9808855743331,5524.6960010189068
HalfCheetah-v5,w256,43611,5223.8827179032332,5309.6741846969162,100,100000,-58.621717389095444,1672.6146212992662,3520.7183703795986,4653.1130559554076,5166.9893583846588
HalfCheetah-v5,w256,85062,4146.5314271358429,4470.0916430214311,100,100000,-58.563726100218474,605.61313127144797,2437.7195652410883,2782.9554254414056,4358.7815256821623
HalfCheetah-v5,w512,331,4255.4414019863916,4530.3211707114706,100,100000,49.3535411391548,1616.4047017429857,2506.1808712636289,3614.4337729447311,4171.1686183155171
HalfCheetah-v5,w512,958,4994.2818826708917,5260.9045422415456,100,100000,80.378683494909495,1189.356475065804,931.72444569965978,4131.7494205052117,4895.2204249531105
HalfCheetah-v5,w512,14577,4388.6403652309382,4617.3710806451736,100,100000,54.14289344857719,2116.6477802367658,3069.5971652483204,3615.3220400787959,4617.3710806451736
HalfCheetah-v5,w512,43611,4279.0535242992328,4524.2993410089302,100,100000,642.08191383878273,1507.8046516639067,2568.6332388058004,3678.5937115214533,4524.2993410089302
HalfCheetah-v5,w512,85062,3900.3018260467425,4020.505304628537,100,100000,-130.04374926246248,1739.3199443245351,2989.4253438703522,3644.9581243925995,3891.7216737907888
HalfCheetah-v5,b512,331,3547.6907878648431,3909.5274527642214,100,100000,-23.751296851521836,533.18329691450197,1955.6924791889544,3161.0368347580693,3377.6015440071187
HalfCheetah-v5,b512,958,3737.7551166703975,3988.3627141447,100,100000,-62.233303720482063,1068.0306826413246,2907.7738067640912,3576.5087267166696,3713.4589933836428
HalfCheetah-v5,b512,14577,3856.5690634882949,4328.8036230854532,100,100000,-211.94719866466363,1000.5713580929354,3126.9655126033449,3767.616439762307,4283.2276901602836
HalfCheetah-v5,b512,43611,4616.5752089038842,4944.2641116077393,100,100000,484.98063106285991,1797.2756680039749,2915.7472076438903,2976.6696335516031,4944.2641116077393
HalfCheetah-v5,b512,85062,3335.7018182695438,3746.4304661557385,100,100000,117.47329061610807,1054.034782434645,2057.8391375666852,2715.4424030800119,3498.6147252034302
HalfCheetah-v5,b1024,331,3424.3434050703886,3896.544331474247,100,100000,-139.69021407856926,422.45911029388327,1192.5310005746551,2508.9644339746342,3896.544331474247
HalfCheetah-v5,b1024,958,2971.7254982230816,3246.7586378474111,100,100000,-35.986993947759927,530.93898073675075,834.22715200541552,2433.2985444686574,3246.7586378474111
HalfCheetah-v5,b1024,14577,2922.9891360923389,3507.3701116031834,100,100000,-112.24202256228338,941.33885286868065,-6.1314957965575445,3117.8421682040371,3002.0290557955368
HalfCheetah-v5,b1024,43611,2492.7928092132906,3152.86049586319,100,100000,192.72887521112563,612.46905830606988,1871.5151947712529,2844.4255726734764,3124.9061714210729
HalfCheetah-v5,b1024,85062,2791.1436830532207,3267.1951418080725,100,100000,253.78854729658531,793.14123753348122,1862.2064912563033,2570.7401125943888,3061.0721731476083
Ant-v5,base,331,171.44113802777701,544.17465210167381,269,100000,5.4321942192148986,-61.271613974280562,27.56629178434569,59.446411769754917,256.44864827812853
Ant-v5,base,958,130.56839227359148,467.30785942887093,271,100000,-15.778981296906492,25.521325183015836,27.92723914512516,81.718644896794871,169.45501189941325
Ant-v5,base,14577,186.61060196474941,535.57483315244076,245,100000,-24.591781369122543,-12.915694841499691,80.850890419417127,58.345411563457688,146.475988715922
Ant-v5,base,43611,160.18239483361819,630.15034233485551,234,100000,42.788645477616264,-20.146229347014938,-160.46094715167513,13.850442065962188,113.45094175499823
Ant-v5,base,85062,142.73388273483684,549.81806647352641,270,100000,21.501333074608365,-295.94390726575915,3.6969792111489221,135.67777059817098,89.409385070685644
Ant-v5,utd2,331,-154.88921799287979,87.752411009298157,319,100000,-198.73552605045768,-636.27329487569693,1.7293445255481394,-136.33491142082775,-28.761512286296693
Ant-v5,utd2,958,-154.91588297463031,110.90870169136427,288,100000,-395.55852062264916,-14.782436860918256,-79.646073577729695,-339.66915081972473,-359.86308047136185
Ant-v5,utd2,14577,-70.513333282728311,250.13620467854872,306,100000,-138.56101684441077,-537.64815653429025,-22.512360504932985,10.418965120440896,-208.05946521327903
Ant-v5,utd2,43611,-51.007631557264986,172.86566583567432,319,100000,-1.9323122803752379,-9.2213487213066792,-108.87176748253111,-8.82739751419569,107.5495064729586
Ant-v5,utd2,85062,-180.89711752580988,111.05958670369438,327,100000,-269.85645065661515,-127.32074943001479,-318.79935650984578,-618.366171193789,-238.78322705335506
Ant-v5,utd4,331,-235.79872887254325,27.298253817166888,375,100000,-209.06388100939512,-106.86767378486891,-42.345208648310269,-794.63844104610496,-459.01723769059765
Ant-v5,utd4,958,-98.357627987547872,70.071712387601181,433,100000,-567.97864102397409,-366.5592117283627,-356.86407239619649,-360.43305525410614,-134.8223200683876
Ant-v5,utd4,14577,-158.29749074603131,75.658476671079512,400,100000,-55.405729487724194,-85.152340923294659,-228.30168090351756,-795.97464371218075,-264.45806052756819
Ant-v5,utd4,43611,-340.1383952370204,34.138119383181191,423,100000,-59.876145933793737,-216.99036417761513,-200.81351286299437,-232.23059957797992,-958.59938902270483
Ant-v5,utd4,85062,-267.87688384413093,57.502731687114377,409,100000,-916.47804845828853,-830.80570901750639,-419.938896600524,-924.18742759454415,-879.27052999231103
Ant-v5,w256,331,491.23858495684448,986.16367058275273,216,100000,98.40845858885821,85.211408994831913,414.9540483908242,561.35818074957285,26.325453307082679
Ant-v5,w256,958,366.6903077316361,830.28868666510596,178,100000,68.24835356123387,176.241981457978,508.19942317936398,696.35964121284303,465.51413491685565
Ant-v5,w256,14577,499.01371956140247,1256.0128852744251,179,100000,249.83374267839173,300.43874926535869,207.93724117084562,321.1463341717847,359.87122539081042
Ant-v5,w256,43611,240.15427169019475,1099.3027993460923,189,100000,-3.7349832414084587,208.83973245907401,772.53868590365823,939.60560383768518,376.47569331356954
Ant-v5,w256,85062,445.65472031674244,1250.4822230825853,197,100000,21.26489693117075,219.76868579493461,185.37873282354826,461.92334663645289,257.96891341914312
Ant-v5,w512,331,222.20916451248635,607.15795512954003,278,100000,-37.058686726867741,-163.99305349360995,46.784008237072996,204.82087929993281,93.032249642215803
Ant-v5,w512,958,176.19203002257288,482.82611808147033,325,100000,-13.972463895836929,-220.70475593957178,-3.7295946960740491,221.11622860907752,258.74906114125656
Ant-v5,w512,14577,327.22346378302211,722.82919750873509,255,100000,-39.009448391266631,14.109485412051065,98.455394250518282,155.28902068153377,131.45085623453585
Ant-v5,w512,43611,279.55772636741642,682.85753629625822,264,100000,-71.532946293074843,26.014979003318281,276.14599257590896,102.38639967653154,682.85753629625822
Ant-v5,w512,85062,227.28060812307766,563.0217453474711,269,100000,-11.662863750884581,14.050000128580495,0.42341973057522764,268.35410513056769,177.74766868157568
Ant-v5,b512,331,-67.461436164690227,137.31259269425732,355,100000,-17.37961923671255,-371.52338630813028,24.772024378185005,-57.453573445336907,-249.52911939657534
Ant-v5,b512,958,-40.721401400976767,145.5446428539376,355,100000,-87.346376807418864,-61.797337205561121,-308.57244017773399,-235.20594037888861,-47.094298617982417
Ant-v5,b512,14577,-64.022911221102504,510.55448635853327,330,100000,-20.308669010415457,-335.50692379545853,-1.8221958033433079,-29.508090629759099,-309.0126940981753
Ant-v5,b512,43611,-23.486469034099411,224.00391737822099,328,100000,-67.662502905523539,-98.524849731409333,-187.57272391398237,12.088434120299889,19.76307344056713
Ant-v5,b512,85062,-74.423783465738296,116.20479893968081,355,100000,-45.327697645263747,-11.578131502549034,-555.41528309644434,-326.43789096906232,-52.741202154181259
Ant-v5,b1024,331,-102.59402639683174,86.254779050316387,439,100000,-155.32885197192107,-37.84164076314066,-48.859704031950905,-189.31108082403568,-56.894733760689554
Ant-v5,b1024,958,-113.0021726576535,77.209431430784548,400,100000,-20.163747696183407,-62.57435888624174,-111.99284352423078,-569.01559355178222,-425.96777832193749
Ant-v5,b1024,14577,-119.27201702486977,106.74115588031948,379,100000,-35.886164601228266,-16.737278146358761,-25.202313456775343,-560.20554791352322,-85.549941942638711
Ant-v5,b1024,43611,-100.59305698979946,77.285249860173948,430,100000,-188.11410367261439,-29.651407117991862,-58.265754700607808,-128.00321395502718,-228.11964892196258
Ant-v5,b1024,85062,-87.274661076218109,56.698791243043146,511,100000,-25.600150807595963,-8.6499781491706518,-72.042322587189432,-148.26829389498545,-42.801286304667052
