tag,env,seed,run_dir,timestamp,git_commit,torch_version,codecarbon_version,gpu_name,gpu_min_clock_mhz,gpu_max_clock_mhz,hidden_sizes,batch_size,utd,warmup_steps,train_steps,steps_per_epoch
base,HalfCheetah-v5,331,results/sac/HalfCheetah-v5/seed_331/20260907_121335,20260907_121335,f23f448480ecdf1dd6dc552b45f9194b2602bc11,2.13.0+cu130,3.3.0,NVIDIA GeForce RTX 5090,2000,2000,1024x1024,256,1,5000,100000,1000
base,HalfCheetah-v5,958,results/sac/HalfCheetah-v5/seed_958/20260907_123149,20260907_123149,f23f448480ecdf1dd6dc552b45f9194b2602bc11,2.13.0+cu130,3.3.0,NVIDIA GeForce RTX 5090,2000,2000,1024x1024,256,1,5000,100000,1000
base,HalfCheetah-v5,14577,results/sac/HalfCheetah-v5/seed_14577/20260907_124434,20260907_124434,f23f448480ecdf1dd6dc552b45f9194b2602bc11,2.13.0+cu130,3.3.0,NVIDIA GeForce RTX 5090,2000,2000,1024x1024,256,1,5000,100000,1000
base,HalfCheetah-v5,43611,results/sac/HalfCheetah-v5/seed_43611/20260907_125849,20260907_125849,f23f448480ecdf1dd6dc552b45f9194b2602bc11,2.13.0+cu130,3.3.0,NVIDIA GeForce RTX 5090,2000,2000,1024x1024,256,1,5000,100000,1000
base,HalfCheetah-v5,85062,results/sac/HalfCheetah-v5/seed_85062/20260907_131709,20260907_131709,f23f448480ecdf1dd6dc552b45f9194b2602bc11,2.13.0+cu130,3.3.0,NVIDIA GeForce RTX 5090,2000,2000,1024x1024,256,1,5000,100000,1000
utd2,HalfCheetah-v5,331,results/sac/HalfCheetah-v5/seed_331/20260908_122254,20260908_122254,ecb98bbba4e2c648a08d6e7aada30b9ba0d168c2,2.13.0+cu130,3.3.0,NVIDIA GeForce RTX 5090,2000,2000,1024x1024,256,2,5000,100000,1000
utd2,HalfCheetah-v5,958,results/sac/HalfCheetah-v5/seed_958/20260908_124038,20260908_124038,ecb98bbba4e2c648a08d6e7aada30b9ba0d168c2,2.13.0+cu130,3.3.0,NVIDIA GeForce RTX 5090,2000,2000,1024x1024,256,2,5000,100000,1000
utd2,HalfCheetah-v5,14577,results/sac/HalfCheetah-v5/seed_14577/20260908_125827,20260908_125827,ecb98bbba4e2c648a08d6e7aada30b9ba0d168c2,2.13.0+cu130,3.3.0,NVIDIA GeForce RTX 5090,2000,2000,1024x1024,256,2,5000,100000,1000
utd2,HalfCheetah-v5,43611,results/sac/HalfCheetah-v5/seed_43611/20260908_131601,20260908_131601,ecb98bbba4e2c648a08d6e7aada30b9ba0d168c2,2.13.0+cu130,3.3.0,NVIDIA GeForce RTX 5090,2000,2000,1024x1024,256,2,5000,100000,1000
utd2,HalfCheetah-v5,85062,results/sac/HalfCheetah-v5/seed_85062/20260908_133331,20260908_133331,ecb98bbba4e2c648a08d6e7aada30b9ba0d168c2,2.13.0+cu130,3.3.0,NVIDIA GeForce RTX 5090,2000,2000,1024x1024,256,2,5000,100000,1000
utd4,HalfCheetah-v5,331,results/sac/HalfCheetah-v5/seed_331/20260908_135102,20260908_135102,ecb98bbba4e2c648a08d6e7aada30b9ba0d168c2,2.13.0+cu130,3.3.0,NVIDIA GeForce RTX 5090,2000,2000,1024x1024,256,4,5000,100000,1000
utd4,HalfCheetah-v5,958,results/sac/HalfCheetah-v5/seed_958/20260908_142203,20260908_142203,ecb98bbba4e2c648a08d6e7aada30b9ba0d168c2,2.13.0+cu130,3.3.0,NVIDIA GeForce RTX 5090,2000,2000,1024x1024,256,4,5000,100000,1000
utd4,HalfCheetah-v5,14577,results/sac/HalfCheetah-v5/seed_14577/20260908_145328,20260908_145328,ecb98bbba4e2c648a08d6e7aada30b9ba0d168c2,2.13.0+cu130,3.3.0,NVIDIA GeForce RTX 5090,2000,2000,1024x1024,256,4,5000,100000,1000
utd4,HalfCheetah-v5,43611,results/sac/HalfCheetah-v5/seed_43611/20260908_152438,20260908_152438,ecb98bbba4e2c648a08d6e7aada30b9ba0d168c2,2.13.0+cu130,3.3.0,NVIDIA GeForce RTX 5090,2000,2000,1024x1024,256,4,5000,100000,1000
utd4,HalfCheetah-v5,85062,results/sac/HalfCheetah-v5/seed_85062/20260908_155540,20260908_155540,ecb98bbba4e2c648a08d6e7aada30b9ba0d168c2,2.13.0+cu130,3.3.0,NVIDIA GeForce RTX 5090,2000,2000,1024x1024,256,4,5000,100000,1000
w256,HalfCheetah-v5,331,results/sac/HalfCheetah-v5/seed_331/20260912_191506,20260912_191506,7e672ef12c53bf4c201241c549527a7ef8bd4bff,2.13.0+cu130,3.3.0,NVIDIA GeForce RTX 5090,2000,2000,256x256,256,1,5000,100000,1000
w256,HalfCheetah-v5,958,results/sac/HalfCheetah-v5/seed_958/20260912_192550,20260912_192550,7e672ef12c53bf4c201241c549527a7ef8bd4bff,2.13.0+cu130,3.3.0,NVIDIA GeForce RTX 5090,2000,2000,256x256,256,1,5000,100000,1000
w256,HalfCheetah-v5,14577,results/sac/HalfCheetah-v5/seed_14577/20260912_193634,20260912_193634,7e672ef12c53bf4c201241c549527a7ef8bd4bff,2.13.0+cu130,3.3.0,NVIDIA GeForce RTX 5090,2000,2000,256x256,256,1,5000,100000,1000
w256,HalfCheetah-v5,43611,results/sac/HalfCheetah-v5/seed_43611/20260912_194713,20260912_194713,7e672ef12c53bf4c201241c549527a7ef8bd4bff,2.13.0+cu130,3.3.0,NVIDIA GeForce RTX 5090,2000,2000,256x256,256,1,5000,100000,1000
w256,HalfCheetah-v5,85062,results/sac/HalfCheetah-v5/seed_85062/20260912_195757,20260912_195757,7e672ef12c53bf4c201241c549527a7ef8bd4bff,2.13.0+cu130,3.3.0,NVIDIA GeForce RTX 5090,2000,2000,256x256,256,1,5000,100000,1000
w512,HalfCheetah-v5,331,results/sac/HalfCheetah-v5/seed_331/20260912_200837,20260912_200837,7e672ef12c53bf4c201241c549527a7ef8bd4bff,2.13.0+cu130,3.3.0,NVIDIA GeForce RTX 5090,2000,2000,512x512,256,1,5000,100000,1000
w512,HalfCheetah-v5,958,results/sac/HalfCheetah-v5/seed_958/20260912_201926,20260912_201926,7e672ef12c53bf4c201241c549527a7ef8bd4bff,2.13.0+cu130,3.3.0,NVIDIA GeForce RTX 5090,2000,2000,512x512,256,1,5000,100000,1000
w512,HalfCheetah-v5,14577,results/sac/HalfCheetah-v5/seed_14577/20260912_203006,20260912_203006,7e672ef12c53bf4c201241c549527a7ef8bd4bff,2.13.0+cu130,3.3.0,NVIDIA GeForce RTX 5090,2000,2000,512x512,256,1,5000,100000,1000
w512,HalfCheetah-v5,43611,results/sac/HalfCheetah-v5/seed_43611/20260912_204101,20260912_204101,7e672ef12c53bf4c201241c549527a7ef8bd4bff,2.13.0+cu130,3.3.0,NVIDIA GeForce RTX 5090,2000,2000,512x512,256,1,5000,100000,1000
w512,HalfCheetah-v5,85062,results/sac/HalfCheetah-v5/seed_85062/20260912_205145,20260912_205145,7e672ef12c53bf4c201241c549527a7ef8bd4bff,2.13.0+cu130,3.3.0,NVIDIA GeForce RTX 5090,2000,2000,512x512,256,1,5000,100000,1000
b512,HalfCheetah-v5,331,results/sac/HalfCheetah-v5/seed_331/20260915_123859,20260915_123859,9b4b44cd2f53f78518b07ae6be3ff44eebfdfa10,2.13.0+cu130,3.3.0,NVIDIA GeForce RTX 5090,2000,2000,1024x1024,512,1,5000,100000,1000
b512,HalfCheetah-v5,958,results/sac/HalfCheetah-v5/seed_958/20260915_125002,20260915_125002,9b4b44cd2f53f78518b07ae6be3ff44eebfdfa10,2.13.0+cu130,3.3.0,NVIDIA GeForce RTX 5090,2000,2000,1024x1024,512,1,5000,100000,1000
b512,HalfCheetah-v5,14577,results/sac/HalfCheetah-v5/seed_14577/20260915_130117,20260915_130117,9b4b44cd2f53f78518b07ae6be3ff44eebfdfa10,2.13.0+cu130,3.3.0,NVIDIA GeForce RTX 5090,2000,2000,1024x1024,512,1,5000,100000,1000
b512,HalfCheetah-v5,43611,results/sac/HalfCheetah-v5/seed_43611/20260915_131229,20260915_131229,9b4b44cd2f53f78518b07ae6be3ff44eebfdfa10,2.13.0+cu130,3.3.0,NVIDIA GeForce RTX 5090,2000,2000,1024x1024,512,1,5000,100000,1000
b512,HalfCheetah-v5,85062,results/sac/HalfCheetah-v5/seed_85062/20260915_132326,20260915_132326,9b4b44cd2f53f78518b07ae6be3ff44eebfdfa10,2.13.0+cu130,3.3.0,NVIDIA GeForce RTX 5090,2000,2000,1024x1024,512,1,5000,100000,1000
b1024,HalfCheetah-v5,331,results/sac/HalfCheetah-v5/seed_331/20260915_133428,20260915_133428,9b4b44cd2f53f78518b07ae6be3ff44eebfdfa10,2.13.0+cu130,3.3.0,NVIDIA GeForce RTX 5090,2000,2000,1024x1024,1024,1,5000,100000,1000
b1024,HalfCheetah-v5,958,results/sac/HalfCheetah-v5/seed_958/20260915_134531,20260915_134531,9b4b44cd2f53f78518b07ae6be3ff44eebfdfa10,2.13.0+cu130,3.3.0,NVIDIA GeForce RTX 5090,2000,2000,1024x1024,1024,1,5000,100000,1000
b1024,HalfCheetah-v5,14577,results/sac/HalfCheetah-v5/seed_14577/20260915_135641,20260915_135641,9b4b44cd2f53f78518b07ae6be3ff44eebfdfa10,2.13.0+cu130,3.3.0,NVIDIA GeForce RTX 5090,2000,2000,1024x1024,1024,1,5000,100000,1000
b1024,HalfCheetah-v5,43611,results/sac/HalfCheetah-v5/seed_43611/20260915_140749,20260915_140749,9b4b44cd2f53f78518b07ae6be3ff44eebfdfa10,2.13.0+cu130,3.3.0,NVIDIA GeForce RTX 5090,2000,2000,1024x1024,1024,1,5000,100000,1000
b1024,HalfCheetah-v5,85062,results/sac/HalfCheetah-v5/seed_85062/20260915_141900,20260915_141900,9b4b44cd2f53f78518b07ae6be3ff44eebfdfa10,2.13.0+cu130,3.3.0,NVIDIA GeForce RTX 5090,2000,2000,1024x1024,1024,1,5000,100000,1000
base,Ant-v5,331,results/sac/Ant-v5/seed_331/20260907_132907,20260907_132907,f23f448480ecdf1dd6dc552b45f9194b2602bc11,2.13.0+cu130,3.3.0,NVIDIA GeForce RTX 5090,2000,2000,1024x1024,256,1,5000,100000,1000
base,Ant-v5,958,results/sac/Ant-v5/seed_958/20260907_134651,20260907_134651,f23f448480ecdf1dd6dc552b45f9194b2602bc11,2.13.0+cu130,3.3.0,NVIDIA GeForce RTX 5090,2000,2000,1024x1024,256,1,5000,100000,1000
base,Ant-v5,14577,results/sac/Ant-v5/seed_14577/20260907_135857,20260907_135857,f23f448480ecdf1dd6dc552b45f9194b2602bc11,2.13.0+cu130,3.3.0,NVIDIA GeForce RTX 5090,2000,2000,1024x1024,256,1,5000,100000,1000
base,Ant-v5,43611,results/sac/Ant-v5/seed_43611/20260908_115230,20260908_115230,92dcee0763ed54c13fa816cc364055fa68c958af,2.13.0+cu130,3.3.0,NVIDIA GeForce RTX 5090,2000,2000,1024x1024,256,1,5000,100000,1000
base,Ant-v5,85062,results/sac/Ant-v5/seed_85062/20260908_120632,20260908_120632,92dcee0763ed54c13fa816cc364055fa68c958af,2.13.0+cu130,3.3.0,NVIDIA GeForce RTX 5090,2000,2000,1024x1024,256,1,5000,100000,1000
utd2,Ant-v5,331,results/sac/Ant-v5/seed_331/20260909_134544,20260909_134544,aa9186b0e59e60ecd5287c1e1b52b572591a7b7b,2.13.0+cu130,3.3.0,NVIDIA GeForce RTX 5090,2000,2000,1024x1024,256,2,5000,100000,1000
utd2,Ant-v5,958,results/sac/Ant-v5/seed_958/20260909_140343,20260909_140343,aa9186b0e59e60ecd5287c1e1b52b572591a7b7b,2.13.0+cu130,3.3.0,NVIDIA GeForce RTX 5090,2000,2000,1024x1024,256,2,5000,100000,1000
utd2,Ant-v5,14577,results/sac/Ant-v5/seed_14577/20260909_142204,20260909_142204,aa9186b0e59e60ecd5287c1e1b52b572591a7b7b,2.13.0+cu130,3.3.0,NVIDIA GeForce RTX 5090,2000,2000,1024x1024,256,2,5000,100000,1000
utd2,Ant-v5,43611,results/sac/Ant-v5/seed_43611/20260909_144006,20260909_144006,aa9186b0e59e60ecd5287c1e1b52b572591a7b7b,2.13.0+cu130,3.3.0,NVIDIA GeForce RTX 5090,2000,2000,1024x1024,256,2,5000,100000,1000
utd2,Ant-v5,85062,results/sac/Ant-v5/seed_85062/20260909_145811,20260909_145811,aa9186b0e59e60ecd5287c1e1b52b572591a7b7b,2.13.0+cu130,3.3.0,NVIDIA GeForce RTX 5090,2000,2000,1024x1024,256,2,5000,100000,1000
utd4,Ant-v5,331,results/sac/Ant-v5/seed_331/20260909_151617,20260909_151617,aa9186b0e59e60ecd5287c1e1b52b572591a7b7b,2.13.0+cu130,3.3.0,NVIDIA GeForce RTX 5090,2000,2000,1024x1024,256,4,5000,100000,1000
utd4,Ant-v5,958,results/sac/Ant-v5/seed_958/20260909_154755,20260909_154755,aa9186b0e59e60ecd5287c1e1b52b572591a7b7b,2.13.0+cu130,3.3.0,NVIDIA GeForce RTX 5090,2000,2000,1024x1024,256,4,5000,100000,1000
utd4,Ant-v5,14577,results/sac/Ant-v5/seed_14577/20260909_161955,20260909_161955,aa9186b0e59e60ecd5287c1e1b52b572591a7b7b,2.13.0+cu130,3.3.0,NVIDIA GeForce RTX 5090,2000,2000,1024x1024,256,4,5000,100000,1000
utd4,Ant-v5,43611,results/sac/Ant-v5/seed_43611/20260909_165139,20260909_165139,aa9186b0e59e60ecd5287c1e1b52b572591a7b7b,2.13.0+cu130,3.3.0,NVIDIA GeForce RTX 5090,2000,2000,1024x1024,256,4,5000,100000,1000
utd4,Ant-v5,85062,results/sac/Ant-v5/seed_85062/20260909_172327,20260909_172327,aa9186b0e59e60ecd5287c1e1b52b572591a7b7b,2.13.0+cu130,3.3.0,NVIDIA GeForce RTX 5090,2000,2000,1024x1024,256,4,5000,100000,1000
w256,Ant-v5,331,results/sac/Ant-v5/seed_331/20260912_210231,20260912_210231,7e672ef12c53bf4c201241c549527a7ef8bd4bff,2.13.0+cu130,3.3.0,NVIDIA GeForce RTX 5090,2000,2000,256x256,256,1,5000,100000,1000
w256,Ant-v5,958,results/sac/Ant-v5/seed_958/20260912_211334,20260912_211334,7e672ef12c53bf4c201241c549527a7ef8bd4bff,2.13.0+cu130,3.3.0,NVIDIA GeForce RTX 5090,2000,2000,256x256,256,1,5000,100000,1000
w256,Ant-v5,14577,results/sac/Ant-v5/seed_14577/20260912_212440,20260912_212440,7e672ef12c53bf4c201241c549527a7ef8bd4bff,2.13.0+cu130,3.3.0,NVIDIA GeForce RTX 5090,2000,2000,256x256,256,1,5000,100000,1000
w256,Ant-v5,43611,results/sac/Ant-v5/seed_43611/20260912_213540,20260912_213540,7e672ef12c53bf4c201241c549527a7ef8bd4bff,2.13.0+cu130,3.3.0,NVIDIA GeForce RTX 5090,2000,2000,256x256,256,1,5000,100000,1000
w256,Ant-v5,85062,results/sac/Ant-v5/seed_85062/20260912_214655,20260912_214655,7e672ef12c53bf4c201241c549527a7ef8bd4bff,2.13.0+cu130,3.3.0,NVIDIA GeForce RTX 5090,2000,2000,256x256,256,1,5000,100000,1000
w512,Ant-v5,331,results/sac/Ant-v5/seed_331/20260912_215758,20260912_215758,7e672ef12c53bf4c201241c549527a7ef8bd4bff,2.13.0+cu130,3.3.0,NVIDIA GeForce RTX 5090,2000,2000,512x512,256,1,5000,100000,1000
w512,Ant-v5,958,results/sac/Ant-v5/seed_958/20260912_220900,20260912_220900,7e672ef12c53bf4c201241c549527a7ef8bd4bff,2.13.0+cu130,3.3.0,NVIDIA GeForce RTX 5090,2000,2000,512x512,256,1,5000,100000,1000
w512,Ant-v5,14577,results/sac/Ant-v5/seed_14577/20260912_222003,20260912_222003,7e672ef12c53bf4c201241c549527a7ef8bd4bff,2.13.0+cu130,3.3.0,NVIDIA GeForce RTX 5090,2000,2000,512x512,256,1,5000,100000,1000
w512,Ant-v5,43611,results/sac/Ant-v5/seed_43611/20260912_223103,20260912_223103,7e672ef12c53bf4c201241c549527a7ef8bd4bff,2.13.0+cu130,3.3.0,NVIDIA GeForce RTX 5090,2000,2000,512x512,256,1,5000,100000,1000
w512,Ant-v5,85062,results/sac/Ant-v5/seed_85062/20260912_224212,20260912_224212,7e672ef12c53bf4c201241c549527a7ef8bd4bff,2.13.0+cu130,3.3.0,NVIDIA GeForce RTX 5090,2000,2000,512x512,256,1,5000,100000,1000
b512,Ant-v5,331,results/sac/Ant-v5/seed_331/20260917_121044,20260917_121044,788ffcd841101338cccd395b9afe6773eb381bfb,2.13.0+cu130,3.3.0,NVIDIA GeForce RTX 5090,2000,2000,1024x1024,512,1,5000,100000,1000
b512,Ant-v5,958,results/sac/Ant-v5/seed_958/20260917_122208,20260917_122208,788ffcd841101338cccd395b9afe6773eb381bfb,2.13.0+cu130,3.3.0,NVIDIA GeForce RTX 5090,2000,2000,1024x1024,512,1,5000,100000,1000
b512,Ant-v5,14577,results/sac/Ant-v5/seed_14577/20260917_123339,20260917_123339,788ffcd841101338cccd395b9afe6773eb381bfb,2.13.0+cu130,3.3.0,NVIDIA GeForce RTX 5090,2000,2000,1024x1024,512,1,5000,100000,1000
b512,Ant-v5,43611,results/sac/Ant-v5/seed_43611/20260917_124502,20260917_124502,788ffcd841101338cccd395b9afe6773eb381bfb,2.13.0+cu130,3.3.0,NVIDIA GeForce RTX 5090,2000,2000,1024x1024,512,1,5000,100000,1000
b512,Ant-v5,85062,results/sac/Ant-v5/seed_85062/20260917_125627,20260917_125627,788ffcd841101338cccd395b9afe6773eb381bfb,2.13.0+cu130,3.3.0,NVIDIA GeForce RTX 5090,2000,2000,1024x1024,512,1,5000,100000,1000
b1024,Ant-v5,331,results/sac/Ant-v5/seed_331/20260917_130759,20260917_130759,788ffcd841101338cccd395b9afe6773eb381bfb,2.13.0+cu130,3.3.0,NVIDIA GeForce RTX 5090,2000,2000,1024x1024,1024,1,5000,100000,1000
b1024,Ant-v5,958,results/sac/Ant-v5/seed_958/20260917_131934,20260917_131934,788ffcd841101338cccd395b9afe6773eb381bfb,2.13.0+cu130,3.3.0,NVIDIA GeForce RTX 5090,2000,2000,1024x1024,1024,1,5000,100000,1000
b1024,Ant-v5,14577,results/sac/Ant-v5/seed_14577/20260917_133115,20260917_133115,788ffcd841101338cccd395b9afe6773eb381bfb,2.13.0+cu130,3.3.0,NVIDIA GeForce RTX 5090,2000,2000,1024x1024,1024,1,5000,100000,1000
b1024,Ant-v5,43611,results/sac/Ant-v5/seed_43611/20260917_134310,20260917_134310,788ffcd841101338cccd395b9afe6773eb381bfb,2.13.0+cu130,3.3.0,NVIDIA GeForce RTX 5090,2000,2000,1024x1024,1024,1,5000,100000,1000
b1024,Ant-v5,85062,results/sac/Ant-v5/seed_85062/20260917_135500,20260917_135500,788ffcd841101338cccd395b9afe6773eb381bfb,2.13.0+cu130,3.3.0,NVIDIA GeForce RTX 5090,2000,2000,1024x1024,1024,1,5000,100000,1000
