tag,env,seed,run_dir,total_energy_j,total_duration_s,total_mean_power_w,rollout_energy_j,gradient_updates_energy_j,rollout_duration_s,gradient_updates_duration_s
base,HalfCheetah-v5,331,results/sac/HalfCheetah-v5/seed_331/20260907_121335,60921.724007325844,425.67604962299959,143.11757511676129,2478.0949398667426,58443.6290674591,20.244417399000213,405.43163222399937
base,HalfCheetah-v5,958,results/sac/HalfCheetah-v5/seed_958/20260907_123149,61062.581154483894,427.09811276600044,142.9708521984011,2493.3078930641168,58569.273261419781,20.422890810999888,406.67522195500055
base,HalfCheetah-v5,14577,results/sac/HalfCheetah-v5/seed_14577/20260907_124434,61136.846530031631,427.10764938100192,143.14153965314358,2481.2275338782074,58655.618996153426,20.48434317300007,406.62330620800185
base,HalfCheetah-v5,43611,results/sac/HalfCheetah-v5/seed_43611/20260907_125849,60483.631116136065,421.57198686899892,143.47165608736475,2472.1432232903444,58011.487892845718,20.313867903996652,401.25811896500227
base,HalfCheetah-v5,85062,results/sac/HalfCheetah-v5/seed_85062/20260907_131709,60950.343193060849,425.26024740799585,143.32480772552654,2553.7449953576811,58396.59819770317,20.92171352600235,404.3385338819935
utd2,HalfCheetah-v5,331,results/sac/HalfCheetah-v5/seed_331/20260908_122254,118695.09567078439,826.61670514499974,143.59145530450374,2483.837266240751,116211.25840454364,20.299521222002568,806.31718392299717
utd2,HalfCheetah-v5,958,results/sac/HalfCheetah-v5/seed_958/20260908_124038,118565.56362076792,832.35233603299912,142.44636374285051,2558.4980904275981,116007.06553034032,21.016522804002307,811.33581322899681
utd2,HalfCheetah-v5,14577,results/sac/HalfCheetah-v5/seed_14577/20260908_125827,117830.51710713554,826.51692284699857,142.56273991494285,2494.803903660405,115335.71320347514,20.154608052995172,806.3623147940034
utd2,HalfCheetah-v5,43611,results/sac/HalfCheetah-v5/seed_43611/20260908_131601,117156.59871717762,817.97290737200547,143.22796960791763,2514.3734378829599,114642.22527929467,20.226466665004409,797.74644070700106
utd2,HalfCheetah-v5,85062,results/sac/HalfCheetah-v5/seed_85062/20260908_133331,117874.27278311377,824.33282898299512,142.99354415926746,2515.4285279750738,115358.8442551387,20.273110753998481,804.05971822899664
utd4,HalfCheetah-v5,331,results/sac/HalfCheetah-v5/seed_331/20260908_135102,233381.45032089061,1634.3897784670062,142.79424247243722,2498.5984059956718,230882.85191489494,20.284507063001001,1614.1052714040052
utd4,HalfCheetah-v5,958,results/sac/HalfCheetah-v5/seed_958/20260908_142203,236247.19626636014,1658.0240261419931,142.4871971343363,2619.2515578852685,233627.94470847488,21.089353381992623,1636.9346727600005
utd4,HalfCheetah-v5,14577,results/sac/HalfCheetah-v5/seed_14577/20260908_145328,234837.32820453498,1642.8446211230093,142.94555016651896,2539.2688225787379,232298.05938195623,20.148601933002283,1622.6960191900071
utd4,HalfCheetah-v5,43611,results/sac/HalfCheetah-v5/seed_43611/20260908_152438,234593.40929573891,1634.7830180209967,143.50125167052957,2580.707517645139,232012.70177809376,20.676052985994829,1614.1069650350018
utd4,HalfCheetah-v5,85062,results/sac/HalfCheetah-v5/seed_85062/20260908_155540,235736.11554461761,1635.7261747440043,144.11710174015585,2526.546312398852,233209.56923221875,20.269971668010839,1615.4562030759935
w256,HalfCheetah-v5,331,results/sac/HalfCheetah-v5/seed_331/20260912_191506,47410.622666841133,416.70954336500336,113.77378661403327,2248.5065319932683,45162.116134847864,19.602601758001128,397.10694160700223
w256,HalfCheetah-v5,958,results/sac/HalfCheetah-v5/seed_958/20260912_192550,47655.924359376695,417.05225866399769,114.26847204242374,2293.103814545344,45362.820544831353,19.690797453999039,397.36146120999865
w256,HalfCheetah-v5,14577,results/sac/HalfCheetah-v5/seed_14577/20260912_193634,46855.564706047182,412.31219257200019,113.64098746089108,2271.3531294317504,44584.211576615431,19.686854680000124,392.62533789200006
w256,HalfCheetah-v5,43611,results/sac/HalfCheetah-v5/seed_43611/20260912_194713,48021.847312855949,417.18375356900287,115.10958157413735,2279.483569217517,45742.363743638431,19.675749457004713,397.50800411199816
w256,HalfCheetah-v5,85062,results/sac/HalfCheetah-v5/seed_85062/20260912_195757,47095.67884243821,412.6856198180003,114.11999008641982,2299.7413944824907,44795.937447955723,19.847149476003324,392.83847034199698
w512,HalfCheetah-v5,331,results/sac/HalfCheetah-v5/seed_331/20260912_200837,50138.197706786443,422.28614155800369,118.73038864549061,2320.5258962265962,47817.671810559848,19.829313304004245,402.45682825399945
w512,HalfCheetah-v5,958,results/sac/HalfCheetah-v5/seed_958/20260912_201926,49116.823322494085,412.93140800299898,118.94668792580042,2321.809516873569,46795.013805620518,19.776644842006135,393.15476316099284
w512,HalfCheetah-v5,14577,results/sac/HalfCheetah-v5/seed_14577/20260912_203006,49995.091498820009,422.57284225198964,118.31117975396728,2328.6215957069139,47666.469903113095,19.708392648994959,402.86444960299468
w512,HalfCheetah-v5,43611,results/sac/HalfCheetah-v5/seed_43611/20260912_204101,49526.882357108545,417.49032595400058,118.63001195042172,2319.325738629253,47207.556618479292,19.534634076996554,397.95569187700403
w512,HalfCheetah-v5,85062,results/sac/HalfCheetah-v5/seed_85062/20260912_205145,48992.922793641243,409.46844201599379,119.65005789561576,2343.4473163515768,46649.475477289663,19.689648728995962,389.77879328699782
b512,HalfCheetah-v5,331,results/sac/HalfCheetah-v5/seed_331/20260915_123859,72964.524290493515,435.4753020311764,167.55146376882212,2633.6837600040876,70330.840530489426,20.132265557040228,415.34303647413617
b512,HalfCheetah-v5,958,results/sac/HalfCheetah-v5/seed_958/20260915_125002,73428.15572742201,443.06966707878746,165.72598212724159,2629.7734546551942,70798.382272766816,20.374982679859386,422.69468439892808
b512,HalfCheetah-v5,14577,results/sac/HalfCheetah-v5/seed_14577/20260915_130117,73649.141412724595,444.49701166895102,165.69097087108523,2605.7493279051537,71043.392084819439,20.1727377139905,424.32427395496052
b512,HalfCheetah-v5,43611,results/sac/HalfCheetah-v5/seed_43611/20260915_131229,72391.684463311569,430.4777573539759,168.16591154043039,2661.0005563312807,69730.683906980295,20.282059642951936,410.19569771102397
b512,HalfCheetah-v5,85062,results/sac/HalfCheetah-v5/seed_85062/20260915_132326,72686.347278272908,434.76608155496069,167.18495384531118,2704.7609669946264,69981.586311278283,21.161866491049295,413.6042150639114
b1024,HalfCheetah-v5,331,results/sac/HalfCheetah-v5/seed_331/20260915_133428,82038.090412387101,435.93712532207428,188.18789602233721,2711.3300048734436,79326.760407513662,20.24689689205843,415.69022843001585
b1024,HalfCheetah-v5,958,results/sac/HalfCheetah-v5/seed_958/20260915_134531,82782.353529621119,443.4937770570541,186.65956054434429,2779.7552770424172,80002.598252578697,20.600751552992733,422.89302550406137
b1024,HalfCheetah-v5,14577,results/sac/HalfCheetah-v5/seed_14577/20260915_135641,82536.696244758903,441.44899410994549,186.96768447999375,2716.7641465896286,79819.932098169273,20.300229894026415,421.14876421591907
b1024,HalfCheetah-v5,43611,results/sac/HalfCheetah-v5/seed_43611/20260915_140749,82960.082125258094,444.00455299207533,186.84511581289749,2777.3110492572137,80182.771076000878,21.046758303054958,422.95779468902037
b1024,HalfCheetah-v5,85062,results/sac/HalfCheetah-v5/seed_85062/20260915_141900,81512.578634565405,430.1337533800106,189.50518994158412,2755.6943373572394,78756.884297208162,20.211046873024316,409.92270650698629
base,Ant-v5,331,results/sac/Ant-v5/seed_331/20260907_132907,64817.406826069797,451.69604875599362,143.49783887767455,4330.4965582896457,60486.910267780149,35.761788905993853,415.93425984999976
base,Ant-v5,958,results/sac/Ant-v5/seed_958/20260907_134651,64343.574496078261,449.30402441399565,143.20720714664932,4336.4597615926214,60007.114734485636,36.123444647996621,413.18057976599903
base,Ant-v5,14577,results/sac/Ant-v5/seed_14577/20260907_135857,63441.379737456271,444.1574789160004,142.83532924468525,4265.6301881540121,59175.749549302258,35.646293151004102,408.5111857649963
base,Ant-v5,43611,results/sac/Ant-v5/seed_43611/20260908_115230,64373.540547033896,451.00592446900305,142.73324817811388,4321.5378325515258,60052.002714482369,36.053705630999957,414.95221883800309
base,Ant-v5,85062,results/sac/Ant-v5/seed_85062/20260908_120632,64937.296891604172,449.38361620499791,144.50303604744983,4406.4388496464517,60530.858041957719,36.36385489499753,413.01976131000038
utd2,Ant-v5,331,results/sac/Ant-v5/seed_331/20260909_134544,123065.2023013736,851.87086576195725,144.4646216317044,4317.1375861748857,118748.06471519872,36.124538034870056,815.74632772708719
utd2,Ant-v5,958,results/sac/Ant-v5/seed_958/20260909_140343,124244.19511668,868.40756397398945,143.07129540433317,4385.3112991582802,119858.88381752172,36.975299878948135,831.43226409504132
utd2,Ant-v5,14577,results/sac/Ant-v5/seed_14577/20260909_142204,122197.89274338294,849.70776552494499,143.81166996619092,4212.3398022488655,117985.55294113407,35.924247891991399,813.78351763295359
utd2,Ant-v5,43611,results/sac/Ant-v5/seed_43611/20260909_144006,123223.98168465884,857.30572783894604,143.73400023265418,4347.0917117221843,118876.88997293665,36.266813896989333,821.03891394195671
utd2,Ant-v5,85062,results/sac/Ant-v5/seed_85062/20260909_145811,123181.15308938624,858.31728067604126,143.51470704675125,4280.9603994283098,118900.19268995793,35.885574206942692,822.43170646909857
utd4,Ant-v5,331,results/sac/Ant-v5/seed_331/20260909_151617,240421.33439825205,1670.6819129509822,143.90610955594036,4284.0691052015891,236137.26529305047,36.212561594002182,1634.46935135698
utd4,Ant-v5,958,results/sac/Ant-v5/seed_958/20260909_154755,242920.07991014558,1692.9387352159538,143.49017767566073,4359.6041333685916,238560.47577677699,36.837814519996755,1656.100920695957
utd4,Ant-v5,14577,results/sac/Ant-v5/seed_14577/20260909_161955,241362.94385375109,1675.8996807289368,144.01992352475995,4219.1467423197882,237143.79711143131,36.484979785003816,1639.414700943933
utd4,Ant-v5,43611,results/sac/Ant-v5/seed_43611/20260909_165139,241644.00469003254,1680.5367366590363,143.78977824098567,4336.0631090519264,237307.94158098061,36.309075600060169,1644.2276610589761
utd4,Ant-v5,85062,results/sac/Ant-v5/seed_85062/20260909_172327,240286.3947934451,1671.7911923230713,143.72990831441712,4268.7697538947123,236017.62503955039,36.5060586079926,1635.2851337150787
w256,Ant-v5,331,results/sac/Ant-v5/seed_331/20260912_210231,49614.517007637398,435.6383517330014,113.88923130910582,4045.9236752850175,45568.593332352379,35.227303694999136,400.41104803800226
w256,Ant-v5,958,results/sac/Ant-v5/seed_958/20260912_211334,50264.853973310404,437.98461326900542,114.76397218191379,4126.0399971391143,46138.813976171288,35.147011421995558,402.83760184700986
w256,Ant-v5,14577,results/sac/Ant-v5/seed_14577/20260912_212440,49456.699257534085,432.69922128300095,114.29810090919395,4156.5002214242631,45300.199036109821,35.49043118800364,397.20879009499731
w256,Ant-v5,43611,results/sac/Ant-v5/seed_43611/20260912_213540,51137.289832042166,447.65574067899433,114.23351737761311,4119.7550150212028,47017.534817020962,35.75164505498833,411.904095624006
w256,Ant-v5,85062,results/sac/Ant-v5/seed_85062/20260912_214655,49452.838940987996,434.94589830201767,113.69882813942286,4055.4790186125788,45397.359922375421,35.07891765100976,399.86698065100791
w512,Ant-v5,331,results/sac/Ant-v5/seed_331/20260912_215758,52345.134709694808,435.41684635700221,120.21844158683874,4125.356926060048,48219.77778363476,35.269671128997288,400.14717522800493
w512,Ant-v5,958,results/sac/Ant-v5/seed_958/20260912_220900,52015.591608945659,435.23005798501799,119.51286602253974,4132.9848314114442,47882.606777534216,35.195517309020943,400.03454067599705
w512,Ant-v5,14577,results/sac/Ant-v5/seed_14577/20260912_222003,51456.482234616546,432.14078523399803,119.07342234950954,4192.5315706525589,47263.950663963988,35.226524656001857,396.91426057799617
w512,Ant-v5,43611,results/sac/Ant-v5/seed_43611/20260912_223103,52539.29202621994,442.44720804699864,118.74703031381542,4199.2574670739277,48340.034559146014,35.47615753799073,406.97105050900791
w512,Ant-v5,85062,results/sac/Ant-v5/seed_85062/20260912_224212,52642.508963509135,441.48698316799346,119.23909644121431,4120.8474099951636,48521.661553513972,35.092478304988617,406.39450486300484
b512,Ant-v5,331,results/sac/Ant-v5/seed_331/20260917_121044,76162.228725440757,455.60207357299487,167.16831011797038,4287.0723692694301,71875.156356171326,35.630967611998585,419.97110596099628
b512,Ant-v5,958,results/sac/Ant-v5/seed_958/20260917_122208,76541.206635097129,458.6188605269972,166.89502596370309,4379.842103825501,72161.364531271625,35.502654215996699,423.1162063110005
b512,Ant-v5,14577,results/sac/Ant-v5/seed_14577/20260917_123339,76212.643833716837,455.4437483050051,167.33711708054486,4393.6355139587104,71819.008319758126,35.46029090400134,419.98345740100376
b512,Ant-v5,43611,results/sac/Ant-v5/seed_43611/20260917_124502,76419.310590846202,457.44372292100161,167.05729418008312,4373.1000215227823,72046.210569323419,35.48837454599925,421.95534837500236
b512,Ant-v5,85062,results/sac/Ant-v5/seed_85062/20260917_125627,77159.177651509497,465.20843654400414,165.85936881265263,4402.4550705349702,72756.722580974529,35.63618277000478,429.57225377399936
b1024,Ant-v5,331,results/sac/Ant-v5/seed_331/20260917_130759,88840.997789900808,467.34109325099325,190.09883588856005,4540.4160062549436,84300.581783645859,35.429232027998296,431.91186122299496
b1024,Ant-v5,958,results/sac/Ant-v5/seed_958/20260917_131934,89172.682791818341,473.70523244199649,188.24508720776527,4464.5374732851033,84708.145318533236,35.574801714007663,438.13043072798882
b1024,Ant-v5,14577,results/sac/Ant-v5/seed_14577/20260917_133115,89504.07485805334,476.87591000800057,187.68839645632701,4550.3391352535864,84953.735722799756,36.152990887998385,440.72291912000219
b1024,Ant-v5,43611,results/sac/Ant-v5/seed_43611/20260917_134310,89306.291853111237,472.8634000359998,188.86277061475303,4586.7080070016245,84719.583846109614,35.955327915993621,436.90807212000618
b1024,Ant-v5,85062,results/sac/Ant-v5/seed_85062/20260917_135500,88462.943555786129,464.80202165999253,190.32392165561123,4562.894678670993,83900.048877115129,35.587950505003391,429.21407115498914
