env,tag,metric,paired_mean_pct,paired_sd_pct,from_means_pct
HalfCheetah-v5,utd2,E rollout,0.72026672981901019,1.5624207943545234,0.70859886231002811
HalfCheetah-v5,utd2,E buf_sample,96.626972485378843,3.9554176071675746,96.58942409800828
HalfCheetah-v5,utd2,E critic,97.30342911075752,1.1029711642288684,97.29952733713894
HalfCheetah-v5,utd2,E actor,98.208918689879525,1.1114159107434007,98.206193101156657
HalfCheetah-v5,utd2,E target,97.290823687903455,2.6634855668959942,97.268210344862041
HalfCheetah-v5,utd2,E grad_updates,97.741419597414819,0.80709543375853543,97.740966585187095
HalfCheetah-v5,utd2,E TOTAL,93.765747872013179,0.79237892765562856,93.765265306014726
HalfCheetah-v5,utd2,T rollout,-0.39223946975389001,2.2439273564103739,-0.40728057936466611
HalfCheetah-v5,utd2,T grad_updates,98.871922600095942,0.4252619506988366,98.87211119090378
HalfCheetah-v5,utd2,T TOTAL,94.092152051599939,0.50955898434073965,94.092464290273469
HalfCheetah-v5,utd2,P rollout,1.1333199300128438,1.2045675110416478,1.1303708589058159
HalfCheetah-v5,utd2,P grad_updates,-0.56852522607128142,0.32092800178299435,-0.56858839432490926
HalfCheetah-v5,utd2,P TOTAL,-0.16821400493479022,0.29517220045179299,-0.16820022277684865
HalfCheetah-v5,utd2,J/FLOP TOTAL,-3.1052140307717591,0.39623817648324688,-3.1054553434374355
HalfCheetah-v5,utd2,J/FLOP GU (derived),-1.1292902012925943,0.40354771687927127,-1.1295167074064527
HalfCheetah-v5,utd4,E rollout,2.3088654331750353,2.521763610516575,2.2907689649933394
HalfCheetah-v5,utd4,E buf_sample,291.77293593741132,6.3666065139730215,291.71061427529798
HalfCheetah-v5,utd4,E critic,298.45254954826595,4.2385317594184517,298.4265150358745
HalfCheetah-v5,utd4,E actor,297.87808443032719,2.0161106672252149,297.87469292235886
HalfCheetah-v5,utd4,E target,295.81345037236838,5.6287197694600302,295.76945963973651
HalfCheetah-v5,utd4,E grad_updates,297.85569083683987,2.1703857159331466,297.85148742235373
HalfCheetah-v5,utd4,E TOTAL,285.74506458300147,2.035812423727017,285.74149614810199
HalfCheetah-v5,utd4,T rollout,0.098025037895821399,2.5597736971068246,0.079359717779281524
HalfCheetah-v5,utd4,T grad_updates,300.29898831252524,1.9764849241685605,300.29599363550619
HalfCheetah-v5,utd4,T TOTAL,285.84527857264351,1.9880261531189114,285.84254586315342
HalfCheetah-v5,utd4,P rollout,2.2165936049386392,1.247994447952447,2.2126631939016761
HalfCheetah-v5,utd4,P grad_updates,-0.61012850838819022,0.33684883104158864,-0.6098615912726757
HalfCheetah-v5,utd4,P TOTAL,-0.025541202333720925,0.34891774471011416,-0.025290630266516789
HalfCheetah-v5,utd4,J/FLOP TOTAL,-3.5459470785536595,0.50904697761609585,-3.5468393518197083
HalfCheetah-v5,utd4,J/FLOP GU (derived),-0.53607729079003574,0.54259642898328531,-0.53712814441155832
HalfCheetah-v5,w256,E rollout,-8.6984808022678966,0.89472457365810409,-8.7056018576818222
HalfCheetah-v5,w256,E buf_sample,-23.256752061699608,1.4660322700142043,-23.271732149258007
HalfCheetah-v5,w256,E critic,-22.785542594807815,1.4302351406911968,-22.792329083308903
HalfCheetah-v5,w256,E actor,-22.701710330412041,0.83277577138347059,-22.704028824455278
HalfCheetah-v5,w256,E target,-22.407621194263761,1.1365856729902957,-22.417371627437543
HalfCheetah-v5,w256,E grad_updates,-22.740654975948736,1.0525610933585052,-22.743744716663873
HalfCheetah-v5,w256,E TOTAL,-22.16551447521508,1.0282794879885753,-22.168560746289646
HalfCheetah-v5,w256,T rollout,-3.7851158205333446,0.81693381205230009,-3.7935198376586099
HalfCheetah-v5,w256,T grad_updates,-2.3129516730305544,0.93886517296390237,-2.3161575376308585
HalfCheetah-v5,w256,T TOTAL,-2.3840971276858687,0.91880347621036718,-2.3872827733169788
HalfCheetah-v5,w256,P rollout,-5.1055729329083848,0.68495377553183223,-5.1069571428752685
HalfCheetah-v5,w256,P grad_updates,-20.913702881048408,0.34598044887922241,-20.913538198455516
HalfCheetah-v5,w256,P TOTAL,-20.266680214950959,0.3428727246199243,-20.266516257642962
HalfCheetah-v5,w256,J/FLOP TOTAL,1073.5634879199854,15.504069363909167,1073.5175572186606
HalfCheetah-v5,w256,J/FLOP GU (derived),1064.8974942774462,15.870258540834751,1064.8509079231883
HalfCheetah-v5,w512,E rollout,-6.7607391801964427,0.87416191771366103,-6.769942408498153
HalfCheetah-v5,w512,E buf_sample,-19.734733281284214,1.0264563171545094,-19.745279996620834
HalfCheetah-v5,w512,E critic,-19.394884608124027,1.5451399733406994,-19.39326994107914
HalfCheetah-v5,w512,E actor,-18.968569611742122,0.51092943645159894,-18.970041109680281
HalfCheetah-v5,w512,E target,-18.59702174445286,0.73369608133524267,-18.602772829550329
HalfCheetah-v5,w512,E grad_updates,-19.151920470789133,0.89844504095327204,-19.152653235568419
HalfCheetah-v5,w512,E TOTAL,-18.644316311110895,0.88597204179006162,-18.645297180778474
HalfCheetah-v5,w512,T rollout,-3.7455399652046588,1.3977840558029944,-3.7588663217712259
HalfCheetah-v5,w512,T grad_updates,-1.8813350128036042,1.4485048196009951,-1.8829117315852573
HalfCheetah-v5,w512,T TOTAL,-1.9713438461218735,1.419495576554014,-1.9732265530484461
HalfCheetah-v5,w512,P rollout,-3.1241833580398848,0.9279183720039732,-3.1263690974318803
HalfCheetah-v5,w512,P grad_updates,-17.597941463127064,0.36831028311671865,-17.59806640940813
HalfCheetah-v5,w512,P TOTAL,-17.004628948144877,0.35049999372726287,-17.004694153128032
HalfCheetah-v5,w512,J/FLOP TOTAL,218.91983238109847,3.473070869179042,218.91598730505964
HalfCheetah-v5,w512,J/FLOP GU (derived),216.93053559734011,3.5219719465471715,216.92766310444586
HalfCheetah-v5,b512,E rollout,6.0646645412743769,0.99906623927496097,6.0620134934514125
HalfCheetah-v5,b512,E buf_sample,35.686719638606689,1.6300926941919152,35.67287705125608
HalfCheetah-v5,b512,E critic,21.494504824257596,1.7345825098998131,21.503912075911291
HalfCheetah-v5,b512,E actor,19.243107197748543,0.36212780406449163,19.242227438256364
HalfCheetah-v5,b512,E target,15.75058839129159,2.3146725824399508,15.736880867962434
HalfCheetah-v5,b512,E grad_updates,20.475765280181712,0.51901113897893536,20.476914676585146
HalfCheetah-v5,b512,E TOTAL,19.885490091853292,0.47977609860670772,19.886293810395372
HalfCheetah-v5,b512,T rollout,-0.26369544810727952,0.95791199396466842,-0.25718121378351944
HalfCheetah-v5,b512,T grad_updates,3.0511798680543345,1.0133024974497364,3.0546003720701931
HalfCheetah-v5,b512,T TOTAL,2.8921665556936915,0.93491791166274518,2.8951599654547078
HalfCheetah-v5,b512,P rollout,6.3504891977748645,1.179171531588721,6.3494453763164316
HalfCheetah-v5,b512,P grad_updates,16.913946819648988,0.69056351163319973,16.914425493251194
HalfCheetah-v5,b512,P TOTAL,16.520261040192516,0.66205322522528487,16.520738102172249
HalfCheetah-v5,b512,J/FLOP TOTAL,-40.049884817934995,0.23991754424189948,-40.049482909254188
HalfCheetah-v5,b512,J/FLOP GU (derived),-39.762117359909148,0.25950556948946812,-39.761542661707431
HalfCheetah-v5,b1024,E rollout,10.129098693424877,1.7753947762756268,10.11607444439775
HalfCheetah-v5,b1024,E buf_sample,90.946037292450725,2.1830494221740993,90.929338937929273
HalfCheetah-v5,b1024,E critic,35.51359920840936,1.7009063737497221,35.512562044628559
HalfCheetah-v5,b1024,E actor,34.604855450253069,1.003179652880601,34.601831528239458
HalfCheetah-v5,b1024,E target,30.39926477724249,1.5882464799281728,30.388793706209061
HalfCheetah-v5,b1024,E grad_updates,36.298712752710244,1.2446109188865666,36.296073024790317
HalfCheetah-v5,b1024,E TOTAL,35.226323658562919,1.2699873969755069,35.22340154116683
HalfCheetah-v5,b1024,T rollout,0.039075975369760041,2.5550657652697386,0.018020510615213148
HalfCheetah-v5,b1024,T grad_updates,3.3758757135837136,1.5195866851067477,3.3732550330109135
HalfCheetah-v5,b1024,T TOTAL,3.2148693958864571,1.5631245941898446,3.2117226545393951
HalfCheetah-v5,b1024,P rollout,10.108963876050812,1.2420639117954655,10.109000312268135
HalfCheetah-v5,b1024,P grad_updates,31.856716795131184,0.81393188922934046,31.856761168570479
HalfCheetah-v5,b1024,P TOTAL,31.023820554652143,0.81580210564360123,31.023857007289823
HalfCheetah-v5,b1024,J/FLOP TOTAL,-66.187183774767007,0.31755540859574405,-66.187914438855387
HalfCheetah-v5,b1024,J/FLOP GU (derived),-65.925321811822442,0.31115272972163888,-65.925981743802424
HalfCheetah-v5,utd2,share_change_pp rollout,-1.9677176943422894,0.052522900509968121,-1.9677176943422889
HalfCheetah-v5,utd2,share_change_pp buf_sample,0.03710249758917241,0.043625414586046941,0.037102497589172057
HalfCheetah-v5,utd2,share_change_pp critic,0.73575474178417433,0.24441741275376636,0.73575474178417721
HalfCheetah-v5,utd2,share_change_pp actor,1.1192161960831144,0.13945608944315024,1.1192161960831157
HalfCheetah-v5,utd2,share_change_pp target,0.075644258885827043,0.041008546461544282,0.075644258885827043
HalfCheetah-v5,utd2,share_change_pp grad_updates,1.9677176943422894,0.052522900509968357,1.9677176943422836
HalfCheetah-v5,utd4,share_change_pp rollout,-3.0108183000922191,0.060635246637240264,-3.0108183000922195
HalfCheetah-v5,utd4,share_change_pp buf_sample,0.039426413130355976,0.033474782030719713,0.039426413130355442
HalfCheetah-v5,utd4,share_change_pp critic,1.3268999337315024,0.30066420151701179,1.3268999337315037
HalfCheetah-v5,utd4,share_change_pp actor,1.5356446018089216,0.19753846006668099,1.5356446018089187
HalfCheetah-v5,utd4,share_change_pp target,0.10884735142143817,0.066393831860436445,0.10884735142143853
HalfCheetah-v5,utd4,share_change_pp grad_updates,3.0108183000922226,0.060635246637237267,3.0108183000922253
HalfCheetah-v5,w256,share_change_pp rollout,0.70906855438615379,0.05161750389787971,0.70906855438615413
HalfCheetah-v5,w256,share_change_pp buf_sample,-0.035966570509642713,0.021629096385732887,-0.035966570509642803
HalfCheetah-v5,w256,share_change_pp critic,-0.3244707777495307,0.28321663035475958,-0.32447077774952504
HalfCheetah-v5,w256,share_change_pp actor,-0.33545551172335453,0.22700770353587463,-0.33545551172336019
HalfCheetah-v5,w256,share_change_pp target,-0.01317569440363311,0.038961280179766015,-0.013175694403633642
HalfCheetah-v5,w256,share_change_pp grad_updates,-0.70906855438614969,0.051617503897883041,-0.7090685543861639
HalfCheetah-v5,w512,share_change_pp rollout,0.59855051522671299,0.029726954112803371,0.59855051522671321
HalfCheetah-v5,w512,share_change_pp buf_sample,-0.034168036473070006,0.035825534787540393,-0.034168036473069652
HalfCheetah-v5,w512,share_change_pp critic,-0.37463197149274235,0.34791600440473236,-0.37463197149273242
HalfCheetah-v5,w512,share_change_pp actor,-0.1924536393738748,0.24409814024235882,-0.19245363937388049
HalfCheetah-v5,w512,share_change_pp target,0.0027031321129735277,0.061655820489127697,0.0027031321129733499
HalfCheetah-v5,w512,share_change_pp grad_updates,-0.59855051522671088,0.029726954112793875,-0.59855051522670522
HalfCheetah-v5,b512,share_change_pp rollout,-0.47210483569680595,0.042130968489336576,-0.47210483569680628
HalfCheetah-v5,b512,share_change_pp buf_sample,0.33534772538996033,0.038952126544323437,0.33534772538996016
HalfCheetah-v5,b512,share_change_pp critic,0.54134738214724787,0.44082540115678592,0.54134738214725076
HalfCheetah-v5,b512,share_change_pp actor,-0.2603447488893636,0.27591734644871241,-0.26034474888935932
HalfCheetah-v5,b512,share_change_pp target,-0.14424552295104043,0.094796127351706422,-0.14424552295104043
HalfCheetah-v5,b512,share_change_pp grad_updates,0.47210483569681116,0.042130968489336645,0.47210483569681116
HalfCheetah-v5,b1024,share_change_pp rollout,-0.76072026529575332,0.031995134990540734,-0.76072026529575343
HalfCheetah-v5,b1024,share_change_pp buf_sample,1.0487538860970709,0.039232804364043673,1.0487538860970704
HalfCheetah-v5,b1024,share_change_pp critic,0.084926295789226461,0.17822573142602599,0.084926295789230721
HalfCheetah-v5,b1024,share_change_pp actor,-0.22364962301881236,0.13594699496793702,-0.22364962301881519
HalfCheetah-v5,b1024,share_change_pp target,-0.14931029357173653,0.040275927170396693,-0.14931029357173653
HalfCheetah-v5,b1024,share_change_pp grad_updates,0.7607202652957511,0.031995134990545702,0.76072026529574543
Ant-v5,utd2,E rollout,-0.53751075348673183,1.5763055500266889,-0.54348721438048919
Ant-v5,utd2,E buf_sample,99.275348924982922,6.073762415038285,99.153415739522359
Ant-v5,utd2,E critic,95.997261150120636,2.2002836947911493,95.982665739789553
Ant-v5,utd2,E actor,99.320262486372215,1.7761613820211337,99.309672327291139
Ant-v5,utd2,E target,100.38240950032151,3.5717426492058189,100.34951217951367
Ant-v5,utd2,E grad_updates,97.965723666397423,1.5988810013968244,97.956492047780742
Ant-v5,utd2,E TOTAL,91.337503213044798,1.549573606124351,91.328727063312499
Ant-v5,utd2,T rollout,0.68562121501760664,1.3159453830870629,0.68207441206635799
Ant-v5,utd2,T grad_updates,98.709662534200348,1.8816412722369744,98.70433254097739
Ant-v5,utd2,T TOTAL,90.85324786391773,1.7175906492125945,90.849224119742587
Ant-v5,utd2,P rollout,-1.2157452521284684,0.74788297791473024,-1.216405006763599
Ant-v5,utd2,P grad_updates,-0.37168812838479282,0.65376958807058505,-0.37388687336381565
Ant-v5,utd2,P TOTAL,0.25590954839853186,0.62491485829804672,0.25386356586221126
Ant-v5,utd2,J/FLOP TOTAL,-4.3193008927029908,0.77488356157291416,-4.3236895155696953
Ant-v5,utd2,J/FLOP GU (derived),-1.017138166801288,0.79944050069841666,-1.0217539761096517
Ant-v5,utd4,E rollout,-0.88325335417105177,1.4658710249504836,-0.8906063277460019
Ant-v5,utd4,E buf_sample,296.32313816501295,11.268951978764612,296.09257356162396
Ant-v5,utd4,E critic,291.19200250587244,5.2902489518797822,291.14505076707701
Ant-v5,utd4,E actor,297.17046494539989,4.3002596183594868,297.1433887731111
Ant-v5,utd4,E target,300.11369204305868,6.3439354404108395,300.05635905336669
Ant-v5,utd4,E grad_updates,294.75523653047134,4.6461932300445872,294.72329812726213
Ant-v5,utd4,E TOTAL,274.8626649348588,4.4028846609039922,274.83233470224252
Ant-v5,utd4,T rollout,1.3380461213143846,0.82736163065848178,1.3344901677555532
Ant-v5,utd4,T grad_updates,297.45490828600799,3.5410472803674566,297.43927646117555
Ant-v5,utd4,T TOTAL,273.72388154025487,3.2147715677596755,273.71063314301733
Ant-v5,utd4,P rollout,-2.1908033071845767,1.3250812012363211,-2.1932715186884888
Ant-v5,utd4,P grad_updates,-0.68039285714440956,0.54364487257264504,-0.68248349980597478
Ant-v5,utd4,P TOTAL,0.3033278050442112,0.54358290365938156,0.3012427635008974
Ant-v5,utd4,J/FLOP TOTAL,-6.2667772826663013,1.100927371870871,-6.2743612613198714
Ant-v5,utd4,J/FLOP GU (derived),-1.3111908673821748,1.161548307511145,-1.3191754681844858
Ant-v5,w256,E rollout,-5.3232008359857845,2.051171326154499,-5.3408826566137328
Ant-v5,w256,E buf_sample,-24.177159626020789,2.0372268142931516,-24.21607631344903
Ant-v5,w256,E critic,-23.189726912841941,1.6112799383538556,-23.193924258314059
Ant-v5,w256,E actor,-24.010061665365136,1.2144535619419012,-24.015282300966067
Ant-v5,w256,E target,-21.949849023190442,0.84463945984941668,-21.95452126157096
Ant-v5,w256,E grad_updates,-23.585887198182615,1.3177745708661104,-23.590179034171864
Ant-v5,w256,E TOTAL,-22.357166775841605,1.3199460356643284,-22.362239206890866
Ant-v5,w256,T rollout,-1.8012451610041835,1.2939186051028635,-1.8081660040981218
Ant-v5,w256,T grad_updates,-2.5842461024505559,1.1334842088361536,-2.583730674173812
Ant-v5,w256,T TOTAL,-2.5219360809124174,1.0854761828247821,-2.5215800495359764
Ant-v5,w256,P rollout,-3.5901030501197218,1.3752235500410426,-3.5955484914832914
Ant-v5,w256,P grad_updates,-21.562015153445479,0.59885670065988006,-21.564293144984635
Ant-v5,w256,P TOTAL,-20.351732656697365,0.62024023954660723,-20.354040222263691
Ant-v5,w256,J/FLOP TOTAL,889.97879577468598,16.829867389073584,889.91412014432478
Ant-v5,w256,J/FLOP GU (derived),874.32415148053428,16.802388243801079,874.26942808841193
Ant-v5,w512,E rollout,-4.090746907521579,1.8530397060644013,-4.10693377281246
Ant-v5,w512,E buf_sample,-19.631544801446989,2.0513329837987544,-19.673264553783021
Ant-v5,w512,E critic,-20.198742353337789,1.3214083993273513,-20.200133002194352
Ant-v5,w512,E actor,-20.004353688852611,0.46858959419675389,-20.006530362259678
Ant-v5,w512,E target,-17.985083974855996,1.5503102713224606,-17.9984985895004
Ant-v5,w512,E grad_updates,-19.991624129812624,0.3201136243942963,-19.991366240179754
Ant-v5,w512,E TOTAL,-18.922022858796176,0.33533150205334755,-18.922550935912895
Ant-v5,w512,T rollout,-2.044127162689966,0.97167994336986574,-2.0498788578224736
Ant-v5,w512,T grad_updates,-2.6687128367072366,0.90149476368534043,-2.6692741534123932
Ant-v5,w512,T TOTAL,-2.6193643626056495,0.79124401108790965,-2.6196383125805967
Ant-v5,w512,P rollout,-2.09409914675535,1.2099001600133985,-2.0994977329234388
Ant-v5,w512,P grad_updates,-17.794322709572,0.51023289217367296,-17.795402450503072
Ant-v5,w512,P TOTAL,-16.738489087084393,0.46714263751394275,-16.739635867225623
Ant-v5,w512,J/FLOP TOTAL,198.9177914468905,1.2362981358277494,198.91584453539849
Ant-v5,w512,J/FLOP GU (derived),194.97579943492332,1.1801985884443338,194.97675022538482
Ant-v5,b512,E rollout,0.82024924179465708,1.5065838134036729,0.81042162817022145
Ant-v5,b512,E buf_sample,50.242229544421647,4.2423330747745238,50.154157796854612
Ant-v5,b512,E critic,20.316411297406521,1.9262986698693978,20.304262129672601
Ant-v5,b512,E actor,18.341510590191088,0.88199484367162062,18.335690789245483
Ant-v5,b512,E target,16.945460414133635,2.2168221466979343,16.923391821014675
Ant-v5,b512,E grad_updates,20.123736881534256,0.90381065137474137,20.118333678412114
Ant-v5,b512,E TOTAL,18.824786397259196,0.93322874976310966,18.819162811896572
Ant-v5,b512,T rollout,-1.2350497978750918,0.74089993993913195,-1.2395823826147456
Ant-v5,b512,T grad_updates,2.3757804348539624,1.1509927210187767,2.3722121226804171
Ant-v5,b512,T TOTAL,2.0855697589664457,1.0238318264606818,2.0827774781836172
Ant-v5,b512,P rollout,2.0846354825125628,1.6235264661545321,2.0785047014473257
Ant-v5,b512,P grad_updates,17.342949629707885,1.0235305934003769,17.338986814005896
Ant-v5,b512,P TOTAL,16.402186366589333,0.95342093501212255,16.398477141159074
Ant-v5,b512,J/FLOP TOTAL,-40.58018714132632,0.46667264757260463,-40.582999285155687
Ant-v5,b512,J/FLOP GU (derived),-39.938131559232872,0.45190532568736946,-39.940833160793929
Ant-v5,b1024,E rollout,4.8324193671381197,1.6020393056851068,4.8213525246787459
Ant-v5,b1024,E buf_sample,153.02843900996209,4.5057317541726842,152.9339105558935
Ant-v5,b1024,E critic,38.507356236013166,2.7827704453612272,38.486457528403164
Ant-v5,b1024,E actor,36.182114293467166,1.4709407242060801,36.172750138341826
Ant-v5,b1024,E target,32.947866924514145,1.4274125777763955,32.936736596314375
Ant-v5,b1024,E grad_updates,40.755861041634745,1.915744531238186,40.742177038581609
Ant-v5,b1024,E TOTAL,38.338593566384077,1.8587516168772942,38.325173657364367
Ant-v5,b1024,T rollout,-0.68677026462955482,1.3657438211544144,-0.69396527607150649
Ant-v5,b1024,T grad_updates,5.3954289721768234,1.6742369110303803,5.3877544671854904
Ant-v5,b1024,T TOTAL,4.9076621554263866,1.6270124414697169,4.9003899758673697
Ant-v5,b1024,P rollout,5.5573991026109004,0.71914834348079237,5.5583240353065611
Ant-v5,b1024,P grad_updates,33.554605839025406,0.51829207764513618,33.554402847225575
Ant-v5,b1024,P TOTAL,31.870885575045634,0.49728715481540159,31.870785593036377
Ant-v5,b1024,J/FLOP TOTAL,-65.408872597611463,0.46477495781352351,-65.412228203380323
Ant-v5,b1024,J/FLOP GU (derived),-64.811034739591307,0.47893613280954694,-64.814455740354603
Ant-v5,utd2,share_change_pp rollout,-3.2310735639773243,0.059689218387404985,-3.2310735639773238
Ant-v5,utd2,share_change_pp buf_sample,0.12230542825275048,0.079032235683864749,0.12230542825275048
Ant-v5,utd2,share_change_pp critic,0.94938183307201451,0.35911227657217321,0.94938183307201029
Ant-v5,utd2,share_change_pp actor,1.9720933766434627,0.21847156000534887,1.9720933766434641
Ant-v5,utd2,share_change_pp target,0.18729292600909792,0.05174286940341729,0.18729292600909764
Ant-v5,utd2,share_change_pp grad_updates,3.23107356397733,0.059689218387406241,3.2310735639773327
Ant-v5,utd4,share_change_pp rollout,-4.9495387960055286,0.043986898846152388,-4.9495387960055277
Ant-v5,utd4,share_change_pp buf_sample,0.16954864998111363,0.063989866587344832,0.16954864998111363
Ant-v5,utd4,share_change_pp critic,1.6991293062305686,0.22396022725230527,1.6991293062305672
Ant-v5,utd4,share_change_pp actor,2.8135798811102317,0.13483684357688183,2.8135798811102291
Ant-v5,utd4,share_change_pp target,0.26728095868361662,0.03614458974481434,0.2672809586836169
Ant-v5,utd4,share_change_pp grad_updates,4.9495387960055384,0.043986898846154365,4.9495387960055268
Ant-v5,w256,share_change_pp rollout,1.4762710168620043,0.12580297354388228,1.4762710168620057
Ant-v5,w256,share_change_pp buf_sample,-0.071030091486669986,0.057935826141781353,-0.071030091486669278
Ant-v5,w256,share_change_pp critic,-0.42056896899925816,0.29340595656166157,-0.42056896899926244
Ant-v5,w256,share_change_pp actor,-1.005750223418167,0.15223386533929747,-1.0057502234181612
Ant-v5,w256,share_change_pp target,0.02107826704208824,0.04750957311202765,0.021078267042088594
Ant-v5,w256,share_change_pp grad_updates,-1.4762710168620061,0.12580297354387746,-1.4762710168620146
Ant-v5,w512,share_change_pp rollout,1.230360039651895,0.13853689622201473,1.2303600396518952
Ant-v5,w512,share_change_pp buf_sample,-0.027376206783327105,0.081005009343597306,-0.027376206783326751
Ant-v5,w512,share_change_pp critic,-0.61755412358007367,0.54674485361791503,-0.61755412358007788
Ant-v5,w512,share_change_pp actor,-0.63098049181049587,0.33110313740213165,-0.63098049181049731
Ant-v5,w512,share_change_pp target,0.045550782522005215,0.090717993614827921,0.045550782522004507
Ant-v5,w512,share_change_pp grad_updates,-1.230360039651893,0.13853689622201995,-1.2303600396518846
Ant-v5,b512,share_change_pp rollout,-1.0198041760427663,0.048092452422743064,-1.0198041760427667
Ant-v5,b512,share_change_pp buf_sample,0.78792807833652256,0.093214679462562816,0.78792807833652301
Ant-v5,b512,share_change_pp critic,0.4870647491956433,0.46930768496476077,0.48706474919563902
Ant-v5,b512,share_change_pp actor,-0.19198576601992984,0.30460368619907419,-0.19198576601993267
Ant-v5,b512,share_change_pp target,-0.063202885469466882,0.070867375618342748,-0.063202885469466619
Ant-v5,b512,share_change_pp grad_updates,1.0198041760427743,0.048092452422740767,1.0198041760427827
Ant-v5,b1024,share_change_pp rollout,-1.6296112964344467,0.065247400086757432,-1.6296112964344465
Ant-v5,b1024,share_change_pp buf_sample,2.4750113543834886,0.040831256106060254,2.4750113543834891
Ant-v5,b1024,share_change_pp critic,0.044755678913449518,0.32819654484917626,0.044755678913446673
Ant-v5,b1024,share_change_pp actor,-0.73551889122154823,0.21560130414277645,-0.73551889122155245
Ant-v5,b1024,share_change_pp target,-0.15463684564094704,0.04553911463228192,-0.1546368456409466
Ant-v5,b1024,share_change_pp grad_updates,1.6296112964344531,0.065247400086759721,1.6296112964344616
