env,tag,task,component,energy_j_mean,energy_j_sd,pct_mean,pct_sd
HalfCheetah-v5,base,rollout,cpu,629.87351429840487,11.097193105469234,25.238014907207734,0.25654140168698059
HalfCheetah-v5,base,rollout,gpu,1456.6973653569914,20.44388149112023,58.368360886407643,0.2957854535606807
HalfCheetah-v5,base,rollout,ram,409.13283743600044,5.3704911557535882,16.393624206383759,0.064020289766621663
HalfCheetah-v5,base,gradient_updates,cpu,10269.784964221408,114.83187502445303,17.580628366903344,0.18078992042066128
HalfCheetah-v5,base,gradient_updates,gpu,40048.980639140878,188.08564838901725,68.559098850836051,0.17338958794711606
HalfCheetah-v5,base,gradient_updates,ram,8096.5558797359727,44.66579910029715,13.860272782262175,0.021026600311618675
HalfCheetah-v5,utd2,rollout,cpu,626.71282536979504,13.195441932440167,24.933787194099729,0.34385668274103404
HalfCheetah-v5,utd2,rollout,gpu,1479.200583359619,16.417632687503996,58.854583215576085,0.48987965662178423
HalfCheetah-v5,utd2,rollout,ram,407.47483650797801,7.0759156233427785,16.211629590325554,0.14986530468367035
HalfCheetah-v5,utd2,gradient_updates,cpu,20212.198471145675,213.55759911533195,17.497702402176383,0.096218362149269154
HalfCheetah-v5,utd2,gradient_updates,gpu,79196.324556990905,336.84504701386646,68.562056570973127,0.096509775861131436
HalfCheetah-v5,utd2,gradient_updates,ram,16102.498306404004,98.616257361548833,13.94024102685098,0.046534591485275112
HalfCheetah-v5,utd4,rollout,cpu,626.16889093475993,10.682126964707754,24.529236682516849,0.21253508454794848
HalfCheetah-v5,utd4,rollout,gpu,1517.2594138060624,31.450807499223234,59.4317968205062,0.25429982660488182
HalfCheetah-v5,utd4,rollout,ram,409.4462185599063,7.8080519350219104,16.038966496976776,0.13242038546713705
HalfCheetah-v5,utd4,gradient_updates,cpu,40609.316393610541,399.34878508681214,17.473180370748462,0.1119112774632065
HalfCheetah-v5,utd4,gradient_updates,gpu,159384.57270753937,618.10279557617991,68.580373255583737,0.075593077855231755
HalfCheetah-v5,utd4,gradient_updates,ram,32412.336301943975,195.46577650052433,13.946446373660972,0.063031283355339668
HalfCheetah-v5,w256,rollout,cpu,612.06916125492944,5.1992643285759854,26.864079519659708,0.1765840827527517
HalfCheetah-v5,w256,rollout,gpu,1272.7102181671919,15.651086052636686,55.857738872115398,0.26081961488104011
HalfCheetah-v5,w256,rollout,ram,393.65830851197006,1.7777128486496883,17.278181608225644,0.099432274504136609
HalfCheetah-v5,w256,gradient_updates,cpu,9954.896785311048,91.243548153873334,22.058908023819733,0.11050789040866198
HalfCheetah-v5,w256,gradient_updates,gpu,27265.420012318693,335.49358321137731,60.414960802096189,0.15180665702995699
HalfCheetah-v5,w256,gradient_updates,ram,7909.1730919480005,50.442585448153295,17.526131174122973,0.089924744920375568
HalfCheetah-v5,w512,rollout,cpu,616.45819216616223,4.5844634711366687,26.494209436972397,0.10453485773522733
HalfCheetah-v5,w512,rollout,gpu,1316.3902531114645,6.8068528951794001,56.576412054164791,0.14580759205058424
HalfCheetah-v5,w512,rollout,ram,393.89756747996705,2.2513206973013649,16.929378508863326,0.12307859853284231
HalfCheetah-v5,w512,gradient_updates,cpu,10150.108797480567,124.88104162398417,21.491878218701743,0.068750774484518634
HalfCheetah-v5,w512,gradient_updates,gpu,29132.848306259944,284.01464468183411,61.68720884370542,0.10772516178933188
HalfCheetah-v5,w512,gradient_updates,ram,7944.2804192719705,114.8093066567837,16.820912937631206,0.072327813711207889
HalfCheetah-v5,b512,rollout,cpu,645.27927142294357,11.273941581136416,24.377470128349017,0.194617538118705
HalfCheetah-v5,b512,rollout,gpu,1593.6588749264224,21.883705826895792,60.207366626550751,0.31736455198648511
HalfCheetah-v5,b512,rollout,ram,408.05546682868999,8.4505214949616416,15.415163245099759,0.16522888147381526
HalfCheetah-v5,b512,gradient_updates,cpu,10880.774429812569,158.49847519261991,15.460093420827809,0.11273779886639927
HalfCheetah-v5,b512,gradient_updates,gpu,51152.194521703728,276.89444062435183,72.68422918579094,0.1844514005885339
HalfCheetah-v5,b512,gradient_updates,ram,8344.008069732341,121.01905719342022,11.855677393380937,0.081813868619710628
HalfCheetah-v5,b1024,rollout,cpu,655.56182004885272,12.5348511246325,23.854330576778587,0.34215996515438912
HalfCheetah-v5,b1024,rollout,gpu,1683.4699467751689,23.888388368522623,61.258016619760539,0.50343743691146892
HalfCheetah-v5,b1024,rollout,ram,409.13919619994647,7.051888149437108,14.887652803460128,0.18063514236237913
HalfCheetah-v5,b1024,gradient_updates,cpu,11028.252368194848,113.78858196943514,13.851277391908628,0.053371692039979324
HalfCheetah-v5,b1024,gradient_updates,gpu,60219.901775864455,356.52721406463291,75.636831297284772,0.10569838828346018
HalfCheetah-v5,b1024,gradient_updates,ram,8369.6350822163513,112.98659962779836,10.511891310806281,0.067282873735431001
Ant-v5,base,rollout,cpu,1146.8098110471392,12.958438974111916,26.473531674429761,0.2780651056335563
Ant-v5,base,rollout,gpu,2466.1867729477472,38.872517868339706,56.926089578111124,0.30509373033640075
Ant-v5,base,rollout,ram,719.11605405196951,5.681484160655903,16.600378747459228,0.10000772940489148
Ant-v5,base,gradient_updates,cpu,10703.400118913269,203.61801758269925,17.823498787831454,0.25775554131205536
Ant-v5,base,gradient_updates,gpu,41085.563268406397,381.24704482251292,68.418485452427404,0.21128085940270547
Ant-v5,base,gradient_updates,ram,8261.5636742639708,57.096785562889238,13.758015759741696,0.068528751542845504
Ant-v5,utd2,rollout,cpu,1148.7422417931607,11.095159143894232,26.66726363950486,0.51012575101679336
Ant-v5,utd2,rollout,gpu,2435.9605487660119,60.878210153521458,56.531034000479579,0.5666166220494957
Ant-v5,utd2,rollout,ram,723.8653691873202,8.8420304032003489,16.80170236001528,0.1465353002495213
Ant-v5,utd2,gradient_updates,cpu,21416.786034615099,150.72381444895811,18.016321687498959,0.054408568057016798
Ant-v5,utd2,gradient_updates,gpu,81040.337232200924,402.02048914442969,68.173565307053664,0.064495070574964078
Ant-v5,utd2,gradient_updates,ram,16416.793560515798,137.96349573326043,13.810113005447977,0.049663780902040308
Ant-v5,utd4,rollout,cpu,1130.0956920759663,18.48453767341962,26.32207733222516,0.38441857491809533
Ant-v5,utd4,rollout,gpu,2434.8287478624543,46.629725870640982,56.706164927053962,0.4582827962636048
Ant-v5,utd4,rollout,ram,728.60612882888699,4.8436454477068702,16.971757740720545,0.21174014413655737
Ant-v5,utd4,gradient_updates,cpu,42349.423474093826,216.66942883898045,17.866531107903143,0.081273924607509151
Ant-v5,utd4,gradient_updates,gpu,161847.03347750506,756.99294338384755,68.28020552409555,0.06717154050044169
Ant-v5,utd4,gradient_updates,ram,32836.964008723735,176.66860425321548,13.853263367993856,0.021236322863326822
Ant-v5,w256,rollout,cpu,1139.7006805596761,12.878419104608453,27.793585447345539,0.25324417352987177
Ant-v5,w256,rollout,gpu,2254.6072036846108,37.809837419147534,54.978288135529169,0.37056738807789452
Ant-v5,w256,rollout,ram,706.43170125214226,5.5333572207792017,17.228126417125139,0.1702563959964904
Ant-v5,w256,gradient_updates,cpu,10273.530588417798,124.21213945113226,22.391241849183096,0.15317023797662552
Ant-v5,w256,gradient_updates,gpu,27562.617650076205,492.5703103112653,60.067921825897727,0.1934992421838487
Ant-v5,w256,gradient_updates,ram,8048.3519783119818,113.13739154572755,17.540836324956445,0.057859851318567683
Ant-v5,w512,rollout,cpu,1144.2742656186522,16.071440447591506,27.546216968311178,0.40748420490446446
Ant-v5,w512,rollout,gpu,2305.3222442559318,35.369481235705372,55.491846588918499,0.43043077073494307
Ant-v5,w512,rollout,ram,704.59913116404562,2.8911552309419837,16.961936442770362,0.11777754381169364
Ant-v5,w512,gradient_updates,cpu,10364.166167726306,169.22512426483715,21.572005052375196,0.31716305608878859
Ant-v5,w512,gradient_updates,gpu,29640.198712140333,382.8721179946931,61.691189322710308,0.37638477630470596
Ant-v5,w512,gradient_updates,ram,8041.2413876919436,87.838593143240075,16.736805624951799,0.092453911466517172
Ant-v5,b512,rollout,cpu,1158.4816723846177,8.3935403408395377,26.528073470000578,0.21304158344404084
Ant-v5,b512,rollout,gpu,2498.3441986736561,42.071428781313308,57.203776372046924,0.38594825372624592
Ant-v5,b512,rollout,ram,710.39514476400905,1.6858281791463747,16.268150157952597,0.19490972025998191
Ant-v5,b512,gradient_updates,cpu,11039.3526410751,140.32398862431558,15.304134748166941,0.14014147223721576
Ant-v5,b512,gradient_updates,gpu,52634.812907799285,205.25770892161981,72.970947106843994,0.17345974442042225
Ant-v5,b512,gradient_updates,ram,8457.5269226079836,79.14887553712866,11.724918144989262,0.048757381960230148
Ant-v5,b1024,rollout,cpu,1170.7620144088439,7.5343010874771839,25.784439419240538,0.32670596824345161
Ant-v5,b1024,rollout,gpu,2656.0175248124451,46.22158717653852,58.486831846601795,0.48099556894976853
Ant-v5,b1024,rollout,ram,714.19952087197339,6.0965239205246435,15.72872873415792,0.16107486728708489
Ant-v5,b1024,gradient_updates,cpu,11594.05049543297,138.94913160824717,13.717773908670651,0.105822464947252
Ant-v5,b1024,gradient_updates,gpu,64215.936372688993,204.79906317632575,75.980989840293475,0.15749575617025924
Ant-v5,b1024,gradient_updates,ram,8706.4322414999806,94.084730111686497,10.301236251034734,0.062006239520761723
