env,tag,seed,coverage,T_buffer_sample_s,T_critic_update_s,T_actor_update_s,T_target_update_s,gradient_updates_task_duration_s
HalfCheetah-v5,base,331,0.97315789156035348,10.441313098989895,166.87863946400296,200.23675563898462,16.992284185002404,405.43163222399937
HalfCheetah-v5,base,958,0.97145508717957452,10.364160270067487,167.06723973395788,200.57213830700653,17.063174887035984,406.67522195500055
HalfCheetah-v5,base,14577,0.97360737024887489,10.576926782995997,167.051387503976,200.83098682106038,17.432146731043304,406.62330620800185
HalfCheetah-v5,base,43611,0.97291042032984487,10.263746861013715,163.77092342496235,199.31486818695976,17.038666710067446,401.25811896500227
HalfCheetah-v5,base,85062,0.97201598119026211,10.603117777963234,163.55415582308615,201.55764540617929,17.308597737109267,404.3385338819935
HalfCheetah-v5,utd2,331,0.97242021947525303,20.904763063917017,330.26991878911076,398.9998053971558,33.904645706885276,806.31718392299717
HalfCheetah-v5,utd2,958,0.97355710112891913,20.828079384150442,331.44068608921407,403.24519843006146,34.367778465870288,811.33581322899681
HalfCheetah-v5,utd2,14577,0.97379686614391914,20.606391667974094,330.97285203620686,399.67578165798295,33.978069760793005,806.3623147940034
HalfCheetah-v5,utd2,43611,0.97305279504760134,20.548169474282986,324.04149140805112,397.75040659498518,33.909336391903707,797.74644070700106
HalfCheetah-v5,utd2,85062,0.97321185592195802,20.47679203800817,327.86858965822285,399.93870495481224,34.236363998685192,804.05971822899664
HalfCheetah-v5,utd4,331,0.97324022257069276,41.02352753485502,660.9384662745797,799.87517710947213,69.075002674855568,1614.1052714040052
HalfCheetah-v5,utd4,958,0.97362580582153158,41.497968371302704,672.38094186610033,811.80123649459711,68.081693111160348,1636.9346727600005
HalfCheetah-v5,utd4,14577,0.97383367292321343,40.999472442434126,668.13813970163756,802.87372634341591,68.224685918194155,1622.6960191900071
HalfCheetah-v5,utd4,43611,0.97362803726274871,41.373414554787814,659.38894873959907,802.37854446568781,68.398888539086329,1614.1069650350018
HalfCheetah-v5,utd4,85062,0.97271794993934868,41.191947212801097,662.34021266288073,799.56451359363382,68.286572603568857,1615.4562030759935
HalfCheetah-v5,w256,331,0.97669196454359108,10.221733323035551,163.83548257899702,196.89097897994088,16.902964050066657,397.10694160700223
HalfCheetah-v5,w256,958,0.97689178175457059,10.239987307115825,163.57132983686915,197.33159112313797,17.03623757491232,397.36146120999865
HalfCheetah-v5,w256,14577,0.97618606972958477,10.090275701104929,160.15408133408391,196.13433783002802,16.896690607824894,392.62533789200006
HalfCheetah-v5,w256,43611,0.97686908454482846,10.145216566087583,163.85131268202167,197.48795936801071,16.828791460009597,397.50800411199816
HalfCheetah-v5,w256,85062,0.97636437392122288,10.200990508978066,160.50635521487311,195.96365903783499,16.882482385948606,392.83847034199698
HalfCheetah-v5,w512,331,0.97476016539492938,10.264311263013951,166.54611676813965,198.605394589963,16.883061852070568,402.45682825399945
HalfCheetah-v5,w512,958,0.97380440631048459,10.175218276228406,159.42983969694797,196.31177228708657,16.939010467866865,393.15476316099284
HalfCheetah-v5,w512,14577,0.97551613253110525,10.224706421031442,166.46155829100917,199.24350975695234,17.070995341992784,402.86444960299468
HalfCheetah-v5,w512,43611,0.97493320341149114,10.177792315283114,162.86428198610611,197.88651376999769,17.051629426096952,397.95569187700403
HalfCheetah-v5,w512,85062,0.97345287399957858,10.143567688157418,156.59348466222582,195.68788396122545,17.006350237707011,389.77879328699782
HalfCheetah-v5,b512,331,0.9747124235064859,12.199008418334415,171.16355818937882,204.36267117320676,17.114779887328041,415.34303647413617
HalfCheetah-v5,b512,958,0.97525255852322368,12.114929565650527,177.27004911380936,205.94928833427548,16.899805420485791,422.69468439892808
HalfCheetah-v5,b512,14577,0.97541352813171134,12.200549074477749,178.52038975965115,206.28348294984607,16.887215346359881,424.32427395496052
HalfCheetah-v5,b512,43611,0.97369891623383764,12.02142840079614,167.56414123694412,202.85808500266285,16.963451664603781,410.19569771102397
HalfCheetah-v5,b512,85062,0.97431202285238105,12.224649740557652,168.2672144867247,205.20671803031291,17.280977181595517,413.6042150639114
HalfCheetah-v5,b1024,331,0.97433833079358645,15.259692735999124,169.19037270761328,203.80076047262992,16.772097379463958,415.69022843001585
HalfCheetah-v5,b1024,958,0.97459573905447794,15.026251693474478,173.66900431476824,206.40074899799947,17.053735725872684,422.89302550406137
HalfCheetah-v5,b1024,14577,0.97460245338109275,15.232443361222977,172.81775981507963,205.39684860494162,17.005567062005866,421.14876421591907
HalfCheetah-v5,b1024,43611,0.97448685555974213,15.161821538509685,172.52478557350696,207.24079219253326,17.239412076436565,422.95779468902037
HalfCheetah-v5,b1024,85062,0.97332866067097201,15.104060724872397,164.61272737800027,202.31885720402352,16.953873596168705,409.92270650698629
Ant-v5,base,331,0.96691628834081911,12.565852372162226,169.84456958699957,202.79983677199743,16.963351996788333,415.93425984999976
Ant-v5,base,958,0.96582334118433433,12.766842563032696,167.07499901222582,202.33374869705585,16.883857789763169,413.18057976599903
Ant-v5,base,14577,0.96579659333020673,12.507536739151874,164.74230709198036,200.50707723593132,16.781790482053111,408.5111857649963
Ant-v5,base,43611,0.96551459607531942,12.826365568990468,167.67111918799151,202.8540311149759,17.290908089974209,414.95221883800309
Ant-v5,base,85062,0.96296445429786015,13.18326870298597,165.29290309408452,202.23742486301762,17.009752404028859,413.01976131000038
Ant-v5,utd2,331,0.96604449552111638,25.259278673285735,326.07702771200275,402.70277898690256,34.008164270126144,815.74632772708719
Ant-v5,utd2,958,0.96529744038090248,26.065306659133057,333.17388453050808,408.59550331023638,34.744741881164373,831.43226409504132
Ant-v5,utd2,14577,0.96595934032883723,25.492555699893273,323.97827555675758,402.55055796638771,34.060400640169973,813.78351763295359
Ant-v5,utd2,43611,0.96648084987110472,25.590604586875997,328.34421201863734,405.38858004148642,34.194990676871384,821.03891394195671
Ant-v5,utd2,85062,0.9666839204260278,25.334689304625499,331.48305051212083,404.30190658393258,33.91185989153746,822.43170646909857
Ant-v5,utd4,331,0.96667599440982077,50.545029152446659,655.61319458199432,806.0592119434441,67.784849877498345,1634.46935135698
Ant-v5,utd4,958,0.96715640463693875,51.637925807284773,664.22965505924367,816.43710877136618,69.403922538331244,1656.100920695957
Ant-v5,utd4,14577,0.96691303832434239,51.138302579754964,656.57927614585788,809.00837013196724,68.445500705711311,1639.414700943933
Ant-v5,utd4,43611,0.96584537116494162,50.915308435345651,659.81439285744273,808.8364745976869,68.503499684695271,1644.2276610589761
Ant-v5,utd4,85062,0.96659684563068493,50.756652515032329,654.97417726673302,806.52523061775719,68.405391556225368,1635.2851337150787
Ant-v5,w256,331,0.97703578035973948,12.3997080541576,164.91080840542418,196.99921835214082,16.906185972748062,400.41104803800226
Ant-v5,w256,958,0.97702621433304382,12.417098446101591,166.46168342222518,197.59035962995767,17.113755625301565,402.83760184700986
Ant-v5,w256,14577,0.97670992422999303,12.399115268744936,161.6678962802489,196.93315369702577,16.957602031152419,397.20879009499731
Ant-v5,w256,43611,0.97764480751124028,12.736056205083514,170.37473226092334,202.22618731580405,17.358924497611952,411.904095624006
Ant-v5,w256,85062,0.97672742775991872,12.487964286110582,163.68886284787004,197.1956272828902,17.188593040513297,399.86698065100791
Ant-v5,w512,331,0.96788734795993159,12.53193048079811,161.11504176032031,196.68377833116392,16.966637652809368,400.14717522800493
Ant-v5,w512,958,0.96783525310697627,12.453490478190361,160.41813199439093,197.14873862533568,17.14716982876962,400.03454067599705
Ant-v5,w512,14577,0.96756655253339707,12.455824485077756,158.78579770721262,195.85487027576346,16.944470290740355,396.91426057799617
Ant-v5,w512,43611,0.96845705666991522,12.565549494151128,165.80299721573829,198.92319814194161,16.842240873986157,406.97105050900791
Ant-v5,w512,85062,0.968636083353138,12.563151059690426,166.35268230197289,197.67941744972995,17.053130675345528,406.39450486300484
Ant-v5,b512,331,0.96714190676839795,16.374488211876724,169.33227614499901,203.48542416897953,16.979467680895596,419.97110596099628
Ant-v5,b512,958,0.96684255017733001,16.455715693221464,171.38676545282215,204.25157948208289,16.992691302958519,423.1162063110005
Ant-v5,b512,14577,0.96646471608653173,16.341459203944396,169.13917912617671,203.40606018200197,17.012494405978032,419.98345740100376
Ant-v5,b512,43611,0.96669164968445875,16.221170409037768,171.10133248272177,203.7071662169692,16.8710427050828,421.95534837500236
Ant-v5,b512,85062,0.96730525751241547,16.447427036036061,176.11248681505185,206.06437699496746,16.903208710991748,429.57225377399936
Ant-v5,b1024,331,0.9647733498631057,23.944749747748574,171.41621451989613,204.52229738897677,16.81379154109618,431.91186122299496
Ant-v5,b1024,958,0.96559567140345792,24.256069547162042,175.78700299292723,206.25466185800815,16.759113022981182,438.13043072798882
Ant-v5,b1024,14577,0.96626679522719749,24.139601760018195,175.67121430661973,208.98437248247137,17.060734092150597,440.72291912000219
Ant-v5,b1024,43611,0.96568090916649363,24.283558175777216,174.42991614352286,206.2268823296381,16.973427658089349,436.90807212000618
Ant-v5,b1024,85062,0.96456629680557926,24.306907040616352,168.18776822060136,204.58213417468687,16.928617714909706,429.21407115498914
