tag,env,config,segment,status,n,architecture_signature,utd,energy_j_mean,energy_j_sd,energy_j_min,energy_j_max,energy_kwh_mean,duration_s_mean,duration_s_sd,mean_power_w_mean,mean_power_w_sd,share_of_total_pct_mean,share_of_total_pct_sd,flops_mean,flop_type,j_per_flop_ratio_of_means,j_per_flop_per_seed_mean,j_per_flop_per_seed_sd,j_per_flop_per_seed_min,j_per_flop_per_seed_max,pj_per_flop_ratio_of_means,jpf_note,gflops_per_s_mean,gflops_per_s_sd,share_of_gu_pct_mean,share_of_gu_pct_sd
base,HalfCheetah-v5,HC-base,rollout,measured,5,bs256_h1024x1024,1,2495.7037170914186,33.35137080943111,2472.1432232903444,2553.7449953576811,0.00069325103252539403,20.477446562599834,0.26526288690509237,121.87601002848575,0.48814546855402502,4.0973047404873748,0.053043377019554028,215654400000,matmul,1.1572700195736413e-08,1.1572700195736414e-08,1.5465193758824831e-10,1.1463449033686976e-08,1.1841840441733075e-08,11572.700195736412,,10.532710003354023,0.1348066677552906,,
base,HalfCheetah-v5,HC-base,buffer_sample,allocated,5,bs256_h1024x1024,1,1550.1735414330801,20.905657421650819,1525.1875411651233,1575.4426443785121,0.00043060376150918893,10.449852958206066,0.14290688168345514,148.34452060721918,0.22980655292410829,2.5449433020100822,0.028835114736918587,0,none,,,,,,,,,,2.6536812660757851,0.031012424969198711
base,HalfCheetah-v5,HC-base,critic_update,allocated,5,bs256_h1024x1024,1,24575.089400671415,234.91472503411066,24301.360896371581,24767.985988491935,0.0068264137224087265,165.66446918999708,1.8306047589374419,148.34452060721918,0.22980655292409369,40.345570112351524,0.29837516458740482,492358860800000,matmul,4.9912962591433908e-11,4.9912962591433895e-11,4.7712094518297957e-13,4.9357009350630905e-11,5.0304743065349002e-11,49.91296259143391,,,,42.069160482063147,0.29006610414584261
base,HalfCheetah-v5,HC-base,actor_update,allocated,5,bs256_h1024x1024,1,29743.432029756008,127.12367912284402,29618.08760915753,29948.031939565488,0.0082620644527100027,200.50247887203813,0.82267464712958094,148.34452060721918,0.2298065529241049,48.831295254038508,0.21004952859985604,384512819200000,matmul,7.7353551155040425e-11,7.7353551155040412e-11,3.3060972944239088e-13,7.7027568731725478e-11,7.7885652816137596e-11,77.353551155040421,,,,50.917639910252134,0.24427305613742609
base,HalfCheetah-v5,HC-base,target_update,allocated,5,bs256_h1024x1024,1,2546.626511255743,28.800610046277249,2517.0277280624582,2582.7619225478866,0.00070739625312659531,17.166974050051682,0.19243661824584843,148.34452060721918,0.2298065529241049,4.1808865911125146,0.042750846207618161,430080400000,elementwise,5.9212800938051192e-09,5.9212800938051183e-09,6.6965641880627996e-11,5.8524585823080012e-09,6.0053002242089771e-09,5921.2800938051196,J per elementwise Polyak op (NOT J/FLOP),,,4.3595183416089283,0.045645481894577282
base,HalfCheetah-v5,HC-base,gradient_updates,measured,5,bs256_h1024x1024,1,58415.321483116233,247.8293234231202,58011.487892845718,58655.618996153426,0.01622647818975451,404.86536264679955,2.2347468000430148,144.28418272856194,0.21933989193161066,95.902695259512626,0.053043377019555402,876871680000000,matmul,6.6617867603063924e-11,6.6617867603063924e-11,2.8262895139129096e-13,6.6157328621726865e-11,6.6891907144444925e-11,66.617867603063928,derived by context generator (not a pipeline output),2165.8882899719092,12.008141879727651,,
base,HalfCheetah-v5,HC-base,TOTAL_MEASURED_TRAINING,aggregate,5,bs256_h1024x1024,1,60911.02520020766,254.11146787148368,60483.631116136065,61136.846530031631,0.016919729222279904,425.34280920939938,2.2656521221432611,143.20528615623945,0.19490668884339765,,,877087334400000,mixed_total,6.9446932832379588e-11,6.9446932832379588e-11,2.8972196713491191e-13,6.8959644888170515e-11,6.9704400157430471e-11,69.446932832379588,,2062.1186546608737,11.03833777894358,,
base,HalfCheetah-v5,HC-base,warmup,excluded,5,bs256_h1024x1024,1,18.382470169242254,2.3699417902855626,14.20776845254372,19.724171579321801,5.1062417136784034e-06,0.15164704640014856,0.0014311148519946454,121.31282481570933,16.35230707627279,,,,,,,,,,,,,,,
base,HalfCheetah-v5,HC-base,idle_baseline_head,excluded,5,bs256_h1024x1024,1,6027.607379945397,109.08725573353433,5884.0967858464955,6145.059257793635,0.0016743353833181659,90.004227516800057,0.0011847704407261189,66.970265295693977,1.2117253396278755,,,,,,,,,,,,,,,
base,HalfCheetah-v5,HC-base,idle_baseline_tail,excluded,5,bs256_h1024x1024,1,6262.371511835674,65.902061270339729,6200.8257772385014,6372.7156030700035,0.0017395476421765762,90.00463320599988,0.0021775744483403846,69.578325716154211,0.73244250632927599,,,,,,,,,,,,,,,
utd2,HalfCheetah-v5,HC-utd2,rollout,measured,5,bs256_h1024x1024,2,2513.3882452373573,28.542379030106126,2483.837266240751,2558.4980904275981,0.00069816340145482144,20.394045899600588,0.35229639612307939,123.25366092984488,1.1374534056315777,2.1295870461450859,0.025556266548341835,215654400000,matmul,1.165470421766195e-08,1.1654704217661953e-08,1.3235240750991452e-10,1.1517674882778885e-08,1.1863880776036093e-08,11654.704217661949,,10.576851761560301,0.17883109393187202,,
utd2,HalfCheetah-v5,HC-utd2,buffer_sample,allocated,5,bs256_h1024x1024,2,3047.4772376229921,32.196679787949392,3018.680293398244,3098.3719884809593,0.00084652145489527556,20.672839125666542,0.1845809430690058,147.41357385014152,0.5697340755664172,2.5820457995992543,0.019357127152313455,0,none,,,,,,,,,,2.6382274573647964,0.019471897107572148
utd2,HalfCheetah-v5,HC-utd2,critic_update,allocated,5,bs256_h1024x1024,2,48486.535230204034,414.60915935341148,47856.832446726097,48950.522035829381,0.01346848200839001,328.91870759616114,3.0535079014588637,147.41357385014152,0.56973407556642042,41.081324854135701,0.17099881420204116,984717721600000,matmul,4.9239019636431043e-11,4.9239019636431036e-11,4.2104366587385276e-13,4.8599544211479025e-11,4.9710207262537173e-11,49.239019636431046,,,,41.975198972118406,0.16673818197388343
utd2,HalfCheetah-v5,HC-utd2,actor_update,allocated,5,bs256_h1024x1024,2,58953.324323809473,230.66472797892871,58704.722984786727,59223.159176656009,0.016375923423280408,399.92197940699953,2.0414952322453734,147.41357385014152,0.5697340755664172,49.950511450121624,0.13567946469699624,769025638400000,matmul,7.6659764486480702e-11,7.6659764486480702e-11,2.9994413249841441e-13,7.6336496539861945e-11,7.7010643364079557e-11,76.659764486480697,,,,51.03742035510065,0.14828259777963146
utd2,HalfCheetah-v5,HC-utd2,target_update,allocated,5,bs256_h1024x1024,2,5023.6845429220011,24.74581236898409,4990.7281461753064,5047.4709247785358,0.0013954679285894448,34.079238864827495,0.21067048783392137,147.41357385014152,0.56973407556643063,4.2565308499983416,0.021963327026013228,860160800000,elementwise,5.840401635277963e-09,5.8404016352779647e-09,2.8768821328504941e-11,5.8020874075815903e-09,5.868055048286943e-09,5840.4016352779627,J per elementwise Polyak op (NOT J/FLOP),,,4.3491532154161474,0.023228721030867868
utd2,HalfCheetah-v5,HC-utd2,gradient_updates,measured,5,bs256_h1024x1024,2,115511.02133455849,621.50808287521068,114642.22527929467,116211.25840454364,0.032086394815155135,805.16429417639904,4.9268827290091135,143.4637996107208,0.47845564057492429,97.87041295385491,0.025556266548344104,1753743360000000,matmul,6.5865407658369405e-11,6.5865407658369405e-11,3.5438941469475582e-13,6.5370012451134622e-11,6.6264689038961575e-11,65.865407658369406,derived by context generator (not a pipeline output),2178.1840357199812,13.35851394084251,,
utd2,HalfCheetah-v5,HC-utd2,TOTAL_MEASURED_TRAINING,aggregate,5,bs256_h1024x1024,2,118024.40957979586,623.67831665377821,117156.59871717762,118695.09567078439,0.032784558216609958,825.55834007599947,5.1777906813080596,142.96441454589643,0.47254869107193354,,,1753959014400000,mixed_total,6.7290289345883053e-11,6.7290289345883053e-11,3.555831758515368e-13,6.6795516745443976e-11,6.7672673475433517e-11,67.290289345883053,,2124.6400226713295,13.344762748144595,,
utd2,HalfCheetah-v5,HC-utd2,warmup,excluded,5,bs256_h1024x1024,2,16.73838275002063,3.0889259090959258,14.26364875348491,20.122600081900512,4.6495507638946198e-06,0.15265976299997416,0.0025277844310337087,109.62229431979361,20.021555173130924,,,,,,,,,,,,,,,
utd2,HalfCheetah-v5,HC-utd2,idle_baseline_head,excluded,5,bs256_h1024x1024,2,6075.191110403417,542.00709511417745,5650.5724916799982,7018.9491476547018,0.0016875530862231715,90.002909035000172,0.00039375673027599461,67.499920684555534,6.0217807162238586,,,,,,,,,,,,,,,
utd2,HalfCheetah-v5,HC-utd2,idle_baseline_tail,excluded,5,bs256_h1024x1024,2,6110.3226177010538,53.062120641119371,6030.8860909078085,6172.232504704356,0.0016973118382502927,90.003599419999688,0.00011343776084596363,67.889758280785458,0.58954115149595487,,,,,,,,,,,,,,,
utd4,HalfCheetah-v5,HC-utd4,rollout,measured,5,bs256_h1024x1024,4,2552.8745233007339,47.446741156678904,2498.5984059956718,2619.2515578852685,0.00070913181202798164,20.493697406400315,0.38760943300483758,124.57271564458196,1.0327489000243495,1.0864864403951553,0.017128344722585676,215654400000,matmul,1.1837804020232065e-08,1.1837804020232065e-08,2.2001285926314944e-10,1.1586123009758539e-08,1.2145597575960744e-08,11837.804020232066,,10.525937063399429,0.19663163142024992,,
utd4,HalfCheetah-v5,HC-utd4,buffer_sample,allocated,5,bs256_h1024x1024,4,6072.1943014806584,41.761264641989364,6027.0097232110638,6113.3121339694317,0.0016867206393001829,41.217266023236149,0.21724747409143638,147.32184783752712,0.71463029477886375,2.5843697151404377,0.014700493105092253,0,none,,,,,,,,,,2.6127570862876426,0.01488238984451221
utd4,HalfCheetah-v5,HC-utd4,critic_update,allocated,5,bs256_h1024x1024,4,97913.672266045702,628.51154022905575,97140.604420062096,98563.645823509127,0.027198242296123807,664.63734184895952,5.4480051411833115,147.32184783752714,0.71463029477885953,41.672470046083028,0.1216963695046126,1969435443200000,matmul,4.9716619351052464e-11,4.9716619351052457e-11,3.1913284713096681e-13,4.9324086633794416e-11,5.0046649746162713e-11,49.716619351052465,,,,42.130206576817592,0.12175581087488026
utd4,HalfCheetah-v5,HC-utd4,actor_update,allocated,5,bs256_h1024x1024,4,118341.58885296225,561.9132480579101,117560.65372164095,119001.12655018478,0.032872663570267288,803.2986396013614,4.9745621098567492,147.32184783752712,0.71463029477885986,50.366939855847427,0.085542048574244828,1538051276800000,matmul,7.6942551030664206e-11,7.6942551030664206e-11,3.653410367611417e-13,7.6434807795376194e-11,7.7371364885683878e-11,76.942551030664205,,,,50.920187560173098,0.090959172221215023
utd4,HalfCheetah-v5,HC-utd4,target_update,allocated,5,bs256_h1024x1024,4,10078.769982639127,72.581327030446772,9980.0269000033186,10152.212123428269,0.0027996583285108687,68.413368569373048,0.38718739978060929,147.32184783752712,0.71463029477886619,4.2897339425339531,0.04629639041469015,1720321600000,elementwise,5.85865455775195e-09,5.85865455775195e-09,4.2190557294895966e-11,5.8012565208757002e-09,5.9013454946030265e-09,5858.6545577519501,J per elementwise Polyak op (NOT J/FLOP),,,4.3368487767216726,0.046278064747872931
utd4,HalfCheetah-v5,HC-utd4,gradient_updates,measured,5,bs256_h1024x1024,4,232406.22540312767,1075.3123831058394,230882.85191489494,233627.94470847488,0.06455728483420213,1620.6598262930015,9.7723664493592342,143.40424891581875,0.64953831027244102,98.913513559604851,0.017128344722586168,3507486720000000,matmul,6.6260044286961025e-11,6.6260044286961038e-11,3.0657632343248087e-13,6.5825723757806539e-11,6.6608361872422113e-11,66.260044286961019,derived by context generator (not a pipeline output),2164.2963555249726,12.974871104139924,,
utd4,HalfCheetah-v5,HC-utd4,TOTAL_MEASURED_TRAINING,aggregate,5,bs256_h1024x1024,4,234959.09992642846,1106.8515843752532,233381.45032089061,236247.19626636014,0.065266416646230133,1641.1535236994018,10.040684389181489,143.16906863679557,0.64508066140524134,,,3507702374400000,mixed_total,6.6983761690048947e-11,6.6983761690048947e-11,3.1554888819909678e-13,6.6533994452939011e-11,6.7350981083955481e-11,66.983761690048951,,2137.403187028076,12.996888634419768,,
utd4,HalfCheetah-v5,HC-utd4,warmup,excluded,5,bs256_h1024x1024,4,17.86892989288134,3.0413962132130483,14.462359135513497,20.242758901675099,4.9635916369114836e-06,0.15346475399965126,0.0026327295187959102,116.61253716131709,20.936679241592874,,,,,,,,,,,,,,,
utd4,HalfCheetah-v5,HC-utd4,idle_baseline_head,excluded,5,bs256_h1024x1024,4,5821.4587162157459,30.559617767796954,5775.5034372899036,5850.8542953521419,0.001617071865615485,90.002759880199662,5.8923899410286575e-05,64.680891272243102,0.33956685149467841,,,,,,,,,,,,,,,
utd4,HalfCheetah-v5,HC-utd4,idle_baseline_tail,excluded,5,bs256_h1024x1024,4,6200.4919480849294,63.935768437961684,6112.7498644388161,6287.7560732431339,0.001722358874468036,90.00363132379934,0.00026006598463120402,68.891575753579176,0.71041784765051097,,,,,,,,,,,,,,,
w256,HalfCheetah-v5,HC-w256,rollout,measured,5,bs256_h256x256,1,2278.4376879340739,20.100386285240813,2248.5065319932683,2299.7413944824907,0.00063289935775946498,19.700630565001667,0.089418919834929347,115.65185442888462,0.65376519718970894,4.8063732948735289,0.061714126327380894,14592000000,matmul,1.5614293365776274e-07,1.5614293365776274e-07,1.3774935776617968e-09,1.5409173053681936e-07,1.5760289161749526e-07,156142.93365776274,,0.74069911733438853,0.0033504146037368152,,
w256,HalfCheetah-v5,HC-w256,buffer_sample,allocated,5,bs256_h256x256,1,1189.4213070221067,9.1467190104074749,1173.7434851685402,1196.6503393334649,0.00033039480750614075,10.179640681264392,0.06131973636387178,116.84321950184221,0.57969128145920856,2.5089767315004394,0.014723059821699613,0,none,,,,,,,,,,2.6356627409594924,0.016715246573700427
w256,HalfCheetah-v5,HC-w256,critic_update,allocated,5,bs256_h256x256,1,18973.854151953019,277.58384038238154,18629.799141013453,19301.287720843011,0.0052705150422091718,162.38371232936896,1.8819967526151857,116.84321950184219,0.57969128145921101,40.021099334601999,0.22365613834721082,32492748800000,matmul,5.8394118234629071e-10,5.8394118234629071e-10,8.5429472923626985e-12,5.7335251183837831e-10,5.9401830973570969e-10,583.9411823462907,,,,42.041685918759718,0.21003083708162476
w256,HalfCheetah-v5,HC-w256,actor_update,allocated,5,bs256_h256x256,1,22990.474648337939,176.79552153548323,22815.174536869374,23263.603219105418,0.0063862429578716495,196.76170526779052,0.6890925710628053,116.84321950184221,0.57969128145920046,48.495839742315148,0.14340449924774049,25663897600000,matmul,8.958294257041432e-10,8.958294257041431e-10,6.8888804144653135e-12,8.8899881430595227e-10,9.0647194676717455e-10,895.8294257041432,,,,50.944495894033324,0.17732512979161669
w256,HalfCheetah-v5,HC-w256,target_update,allocated,5,bs256_h256x256,1,1975.7397822646956,10.61385442183391,1965.4944135640615,1990.8637446081323,0.00054881660618463768,16.909433215752415,0.076669762064024802,116.84321950184221,0.57969128145920301,4.167710896708881,0.02749711125071307,28877200000,elementwise,6.8418675711796697e-08,6.8418675711796697e-08,3.6755137000241954e-10,6.8063884779828423e-08,6.8942409395929389e-08,68418.675711796692,J per elementwise Polyak op (NOT J/FLOP),,,4.3781554462474617,0.031426226323081542
w256,HalfCheetah-v5,HC-w256,gradient_updates,measured,5,bs256_h256x256,1,45129.489889577766,458.17783050136285,44584.211576615431,45742.363743638431,0.012535969413771601,395.48804303259919,2.5212143497082549,114.10925505929478,0.58965403544903028,95.193626705126462,0.061714126327381907,58156646400000,matmul,7.7599883561335762e-10,7.7599883561335762e-10,7.8783399467367217e-12,7.6662280816480209e-10,7.865371642825407e-10,775.99883561335764,derived by context generator (not a pipeline output),147.0551198885633,0.93961822823420027,,
w256,HalfCheetah-v5,HC-w256,TOTAL_MEASURED_TRAINING,aggregate,5,bs256_h256x256,1,47407.927577511829,458.53329298278942,46855.564706047182,48021.847312855949,0.013168868771531063,415.18867359760088,2.4650435876267482,114.18256355558105,0.57685816457845962,,,58171238400000,mixed_total,8.1497194973782493e-10,8.1497194973782493e-10,7.8824743222724451e-12,8.0547648622944191e-10,8.2552561426741002e-10,814.97194973782496,,140.11192039555308,0.83364903650016697,,
w256,HalfCheetah-v5,HC-w256,warmup,excluded,5,bs256_h256x256,1,16.759094640573586,3.2523872553929949,14.256013272269646,21.261818873845492,4.6553040668259963e-06,0.15127238860004577,0.0019989817157031044,110.75082978373833,21.109151236410494,,,,,,,,,,,,,,,
w256,HalfCheetah-v5,HC-w256,idle_baseline_head,excluded,5,bs256_h256x256,1,6227.6089906200004,478.00772032213206,5811.7719704600513,6784.8208417405003,0.0017298913862833336,90.003357099399821,0.00023473268289183423,69.19307534443081,5.3110157844595136,,,,,,,,,,,,,,,
w256,HalfCheetah-v5,HC-w256,idle_baseline_tail,excluded,5,bs256_h256x256,1,6636.2420406084739,515.7805739176174,6003.0804251230629,7034.7699024140957,0.0018434005668356871,90.00302744639994,0.00012480828999270855,73.733547573993505,5.7307829291806538,,,,,,,,,,,,,,,
w512,HalfCheetah-v5,HC-w512,rollout,measured,5,bs256_h512x512,1,2326.7460127575819,10.007130739503662,2319.325738629253,2343.4473163515768,0.00064631833687710607,19.70772672019957,0.11160345562835493,118.0657161137722,0.84866354513214648,4.695855255714088,0.060835671523738935,55398400000,matmul,4.200023850431749e-08,4.2000238504317483e-08,1.806393458927268e-10,4.186629466968817e-08,4.2301714785112508e-08,42000.238504317487,,2.8110713405425845,0.015969343167105396,,
w512,HalfCheetah-v5,HC-w512,buffer_sample,allocated,5,bs256_h512x512,1,1244.0874352435853,5.1709273186890945,1238.3845497946477,1251.1263395391593,0.00034557984312321815,10.197119192742866,0.047425656167952281,122.00531033100825,0.6263361426373385,2.5107752655370126,0.027013919330111935,0,none,,,,,,,,,,2.6345010989691224,0.029902272822646347
w512,HalfCheetah-v5,HC-w512,critic_update,allocated,5,bs256_h512x512,1,19809.17597493768,447.30837473954557,19252.508113097803,20300.459338895707,0.0055025488819271332,162.37905628088575,4.371423600090651,122.00531033100826,0.62633614263734072,39.970938140858792,0.49588051514775128,125383475200000,matmul,1.5798872972167931e-10,1.5798872972167931e-10,3.5675225465400485e-12,1.5354900701538223e-10,1.6190697623043476e-10,157.98872972167931,,,,41.940149001371836,0.49390440856304851
w512,HalfCheetah-v5,HC-w512,actor_update,allocated,5,bs256_h512x512,1,24101.090746281483,85.676549990462561,23994.44155510069,24208.194196276589,0.0066947474295226345,197.54701487304501,1.5079550731692517,122.00531033100826,0.62633614263734416,48.638841614664628,0.34753788776146977,98304000000000,matmul,2.451689732491199e-10,2.451689732491199e-10,8.715469359381373e-13,2.4408408157451061e-10,2.4625848588334748e-10,245.16897324911992,,,,51.035590092750226,0.39692159381381048
w512,HalfCheetah-v5,HC-w512,target_update,allocated,5,bs256_h512x512,1,2072.8833665497341,11.866000583725597,2057.8919358483954,2090.858994752401,0.00057580093515270387,16.990209465146837,0.078519491768187358,122.00531033100826,0.6263361426373445,4.1835897232254879,0.063530821204030932,110182800000,elementwise,1.881313023947235e-08,1.8813130239472354e-08,1.0769376512237464e-10,1.8677070612186252e-08,1.8976273926169973e-08,18813.13023947235,J per elementwise Polyak op (NOT J/FLOP),,,4.3897598069088186,0.069429691950656541
w512,HalfCheetah-v5,HC-w512,gradient_updates,measured,5,bs256_h512x512,1,47227.237523012482,515.40066768427971,46649.475477289663,47817.671810559848,0.013118677089725689,397.24210523639778,5.7384816963198544,118.89295643371784,0.51166367305954674,95.304144744285921,0.06083567152374094,223687475200000,matmul,2.111304510044042e-10,2.111304510044042e-10,2.3041105328917415e-12,2.0854755249743041e-10,2.1377000105976361e-10,211.13045100440419,derived by context generator (not a pipeline output),563.1954471733228,8.1622655044545027,,
w512,HalfCheetah-v5,HC-w512,TOTAL_MEASURED_TRAINING,aggregate,5,bs256_h512x512,1,49553.983535770072,510.51814732605573,48992.922793641243,50138.197706786443,0.013764995426602799,416.94983195659734,5.7555517810978705,118.85366523425914,0.50060036387357465,,,223742873600000,mixed_total,2.2147737149546501e-10,2.2147737149546496e-10,2.2817180235145413e-12,2.1896975758534837e-10,2.240884677132637e-10,221.47737149546501,,536.70026047923716,7.4299896292071415,,
w512,HalfCheetah-v5,HC-w512,warmup,excluded,5,bs256_h512x512,1,19.485305840597974,2.6185386927946199,15.125079210894823,21.543905661926004,5.4125849557216596e-06,0.15145456920017747,0.0031960793260992714,128.57932357174519,16.42619148354478,,,,,,,,,,,,,,,
w512,HalfCheetah-v5,HC-w512,idle_baseline_head,excluded,5,bs256_h512x512,1,6372.1074391613602,551.9057328040052,5701.7834335381522,6779.9759091440492,0.0017700298442114889,90.00318077620031,9.8780087774086271e-05,70.79868934251698,6.1320367315103601,,,,,,,,,,,,,,,
w512,HalfCheetah-v5,HC-w512,idle_baseline_tail,excluded,5,bs256_h512x512,1,6411.8536670542917,544.55744842588899,5998.8293741237167,7034.8294755024517,0.0017810704630706366,90.003186039800127,0.00010666238068178158,71.240299698159177,6.0504716120438182,,,,,,,,,,,,,,,
b512,HalfCheetah-v5,HC-b512,rollout,measured,5,bs512_h1024x1024,1,2646.9936131780687,37.775781733155874,2605.7493279051537,2704.7609669946264,0.00073527600366057465,20.424782416978267,0.42285794953631539,129.6144607120784,1.3877302015238351,3.6251999047905685,0.073355298535890415,215654400000,matmul,1.2274238843158631e-08,1.2274238843158629e-08,1.7516814743012836e-10,1.2082987075177477e-08,1.2542108888084947e-08,12274.238843158631,,10.562003183362837,0.21348841517376008,,
b512,HalfCheetah-v5,HC-b512,buffer_sample,allocated,5,bs512_h1024x1024,1,2103.1650429496049,17.726551773740745,2080.6562871714927,2122.9374068862048,0.00058421251193044581,12.152113039963297,0.084065279041631011,173.0722757599371,1.3094648404647147,2.8802910274000424,0.03908947872416816,0,none,,,,,,,,,,2.9886573058339443,0.042499061021696677
b512,HalfCheetah-v5,HC-b512,critic_update,allocated,5,bs512_h1024x1024,1,29859.695017968392,660.45872654988955,29221.349614726616,30642.547244403228,0.0082943597272134417,172.55707055730164,5.0756139482607798,173.0722757599371,1.3094648404647065,40.886917494498775,0.62482217973971499,984717721600000,matmul,3.0323101090789178e-11,3.0323101090789178e-11,6.7070868337451639e-13,2.9674848917359642e-11,3.1118102753969191e-11,30.323101090789176,,,,42.424546704118463,0.61745328498661667
b512,HalfCheetah-v5,HC-b512,actor_update,allocated,5,bs512_h1024x1024,1,35466.730868864848,106.48061585136033,35370.381584896604,35636.278101742035,0.0098518696857957909,204.93204909806082,1.3749645842803793,173.0722757599371,1.3094648404647147,48.570950505149149,0.43153181633992505,769025638400000,matmul,4.6119048699930635e-11,4.6119048699930635e-11,1.384617242058399e-13,4.5993761220349717e-11,4.6339518895475666e-11,46.119048699930637,,,,50.398261632757688,0.48451333118955531
b512,HalfCheetah-v5,HC-b512,target_update,allocated,5,bs512_h1024x1024,1,2947.386091484007,45.124253166419024,2898.6453299476316,3001.0211879234212,0.00081871835874555753,17.029245900074603,0.16728799899986505,173.0722757599371,1.3094648404647073,4.0366410681614742,0.086782190699623396,430080400000,elementwise,6.8531048880256042e-09,6.853104888025605e-09,1.0492050594823428e-10,6.7397754697671217e-09,6.9778143526731773e-09,6853.1048880256039,J per elementwise Polyak op (NOT J/FLOP),,,4.1885343572899156,0.092983909252715116
b512,HalfCheetah-v5,HC-b512,gradient_updates,measured,5,bs512_h1024x1024,1,70376.977021266852,547.23135002992183,69730.683906980295,71043.392084819439,0.019549160283685238,417.23238152059201,6.0493765507926174,168.68902331473097,1.1617845636908291,96.374800095209437,0.073355298535889998,1753743360000000,matmul,4.0129575755751888e-11,4.0129575755751888e-11,3.1203616362084125e-13,3.9761053696579806e-11,4.050957152865254e-11,40.129575755751887,derived by context generator (not a pipeline output),4203.9829013834878,60.842560966672323,,
b512,HalfCheetah-v5,HC-b512,TOTAL_MEASURED_TRAINING,aggregate,5,bs512_h1024x1024,1,73023.970634444922,517.56963107591378,72391.684463311569,73649.141412724595,0.020284436287345813,437.65716393757032,5.9317253994164005,166.8638564305781,1.1114937445064854,,,1753959014400000,mixed_total,4.16337953366745e-11,4.1633795336674493e-11,2.9508650249331256e-13,4.1273304489429906e-11,4.1990229422731827e-11,41.633795336674503,,4008.1978721154082,54.264884540653824,,
b512,HalfCheetah-v5,HC-b512,warmup,excluded,5,bs512_h1024x1024,1,19.454022727186537,3.2937461218673389,14.19312059121906,23.309689728183685,5.4038952019962606e-06,0.15400379079801496,0.0040703287940901311,126.05112513184045,19.113924284262289,,,,,,,,,,,,,,,
b512,HalfCheetah-v5,HC-b512,idle_baseline_head,excluded,5,bs512_h1024x1024,1,5759.7170158393656,110.82068508216614,5675.3625438515674,5948.2892470747038,0.0015999213932887126,90.003080566402062,0.00050389857702142578,63.994661189300587,1.2310288299113232,,,,,,,,,,,,,,,
b512,HalfCheetah-v5,HC-b512,idle_baseline_tail,excluded,5,bs512_h1024x1024,1,6100.387505705583,31.33051812611383,6057.2674822154268,6140.8880909282789,0.0016945520849182174,90.003459699399542,0.00017801460473210472,67.779478167389726,0.34817390437862172,,,,,,,,,,,,,,,
b1024,HalfCheetah-v5,HC-b1024,rollout,measured,5,bs1024_h1024x1024,1,2748.1709630239884,32.584348217528117,2711.3300048734436,2779.7552770424172,0.00076338082306221899,20.481136703031371,0.35170285242188326,134.19645626284532,1.6113704658162891,3.3365844751916214,0.037251498210160869,215654400000,matmul,1.2743403162764072e-08,1.2743403162764072e-08,1.5109521631614365e-10,1.2572569838006753e-08,1.2889861171589438e-08,12743.403162764072,,10.531865470973262,0.17834286257203827,,
b1024,HalfCheetah-v5,HC-b1024,buffer_sample,allocated,5,bs1024_h1024x1024,1,2959.7360950488669,28.577796698253955,2916.7534482486162,2988.7246373882263,0.00082214891529135191,15.156854010815731,0.095076713709673646,195.27330449761212,1.3568394649597351,3.5936971881071527,0.056905705442782221,0,none,,,,,,,,,,3.7177422826239983,0.058821002896499879
b1024,HalfCheetah-v5,HC-b1024,critic_update,allocated,5,bs1024_h1024x1024,1,33302.333271607786,502.55652608452647,32493.047836443933,33710.979792051912,0.0092506481310021624,170.56292995779367,3.7373004026593768,195.27330449761212,1.3568394649597575,40.430496408140755,0.35095223950636067,1969435443200000,matmul,1.6909583600007278e-11,1.6909583600007278e-11,2.5517796372546012e-13,1.6498661049609334e-11,1.7117077845048458e-11,16.909583600007277,,,,41.825998314489915,0.35406971875598237
b1024,HalfCheetah-v5,HC-b1024,actor_update,allocated,5,bs1024_h1024x1024,1,40035.204271408598,167.76995259327668,39915.898994877411,40316.543057667266,0.011120890075391278,205.03160149442556,1.9850972951553558,195.27330449761212,1.3568394649597457,48.607645631019693,0.24542941553448056,1538051276800000,matmul,2.6029824151704509e-11,2.6029824151704515e-11,1.0907955743993878e-13,2.5952255036597108e-11,2.6212743141794366e-11,26.02982415170451,,,,50.285512464220709,0.26531762247192314
b1024,HalfCheetah-v5,HC-b1024,target_update,allocated,5,bs1024_h1024x1024,1,3320.5155882288796,28.866228127753288,3284.9403671427449,3353.748515991078,0.00092236544117468876,17.004937167989556,0.16895416108883404,195.27330449761212,1.3568394649597373,4.0315762975407781,0.044819156554037433,430080400000,elementwise,7.7206856862783781e-09,7.7206856862783781e-09,6.7118213542754797e-11,7.6379680802537033e-09,7.7979571168346154e-09,7720.6856862783779,J per elementwise Polyak op (NOT J/FLOP),,,4.1707469386653795,0.047517212984093067
b1024,HalfCheetah-v5,HC-b1024,gradient_updates,measured,5,bs1024_h1024x1024,1,79617.789226294131,577.49443463624277,78756.884297208162,80182.771076000878,0.022116052562859482,418.52250386920059,5.6490885605659189,190.24845022442375,1.2225149098948196,96.663415524808372,0.037251498210162062,3507486720000000,matmul,2.2699384368957534e-11,2.2699384368957537e-11,1.6464622127956123e-13,2.2453936560366554e-11,2.2860463196850217e-11,22.699384368957535,derived by context generator (not a pipeline output),8381.8732517766002,114.15030790372218,,
b1024,HalfCheetah-v5,HC-b1024,TOTAL_MEASURED_TRAINING,aggregate,5,bs1024_h1024x1024,1,82365.960189318124,589.76134110718613,81512.578634565405,82960.082125258094,0.022879433385921702,439.00364057223197,5.8997588762140269,187.63308936023139,1.2066477676110392,,,3507702374400000,mixed_total,2.348145634887481e-11,2.348145634887481e-11,1.6813323314184106e-13,2.3238168445949839e-11,2.3650832730484607e-11,23.481456348874811,,7991.3083114457522,108.28485262343122,,
b1024,HalfCheetah-v5,HC-b1024,warmup,excluded,5,bs1024_h1024x1024,1,16.45914938293226,3.0921502707751194,14.096699571074321,19.881439660432864,4.5719859397034053e-06,0.15357007280108514,0.0019806716354600117,107.1257143976442,19.714698252106526,,,,,,,,,,,,,,,
b1024,HalfCheetah-v5,HC-b1024,idle_baseline_head,excluded,5,bs1024_h1024x1024,1,5689.1572926127228,62.319996811211318,5583.1691478744951,5742.9590081547476,0.0015803214701702007,90.002745217000481,6.0223649323831122e-05,63.210930747397597,0.69242598538127986,,,,,,,,,,,,,,,
b1024,HalfCheetah-v5,HC-b1024,idle_baseline_tail,excluded,5,bs1024_h1024x1024,1,6380.1665100922528,53.842882474358866,6305.7327209649156,6436.3494454398569,0.0017722684750256258,90.003462932596449,4.4450381830459228e-05,70.888011438015269,0.59823079584959205,,,,,,,,,,,,,,,
base,Ant-v5,Ant-base,rollout,measured,5,bs256_h1024x1024,1,4332.1126380468513,50.193718687377235,4265.6301881540121,4406.4388496464517,0.001203364621679681,35.989817446198415,0.28803120441124874,120.36882437190179,0.71246606639766419,6.7286493384488306,0.038396981050092052,234496000000,matmul,1.8474143004771303e-08,1.8474143004771303e-08,2.1404935984996442e-10,1.819063091973429e-08,1.8791104537588921e-08,18474.143004771304,,6.515954529853369,0.052139396930020558,,
base,Ant-v5,Ant-base,buffer_sample,allocated,5,bs256_h1024x1024,1,1922.9165413952455,50.681234351212161,1875.970189715101,2006.4061319688403,0.00053414348372090149,12.769973189264647,0.26671205507825835,150.56823916370422,0.9363149549709997,2.9865314658842097,0.064319168715802677,0,none,,,,,,,,,,3.202003556172567,0.070227157229445628
base,Ant-v5,Ant-base,critic_update,allocated,5,bs256_h1024x1024,1,25133.148080304756,295.65905392882865,24709.23440280875,25544.622934069288,0.0069814300223068771,166.92517959465636,2.032914693207609,150.56823916370422,0.93631495497099171,39.036900398769987,0.24270607039723843,525493862400000,matmul,4.782767198368092e-11,4.7827671983680914e-11,5.6263084135467455e-13,4.7020976210756118e-11,4.861069702584844e-11,47.827671983680922,,,,41.852971982149839,0.2444602527468572
base,Ant-v5,Ant-base,actor_update,allocated,5,bs256_h1024x1024,1,30436.925713934623,252.22360081558276,30073.491492859419,30779.195850482851,0.0084547015872040616,202.14642373659564,0.95635840455252552,150.56823916370422,0.93631495497100403,47.275509014940063,0.14243757233101756,413243801600000,matmul,7.3653677553271794e-11,7.3653677553271794e-11,6.1035059652201114e-13,7.2774210711499312e-11,7.4481929871208625e-11,73.653677553271791,,,,50.686038845199441,0.16986953843811409
base,Ant-v5,Ant-base,target_update,allocated,5,bs256_h1024x1024,1,2557.5367259669993,32.293218347083702,2517.05346391899,2591.7216885989537,0.00071042686832416648,16.985932152521535,0.19116784993436417,150.56823916370422,0.93631495497098804,3.9724097819569137,0.035813606870787419,466944400000,elementwise,5.477176139101356e-09,5.4771761391013568e-09,6.9158594357451755e-11,5.3904778896994804e-09,5.5503860600939931e-09,5477.1761391013561,J per elementwise Polyak op (NOT J/FLOP),,,4.2589856164781619,0.038886088935613614
base,Ant-v5,Ant-base,gradient_updates,measured,5,bs256_h1024x1024,1,60050.527061601621,545.03914011890345,59175.749549302258,60530.858041957719,0.016680701961556004,413.11960110579969,2.8518401924838486,145.35811706447413,0.72714003586021192,93.271350661551168,0.038396981050093391,938737664000000,matmul,6.3969444675015855e-11,6.3969444675015855e-11,5.8060857790287249e-13,6.3037578887750106e-11,6.4481122216864327e-11,63.969444675015858,derived by context generator (not a pipeline output),2272.4015936003684,15.768956502451831,,
base,Ant-v5,Ant-base,TOTAL_MEASURED_TRAINING,aggregate,5,bs256_h1024x1024,1,64382.639699648484,588.26997542352683,63441.379737456271,64937.296891604172,0.017884066583235689,449.10941855199815,2.9547484012372398,143.35533189891459,0.71008184561442178,,,938972160000000,mixed_total,6.8567144418476134e-11,6.8567144418476134e-11,6.2650417177813545e-13,6.756470792217766e-11,6.9157851167391555e-11,68.567144418476133,,2090.8153795452804,13.842016606629656,,
base,Ant-v5,Ant-base,warmup,excluded,5,bs256_h1024x1024,1,74.673330924420924,3.7043518363624464,69.918255657265732,77.690276181469841,2.0742591923450256e-05,0.66544344679996359,0.0076278207280017279,112.19591537413366,4.8925637345079647,,,,,,,,,,,,,,,
base,Ant-v5,Ant-base,idle_baseline_head,excluded,5,bs256_h1024x1024,1,5965.8262503585993,183.14832910023213,5692.8228928337212,6142.9228968629568,0.0016571739584329442,90.00387484319981,0.00045789237834158002,66.284101595243399,2.0347769715346322,,,,,,,,,,,,,,,
base,Ant-v5,Ant-base,idle_baseline_tail,excluded,5,bs256_h1024x1024,1,6517.4755285253095,302.50308299079035,6263.2207505941924,6985.5917723915236,0.0018104098690348081,90.003920339999965,0.00058829699225566997,72.413227393223067,3.3606273030547555,,,,,,,,,,,,,,,
utd2,Ant-v5,Ant-utd2,rollout,measured,5,bs256_h1024x1024,2,4308.5681597465054,66.085349717978147,4212.3398022488655,4385.3112991582802,0.0011968244888184737,36.235294781948326,0.44156616252725162,118.9046519656595,1.0302168871742912,3.4975757744715068,0.03565392005604525,234496000000,matmul,1.8373738399574004e-08,1.8373738399574004e-08,2.8181866521381312e-10,1.7963375930714661e-08,1.8701006836612482e-08,18373.738399574006,,6.4722404488818297,0.077965106919311564,,
utd2,Ant-v5,Ant-utd2,buffer_sample,allocated,5,bs256_h1024x1024,2,3829.553974008918,39.386562097553373,3788.905743004615,3892.6471585322834,0.001063764992780255,25.548486984762711,0.31676318927181513,149.89714517041099,0.52319003767083205,3.1088368941369602,0.024667067109494831,0,none,,,,,,,,,,3.2215126723014818,0.025682346476588562
utd2,Ant-v5,Ant-utd2,critic_update,allocated,5,bs256_h1024x1024,2,49256.613592110007,437.92878043359786,48626.945027095586,49756.881508256221,0.013682392664475003,328.61129006600532,3.775675969696862,149.89714517041099,0.52319003767082284,39.986282231841997,0.17042076908521941,1050987724800000,matmul,4.6866973257450175e-11,4.6866973257450168e-11,4.1668305927829544e-13,4.6267852496896816e-11,4.7342971125304832e-11,46.866973257450177,,,,41.435532466671191,0.17923374576540529
utd2,Ant-v5,Ant-utd2,actor_update,allocated,5,bs256_h1024x1024,2,60663.736906944112,240.32037152205552,60420.112488156294,61020.503067526974,0.016851038029706698,404.70786537778912,2.470640119062808,149.89714517041099,0.52319003767082284,49.247602391583527,0.14829770971132078,826487603200000,matmul,7.3399451694212789e-11,7.3399451694212802e-11,2.9077311092335847e-13,7.3104680885982218e-11,7.3831117165299751e-11,73.399451694212786,,,,51.03248939290031,0.14674327970250453
utd2,Ant-v5,Ant-utd2,target_update,allocated,5,bs256_h1024x1024,2,5124.0123542867877,42.08900442463095,5071.6564609914203,5188.8520832062422,0.0014233367650796633,34.184031471973867,0.32969967076192686,149.89714517041099,0.52319003767084116,4.1597027079660114,0.025861294977450731,933888800000,elementwise,5.4867478379511437e-09,5.4867478379511429e-09,4.5068539664070414e-11,5.4306856030304893e-09,5.5561776554191917e-09,5486.747837951144,J per elementwise Polyak op (NOT J/FLOP),,,4.3104654681270151,0.026945817711962274
utd2,Ant-v5,Ant-utd2,gradient_updates,measured,5,bs256_h1024x1024,2,118873.91682734984,666.3123105466434,117985.55294113407,119858.88381752172,0.033020532452041625,820.8865459732275,6.9010463496729182,144.81464214540125,0.52152938563197937,96.5024242255285,0.03565392005604167,1877475328000000,matmul,6.3315834330553632e-11,6.3315834330553619e-11,3.5489803813104501e-13,6.2842664924294589e-11,6.3840457464334639e-11,63.315834330553635,derived by context generator (not a pipeline output),2287.2600833327133,19.146368173086266,,
utd2,Ant-v5,Ant-utd2,TOTAL_MEASURED_TRAINING,aggregate,5,bs256_h1024x1024,2,123182.48498709632,726.65832133671734,122197.89274338294,124244.19511668,0.034217356940860089,857.12184075517575,7.2693137491542936,143.71925885632677,0.50646344049720871,,,1877709824000000,mixed_total,6.5602513984128952e-11,6.5602513984128952e-11,3.8699180887744827e-13,6.5078155943749772e-11,6.6167942207389757e-11,65.602513984128947,,2190.8406348646604,18.491480331985958,,
utd2,Ant-v5,Ant-utd2,warmup,excluded,5,bs256_h1024x1024,2,76.394284694948411,3.97161781350249,72.227128078592671,81.54443224808314,2.1220634637485671e-05,0.67148564799572341,0.0030088484511237366,113.77925049999949,6.1503183674140587,,,,,,,,,,,,,,,
utd2,Ant-v5,Ant-utd2,idle_baseline_head,excluded,5,bs256_h1024x1024,2,6213.054334576942,223.86254229751486,6080.2259432214078,6610.8787866272996,0.0017258484262713727,90.00428153619869,0.0008971639518513939,69.030652117192403,2.4872037944531624,,,,,,,,,,,,,,,
utd2,Ant-v5,Ant-utd2,idle_baseline_tail,excluded,5,bs256_h1024x1024,2,6419.8772866619811,140.67591922552376,6332.5439898937466,6668.4746060771067,0.0017832992462949947,90.004027210001368,0.00037680270117418737,71.328776328625082,1.562889278358274,,,,,,,,,,,,,,,
utd4,Ant-v5,Ant-utd4,rollout,measured,5,bs256_h1024x1024,4,4293.5305687673217,55.700771550127143,4219.1467423197882,4359.6041333685916,0.0011926473802131448,36.470098021411104,0.23926099014845426,117.7288092295727,1.4635236435383279,1.7791105424433027,0.019071658743643943,234496000000,matmul,1.8309611118173962e-08,1.8309611118173962e-08,2.3753399439703478e-10,1.799240388885008e-08,1.8591379526169279e-08,18309.611118173962,,6.4300361087985394,0.04204243723192258,,
utd4,Ant-v5,Ant-utd4,buffer_sample,allocated,5,bs256_h1024x1024,4,7616.5296162545983,54.948908869446363,7554.1441093680569,7691.0169896473099,0.0021157026711818329,50.998643697972874,0.41816769156582445,149.34875558756974,0.24943125297295748,3.1560801158653233,0.011632160899434387,0,none,,,,,,,,,,3.213246575538458,0.011564026560838754
utd4,Ant-v5,Ant-utd4,critic_update,allocated,5,bs256_h1024x1024,4,98307.064818072686,459.36884337943383,97797.950085680699,98931.192185250853,0.027307518005020192,658.24213918225428,3.830090281791358,149.34875558756971,0.24943125297296523,40.736029705000554,0.044051946645893611,2101975449600000,matmul,4.6768892965319953e-11,4.6768892965319953e-11,2.1854148842073939e-13,4.6526685220938887e-11,4.70658171597947e-11,46.768892965319957,,,,41.473902071729341,0.050588900180820101
utd4,Ant-v5,Ant-utd4,actor_update,allocated,5,bs256_h1024x1024,4,120878.23821867441,478.78772511677141,120426.90686823167,121601.15992988372,0.033577288394076227,809.37327921244434,4.1657360853184064,149.34875558756971,0.24943125297294982,50.089088896050292,0.050421216306960275,1652975206400000,matmul,7.312767774777097e-11,7.312767774777097e-11,2.8965209112816621e-13,7.285463593280892e-11,7.3565023515820189e-11,73.127677747770974,,,,50.996365415257436,0.043162998819746078
utd4,Ant-v5,Ant-utd4,target_update,allocated,5,bs256_h1024x1024,4,10231.588307356258,73.671858406323935,10130.699951959881,10337.1066719951,0.0028421078631545161,68.508632872492313,0.57880830140133144,149.34875558756974,0.24943125297297006,4.2396907406405306,0.016287871095072098,1867777600000,elementwise,5.4779478602571623e-09,5.4779478602571631e-09,3.9443592431092415e-11,5.4239326737615236e-09,5.5344419335552048e-09,5477.9478602571626,J per elementwise Polyak op (NOT J/FLOP),,,4.3164859374747691,0.016609113558154927
utd4,Ant-v5,Ant-utd4,gradient_updates,measured,5,bs256_h1024x1024,4,237033.42096035797,1031.3070846016244,236017.62503955039,238560.47577677699,0.065842616933432768,1641.8995535541849,8.8350418822331491,144.36607189988044,0.22141941180114069,98.220889457556694,0.019071658743646826,3754950656000000,matmul,6.3125575453729198e-11,6.3125575453729198e-11,2.7465263303892267e-13,6.2855053677581636e-11,6.353225318569326e-11,63.125575453729198,derived by context generator (not a pipeline output),2287.0079144313122,12.254930175702112,,
utd4,Ant-v5,Ant-utd4,TOTAL_MEASURED_TRAINING,aggregate,5,bs256_h1024x1024,4,241326.95152912528,1065.6895538319395,240286.3947934451,242920.07991014558,0.067035264313645912,1678.369651575596,9.0198761515813342,143.78717946235275,0.19988181825835352,,,3755185152000000,mixed_total,6.4264994071090015e-11,6.4264994071090015e-11,2.8379148049846526e-13,6.3987895421206943e-11,6.4689241695783521e-11,64.264994071090015,,2237.4520092697835,11.973251508442889,,
utd4,Ant-v5,Ant-utd4,warmup,excluded,5,bs256_h1024x1024,4,78.809694719823412,0.84152166080882473,77.902427189175711,80.125924535453223,2.1891581866617613e-05,0.67273131080437454,0.0073646641619889578,117.15140830323101,0.8149239560094268,,,,,,,,,,,,,,,
utd4,Ant-v5,Ant-utd4,idle_baseline_head,excluded,5,bs256_h1024x1024,4,6159.7292034557704,35.809640997212675,6110.6709896043012,6211.8609764513758,0.0017110358898488251,90.003976778799554,0.00015263871196241459,68.438411569214537,0.39787183803757359,,,,,,,,,,,,,,,
utd4,Ant-v5,Ant-utd4,idle_baseline_tail,excluded,5,bs256_h1024x1024,4,6400.7297526834327,37.147476672769152,6349.8604447496773,6450.7222082195667,0.0017779804868565091,90.004033276997504,0.00050329478843573168,71.116033843076607,0.41302589669343853,,,,,,,,,,,,,,,
w256,Ant-v5,Ant-w256,rollout,measured,5,bs256_h256x256,1,4100.7395854964352,47.865041615281314,4045.9236752850175,4156.5002214242631,0.0011390943293045654,35.339061802199282,0.27847164752459597,116.04090492298171,1.1444223162579745,8.2049203553108363,0.12689700833710013,19302400000,matmul,2.1244713535604046e-07,2.1244713535604046e-07,2.4797456075556051e-09,2.0960728589631431e-07,2.1533592824852158e-07,212447.13535604047,,0.54623280283954367,0.0042858448920192601,,
w256,Ant-v5,Ant-w256,buffer_sample,allocated,5,bs256_h256x256,1,1457.2616042870382,17.163631020902503,1444.3104785377418,1487.0227525001915,0.00040479489007973283,12.487988452039644,0.14340055350771039,116.69321600845208,0.37064410936100722,2.9155013743975404,0.0157454234683236,0,none,,,,,,,,,,3.1761109944807031,0.019519715624983166
w256,Ant-v5,Ant-w256,critic_update,allocated,5,bs256_h256x256,1,19303.784750828956,405.72288105060312,18877.281232552767,19892.429747758018,0.0053621624307858213,165.42079664333832,3.2775321203464798,116.69321600845208,0.37064410936100778,38.616331429770725,0.29699265405721692,40776499200000,matmul,4.7340466027130047e-10,4.7340466027130037e-10,9.9499194146270369e-12,4.6294511797012645e-10,4.8784054879723515e-10,473.40466027130049,,,,42.067719052508856,0.27293515299233312
w256,Ant-v5,Ant-w256,actor_update,allocated,5,bs256_h256x256,1,23127.412079997892,286.45063982791447,22921.284457730697,23611.307680154383,0.0064242811333327481,198.18890925556371,2.2713856638479215,116.69321600845208,0.37064410936101216,46.269758791521902,0.16002656904645932,32846643200000,matmul,7.041027583603396e-10,7.0410275836033971e-10,8.7208497405273677e-12,6.9782730363541984e-10,7.1883472342630082e-10,704.10275836033964,,,,50.405707433532022,0.23051710661808733
w256,Ant-v5,Ant-w256,target_update,allocated,5,bs256_h256x256,1,1996.0417816920885,22.504798227876481,1969.2222950652915,2026.7746366083709,0.00055445605047002458,17.105012233465459,0.18220543747951062,116.69321600845208,0.370644109361013,3.9934880489990023,0.030750362366874791,38093200000,elementwise,5.2398900110573242e-08,5.2398900110573249e-08,5.9078256034873638e-10,5.1694850919988119e-08,5.3205680714887983e-08,52398.900110573239,J per elementwise Polyak op (NOT J/FLOP),,,4.3504625194784081,0.036760674866181099
w256,Ant-v5,Ant-w256,gradient_updates,measured,5,bs256_h256x256,1,45884.500216805973,711.85560146578132,45300.199036109821,47017.534817020962,0.012745694504668326,402.44570325100466,5.653089028979986,114.012666590661,0.37637566422203889,91.795079644689153,0.12689700833709672,73623142400000,matmul,6.2323474278661013e-10,6.2323474278661013e-10,9.6689108649861268e-12,6.1529836352257932e-10,6.3862439559522195e-10,623.23474278661013,derived by context generator (not a pipeline output),182.96782694855332,2.537094404972303,,
w256,Ant-v5,Ant-w256,TOTAL_MEASURED_TRAINING,aggregate,5,bs256_h256x256,1,49985.239802302407,725.54195790602387,49452.838940987996,51137.289832042166,0.013884788833972891,437.78476505320396,5.8310614197822357,114.1767299834499,0.41044328770323485,,,73642444800000,mixed_total,6.7875584437824653e-10,6.7875584437824653e-10,9.8522253012711282e-12,6.7152630626662728e-10,6.9439967631332851e-10,678.75584437824648,,168.23966144880472,2.211482682647766,,
w256,Ant-v5,Ant-w256,warmup,excluded,5,bs256_h256x256,1,78.226110536305811,2.6102863558190865,75.629825814371287,82.374546257505102,2.1729475148973835e-05,0.67235673779978244,0.01010506764930076,116.36169896322174,4.1015990365780794,,,,,,,,,,,,,,,
w256,Ant-v5,Ant-w256,idle_baseline_head,excluded,5,bs256_h256x256,1,6157.2706537531321,491.51887488696036,5721.5518272979652,6693.3324029324822,0.00171035295937587,90.003771665399839,0.0011450807784709545,68.411273471224931,5.4614532608760351,,,,,,,,,,,,,,,
w256,Ant-v5,Ant-w256,idle_baseline_tail,excluded,5,bs256_h256x256,1,6624.0270780092924,513.85503308819023,6001.4237573789324,7015.7316563833911,0.0018400075216692478,90.003059450599537,9.324399122844736e-05,73.597795904915557,5.7092575710968614,,,,,,,,,,,,,,,
w512,Ant-v5,Ant-w512,rollout,measured,5,bs256_h512x512,1,4154.1956410386283,38.385824549514922,4120.8474099951636,4199.2574670739277,0.0011539432336218412,35.25206978739989,0.1412845577178044,117.84168363306712,0.83139444193036549,7.9590093781007258,0.12263915442120758,64819200000,matmul,6.4088968099554273e-08,6.4088968099554273e-08,5.9219836945711925e-10,6.3574487343181702e-08,6.478416066649893e-08,64088.968099554273,,1.8387581576752878,0.0073513160025808931,,
w512,Ant-v5,Ant-w512,buffer_sample,allocated,5,bs256_h512x512,1,1544.6160830581043,10.35017704815702,1532.9392721876479,1560.2658870315979,0.00042906002307169564,12.513989199581555,0.05576843045226109,123.43152037439521,0.70351934500017943,2.959155259100883,0.021450294041794462,0,none,,,,,,,,,,3.2150534567328939,0.02505977751847846
w512,Ant-v5,Ant-w512,critic_update,allocated,5,bs256_h512x512,1,20056.21874044474,384.34781782170518,19541.780270156894,20504.86913902752,0.0055711718723457614,162.494930195927,3.3837998390391562,123.43152037439521,0.70351934500018065,38.419346275189909,0.40212162014099251,141950976000000,matmul,1.4128975584109222e-10,1.4128975584109219e-10,2.7076095469868772e-12,1.3766569854480531e-10,1.4445035685437992e-10,141.28975584109222,,,,41.741308205804394,0.40173006479009982
w512,Ant-v5,Ant-w512,actor_update,allocated,5,bs256_h512x512,1,24347.55292963787,144.13686291256988,24103.873866769638,24487.766695866299,0.0067632091471216309,197.25800056478693,1.1468346780216008,123.43152037439522,0.70351934500018387,46.644528523129566,0.26582037721458102,112669491200000,matmul,2.1609712327908222e-10,2.1609712327908219e-10,1.2792891969016937e-12,2.1393434558058639e-10,2.1734159296413242e-10,216.09712327908221,,,,50.678217417629668,0.32708358343936633
w512,Ant-v5,Ant-w512,target_update,allocated,5,bs256_h512x512,1,2097.2185144178743,22.012918989933237,2065.6795287588475,2120.6612762526493,0.00058256069844940951,16.990729864330206,0.11525698107625615,123.43152037439521,0.70351934500017776,4.0179605644789183,0.057148235119352506,128614800000,elementwise,1.6306198932143689e-08,1.6306198932143692e-08,1.711538562430867e-10,1.6060978431400177e-08,1.6488470038072208e-08,16306.198932143689,J per elementwise Polyak op (NOT J/FLOP),,,4.3654209198330536,0.063360057727396946
w512,Ant-v5,Ant-w512,gradient_updates,measured,5,bs256_h512x512,1,48045.606267558585,495.27938771073161,47263.950663963988,48521.661553513972,0.013346001740988496,402.09230637080219,4.3915017158763634,119.49105513837758,0.66243427147055212,92.040990621899283,0.12263915442121229,254620467200000,matmul,1.8869498903958726e-10,1.8869498903958726e-10,1.9451672253892227e-12,1.8562510384068602e-10,1.9056465525766647e-10,188.69498903958726,derived by context generator (not a pipeline output),633.29919944906885,6.9079364847379807,,
w512,Ant-v5,Ant-w512,TOTAL_MEASURED_TRAINING,aggregate,5,bs256_h512x512,1,52199.801908597219,479.27608737855769,51456.482234616546,52642.508963509135,0.014499944974610339,437.34437615820207,4.4289715821316964,119.35817134278355,0.55514626797677258,,,254685286400000,mixed_total,2.0495805881229429e-10,2.0495805881229429e-10,1.8818365762434476e-12,2.0203947767049548e-10,2.0669631020941904e-10,204.9580588122943,,582.39266333014621,5.8901827164276508,,
w512,Ant-v5,Ant-w512,warmup,excluded,5,bs256_h512x512,1,78.232127411845795,4.3361436430456406,72.021686337401036,82.487767405371642,2.1731146503290499e-05,0.66752871339958797,0.0068002668382132958,117.22897131380653,7.1047185988562971,,,,,,,,,,,,,,,
w512,Ant-v5,Ant-w512,idle_baseline_head,excluded,5,bs256_h512x512,1,6399.583183550385,534.73369796376539,5721.8318882251879,6824.9156234628108,0.0017776619954306624,90.003501612199756,0.00052269390793715934,71.103704517244921,5.941130291179455,,,,,,,,,,,,,,,
w512,Ant-v5,Ant-w512,idle_baseline_tail,excluded,5,bs256_h512x512,1,6430.3401010431162,583.51820292509717,5885.9086284463183,7077.3608582276993,0.0017862055836230879,90.003341546999948,0.00024287474649365876,71.445558811558939,6.4831265972734577,,,,,,,,,,,,,,,
b512,Ant-v5,Ant-b512,rollout,measured,5,bs512_h1024x1024,1,4367.2210158222788,46.251552508974179,4287.0723692694301,4402.4550705349702,0.0012131169488395219,35.543694009600131,0.083473705758784544,122.87069604554866,1.4488837433880839,5.7088451624060639,0.049802342797591159,234496000000,matmul,1.8623861455301065e-08,1.8623861455301068e-08,1.9723812989976107e-10,1.828207035202916e-08,1.8774115850739332e-08,18623.861455301063,,6.5974300234942076,0.01548399492206667,,
b512,Ant-v5,Ant-b512,buffer_sample,allocated,5,bs512_h1024x1024,1,2887.339137868436,15.077609671188181,2865.0939435081464,2902.7263609884944,0.00080203864940789891,16.368052110823282,0.095273452288484994,176.40270882408873,0.7673421472981129,3.7744595442207327,0.031671087936133838,0,none,,,,,,,,,,4.0029816941251095,0.033220554286918239
b512,Ant-v5,Ant-b512,critic_update,allocated,5,bs512_h1024x1024,1,30236.248347968609,363.9130015099438,29927.155128172297,30836.388349525194,0.0083989578744357255,171.4144080043543,2.8143677990030707,176.40270882408873,0.76734214729812789,39.523965147965626,0.27093133829318744,1050987724800000,matmul,2.8769363936883737e-11,2.8769363936883737e-11,3.4625808934085848e-13,2.8475266096820827e-11,2.9340388685693996e-11,28.769363936883739,,,,41.916944521491317,0.28762185651401473
b512,Ant-v5,Ant-b512,actor_update,allocated,5,bs512_h1024x1024,1,36017.746298594022,39.894203948646158,35980.151460110756,36080.809878591179,0.010004929527387229,204.18292140900022,1.102377864160123,176.40270882408871,0.76734214729812289,47.08352324892013,0.20086950321395242,826487603200000,matmul,4.3579294062173809e-11,4.3579294062173796e-11,4.8269573305376122e-14,4.3533806581977244e-11,4.3655597178824305e-11,43.579294062173808,,,,49.934184465373775,0.21009752753607405
b512,Ant-v5,Ant-b512,target_update,allocated,5,bs512_h1024x1024,1,2990.358687068745,20.605209838068529,2959.664686994076,3010.1574445093888,0.00083065519085242915,16.951780961181338,0.061245943494765434,176.40270882408873,0.76734214729810868,3.9092068964874471,0.04598377192100752,466944400000,elementwise,6.4041001178486024e-09,6.4041001178486033e-09,4.4127758761146964e-11,6.3383663815093961e-09,6.4465007921915088e-09,6404.1001178486022,J per elementwise Polyak op (NOT J/FLOP),,,4.1458893190098021,0.048720326363190437
b512,Ant-v5,Ant-b512,gradient_updates,measured,5,bs512_h1024x1024,1,72131.692471499802,374.97745988893138,71819.008319758126,72756.722580974529,0.020036581242083278,422.91967436440046,3.9541366916994134,170.56174181537054,0.70481705497289016,94.29115483759395,0.049802342797585081,1877475328000000,matmul,3.8419515503481386e-11,3.8419515503481393e-11,1.9972430758298284e-13,3.8252970491103106e-11,3.8752425395906205e-11,38.419515503481385,derived by context generator (not a pipeline output),4439.6266197582954,41.133687230159168,,
b512,Ant-v5,Ant-b512,TOTAL_MEASURED_TRAINING,aggregate,5,bs512_h1024x1024,1,76498.91348732209,399.80652866246743,76162.228725440757,77159.177651509497,0.021249698190922803,458.46336837400059,3.9957762880572654,166.8634232309908,0.58396314728728294,,,1877709824000000,mixed_total,4.0740540689274303e-11,4.0740540689274296e-11,2.1292242472842783e-13,4.0561234623140981e-11,4.1092173383393611e-11,40.740540689274304,,4095.9062070227637,35.391700739837688,,
b512,Ant-v5,Ant-b512,warmup,excluded,5,bs512_h1024x1024,1,73.747704628604339,3.1764072384947921,71.291309368635112,77.521691042442981,2.048547350794565e-05,0.666969459199936,0.0056938989186951861,110.55566600373258,4.1724442915247133,,,,,,,,,,,,,,,
b512,Ant-v5,Ant-b512,idle_baseline_head,excluded,5,bs512_h1024x1024,1,5813.4832375141195,171.8724106315394,5589.8269967956239,6040.5779510155362,0.0016148564548650332,90.003032068000181,0.00039994250978595138,64.592077293277868,1.9094245252723054,,,,,,,,,,,,,,,
b512,Ant-v5,Ant-b512,idle_baseline_tail,excluded,5,bs512_h1024x1024,1,6073.7026167481799,42.779892932255365,6006.0362610108841,6121.8054655624301,0.0016871396157633833,90.0035291704,0.00029977181972508805,67.482938198814168,0.47527357559369021,,,,,,,,,,,,,,,
b1024,Ant-v5,Ant-b1024,rollout,measured,5,bs1024_h1024x1024,1,4540.9790600932502,46.104975743875691,4464.5374732851033,4586.7080070016245,0.0012613830722481251,35.740060610200274,0.3016263506614808,127.05931366798116,1.2905559523885402,5.0990380420143842,0.058608067253092914,234496000000,matmul,1.9364846564944604e-08,1.9364846564944604e-08,1.966130584055833e-10,1.903886408844971e-08,1.9559856061517573e-08,19364.846564944604,,6.5615255027210733,0.055197895754560161,,
b1024,Ant-v5,Ant-b1024,buffer_sample,allocated,5,bs1024_h1024x1024,1,4863.7080048771313,41.128453879550939,4815.5942875115643,4925.9032732832011,0.0013510300013547588,24.186177254264475,0.14949931050049231,201.09551559128508,1.3524430387179449,5.4615428202676988,0.06765781914303301,0,none,,,,,,,,,,5.7550132464244301,0.073336759704892854
b1024,Ant-v5,Ant-b1024,critic_update,allocated,5,bs1024_h1024x1024,1,34806.006441781923,446.04615386886297,34084.002403912957,35197.612532231047,0.0096683351227172011,173.09842323671347,3.262090863617952,201.09551559128508,1.3524430387179724,39.081656077683434,0.34767270863109695,2101975449600000,matmul,1.6558712162126064e-11,1.6558712162126067e-11,2.1220331281877984e-13,1.6215223831657523e-11,1.6745015998606956e-11,16.558712162126064,,,,41.181385248022004,0.34641361299808376
b1024,Ant-v5,Ant-b1024,actor_update,allocated,5,bs1024_h1024x1024,1,41446.798802228906,148.17995241002674,41298.113896034723,41690.163752934233,0.011512999667285808,206.11406964675626,1.8132633875983648,201.09551559128508,1.3524430387179531,46.539990123718511,0.21816806247500509,1652975206400000,matmul,2.507405957557919e-11,2.507405957557919e-11,8.9644389000090582e-14,2.4984109704813734e-11,2.5221288009353068e-11,25.074059575579192,,,,49.040678239807498,0.25092083818194555
b1024,Ant-v5,Ant-b1024,target_update,allocated,5,bs1024_h1024x1024,1,3399.9058607527522,27.332957702623538,3355.6563143094991,3430.6599879076684,0.00094441829465354227,16.907136805845404,0.1215240836730663,201.09551559128511,1.3524430387179676,3.8177729363159671,0.041776344924038769,466944400000,elementwise,7.2811792169533512e-09,7.2811792169533512e-09,5.8535786493260126e-11,7.1864151584417742e-09,7.347041720401119e-09,7281.179216953351,J per elementwise Polyak op (NOT J/FLOP),,,4.0229232657460647,0.046287988716601725
b1024,Ant-v5,Ant-b1024,gradient_updates,measured,5,bs1024_h1024x1024,1,84516.419109640716,417.06674654721797,83900.048877115129,84953.735722799756,0.02347678308601131,435.37747086919626,4.7035436489970017,194.13216523542951,1.168201401130085,94.900961957985629,0.05860806725309245,3754950656000000,matmul,2.2507997268777081e-11,2.2507997268777081e-11,1.1107116571047111e-13,2.2343848578423271e-11,2.2624461279418675e-11,22.507997268777082,derived by context generator (not a pipeline output),8625.3939549436727,93.428923654380114,,
b1024,Ant-v5,Ant-b1024,TOTAL_MEASURED_TRAINING,aggregate,5,bs1024_h1024x1024,1,89057.398169733977,410.78098971289211,88462.943555786129,89504.07485805334,0.024738166158259439,471.11753147939652,4.9257062067128707,189.04380236460332,1.1466957648271574,,,3755185152000000,mixed_total,2.3715847438921162e-11,2.3715847438921162e-11,1.0939034244266577e-13,2.3557545094326716e-11,2.3834796750403572e-11,23.715847438921163,,7971.5018134707816,83.518980885922858,,
b1024,Ant-v5,Ant-b1024,warmup,excluded,5,bs1024_h1024x1024,1,75.568930519017229,2.7111879895983306,70.789710408597927,77.264772459893081,2.0991369588615896e-05,0.67103236319999271,0.0068861894526433057,112.62475991502697,4.1920726869196869,,,,,,,,,,,,,,,
b1024,Ant-v5,Ant-b1024,idle_baseline_head,excluded,5,bs1024_h1024x1024,1,5648.2902669359792,59.602997013447435,5597.4734165631562,5748.324511693716,0.0015689695185933275,90.002780139799867,5.2866964532817634e-05,62.756841869959658,0.66220063846085109,,,,,,,,,,,,,,,
b1024,Ant-v5,Ant-b1024,idle_baseline_tail,excluded,5,bs1024_h1024x1024,1,6283.0815309204218,42.074396244003552,6245.1144609920666,6350.4633152297029,0.0017453004252556727,90.003439828799671,0.00015940322889015021,69.809348961017562,0.46749180787354716,,,,,,,,,,,,,,,
