algo,env,sweep,values_numeric_order,smallest,largest,rollout_energy_ratio,rollout_flops_ratio,gradient_updates_energy_ratio,gradient_updates_flops_ratio
sac,HalfCheetah-v5,utd,1 < 2 < 4,1,4,1.0229076896499336,1.0,3.978514874223538,4.0
sac,HalfCheetah-v5,width,256 < 512 < 1024,256,1024,1.0953574593274682,14.778947368421052,1.2943935689511687,15.077755240027045
sac,HalfCheetah-v5,batch_size,256 < 512 < 1024,256,1024,1.1011607444439777,1.0,1.3629607302479032,4.0
sac,Ant-v5,utd,1 < 2 < 4,1,4,0.99109393672254,1.0,3.9472329812726206,4.0
sac,Ant-v5,width,256 < 512 < 1024,256,1024,1.056422274013385,12.148541114058355,1.3087322903782463,12.750578600676517
sac,Ant-v5,batch_size,256 < 512 < 1024,256,1024,1.0482135252467872,1.0,1.407421770385816,4.0
mbpo,HalfCheetah-v5,utd,1 < 2 < 4,1,4,0.9805756475156245,1.0,3.9495282359775583,4.0
mbpo,HalfCheetah-v5,width,256 < 512 < 1024,256,1024,1.0499983100558599,14.778947368421052,1.3175799939855068,15.077755240027045
mbpo,HalfCheetah-v5,batch_size,256 < 512 < 1024,256,1024,0.973043812180695,1.0,1.329805079805438,4.0
mbpo,Ant-v5,utd,1 < 2 < 4,1,4,0.9735703584688412,1.0,3.947657610508725,4.0
mbpo,Ant-v5,width,256 < 512 < 1024,256,1024,1.0536728560127147,12.148541114058355,1.3333976427568748,12.750578600676517
mbpo,Ant-v5,batch_size,256 < 512 < 1024,256,1024,0.9733708546094733,1.0,1.4162730775746533,4.0
mbpo,Ant-v5,rollout_max_length,1 < 15 < 25,1,25,1.0095282589007204,1.0,0.9969538175873626,1.0
td3,HalfCheetah-v5,utd,1 < 2 < 4,1,4,0.9784134220308998,1.0,3.9686238290042426,4.0
td3,HalfCheetah-v5,width,256 < 512 < 1024,256,1024,1.137663348490392,15.010752688172044,1.2249771534251852,15.169143218463484
td3,HalfCheetah-v5,batch_size,100 < 256 < 512 < 1024,100,1024,1.242029577139753,1.0,1.73464748976366,10.24
td3,Ant-v5,utd,1 < 2 < 4,1,4,0.9815908507092572,1.0,3.96689429084157,4.0
td3,Ant-v5,width,256 < 512 < 1024,256,1024,1.0825476522712902,12.325203252032521,1.232905498601395,12.88978359335682
td3,Ant-v5,batch_size,100 < 256 < 512 < 1024,100,1024,1.103981117331109,1.0,1.8159241554554533,10.24
tdmpc2,HalfCheetah-v5,num_q,3 < 5 < 7,3,7,1.3308283319518193,1.362022492904469,1.6118669798208112,1.8457062740974413
tdmpc2,HalfCheetah-v5,horizon,1 < 3 < 5,1,5,2.1325070429408695,2.1494190969564753,1.9465583337292542,4.029279855954672
tdmpc2,Ant-v5,num_q,3 < 5 < 7,3,7,1.2595173865490101,1.2906320462889376,1.5710843013763458,1.7770352812080739
tdmpc2,Ant-v5,horizon,1 < 3 < 5,1,5,2.370332138219665,2.429517787187587,1.9287246862393737,4.072333962278923
