algo,env,group_id,sweep_name,sweep_value,seed,run_dir,return_last10pct_mean_train_episodes,return_max_train_episode,return_final_epoch_mean_episode_return,return_final_cumulative_reward,n_train_episodes,n_last10pct_episodes,train_episode_length_min,train_episode_length_median,train_episode_length_max,n_train_incomplete_episodes,total_matmul_flops_TOTAL_MEASURED_TRAINING,total_energy_j_TOTAL_MEASURED_TRAINING
mbpo,Ant-v5,G22,baseline,,14577,results/mbpo/Ant-v5/seed_14577/20260908_234215,-157.56697109938008,368.88540249348176,-588.1071907236193,-36336.00312346098,196,19,11,272.5,1000,1,1367970338963360.0,230085.70401473224
mbpo,Ant-v5,G25,width,256,14577,results/mbpo/Ant-v5/seed_14577/20260913_051921,-532.4990556795084,59.64358586073138,-632.63779282577,-84838.44116252186,303,30,7,107.0,1000,1,529239758632576.0,230878.9272543163
mbpo,Ant-v5,G26,width,512,14577,results/mbpo/Ant-v5/seed_14577/20260913_082936,-628.3469978700505,74.85417179097163,-555.1657765143772,-76971.40744422274,243,24,9,125.0,1000,1,646012859846064.0,200157.1836785716
mbpo,Ant-v5,G23,utd,2,14577,results/mbpo/Ant-v5/seed_14577/20260914_215846,-883.1431553466239,508.67151979060907,-1765.7704536724323,-60956.53179195533,214,21,9,197.0,1000,1,2318141089273280.0,288277.6886566192
mbpo,Ant-v5,G24,utd,4,14577,results/mbpo/Ant-v5/seed_14577/20260915_021158,-855.1611772001373,175.36578491805042,-1114.9402597824208,-69784.18224877707,243,24,7,144.0,1000,1,4197461842748880.0,404618.5221995264
mbpo,Ant-v5,G27,batch_size,512,14577,results/mbpo/Ant-v5/seed_14577/20260917_151633,-436.29366682450046,443.9200872145369,-544.693028306947,-19939.127008120817,263,26,9,143.0,1000,1,2289242113383040.0,222504.69797567988
mbpo,Ant-v5,G28,batch_size,1024,14577,results/mbpo/Ant-v5/seed_14577/20260917_181917,-698.4127122985368,457.14470202181883,-494.5193688106378,-25495.123413339454,219,21,7,207.0,1000,1,4198279873009440.0,251292.77638835044
mbpo,Ant-v5,G29,rollout_max_length,1,14577,results/mbpo/Ant-v5/seed_14577/20260917_232244,-357.18360238053214,97.08534901409803,-401.23686440968106,-88807.452372024,154,15,13,1000.0,1000,1,1368737782320000.0,236607.05302208712
mbpo,Ant-v5,G30,rollout_max_length,15,14577,results/mbpo/Ant-v5/seed_14577/20260918_022534,-299.9738980457327,309.8953274768607,-715.5996481819727,-41340.767846241375,238,23,8,167.0,1000,1,1377508452503040.0,233031.3632519077
mbpo,Ant-v5,G22,baseline,,331,results/mbpo/Ant-v5/seed_331/20260908_222406,-182.30020392225111,412.02755834336375,-472.3295050575391,-46841.863022650134,282,28,9,109.0,1000,1,1469301544167920.0,276240.7941380239
mbpo,Ant-v5,G25,width,256,331,results/mbpo/Ant-v5/seed_331/20260913_040504,-850.4431281503706,15.747428195628789,-1491.7288922195899,-86735.75745284824,241,24,7,139.0,1000,1,558715174071488.0,239827.503069641
mbpo,Ant-v5,G26,width,512,331,results/mbpo/Ant-v5/seed_331/20260913_071254,-274.3907079269361,186.0624689584334,116.33400392807584,-51023.279191123904,245,24,8,120.0,1000,1,761512163971136.0,248393.10332726463
mbpo,Ant-v5,G23,utd,2,331,results/mbpo/Ant-v5/seed_331/20260914_202527,-503.74114418433606,119.43817196873339,-301.5608059223263,-46023.60375493564,276,27,8,98.0,1000,1,2412352477573120.0,329599.2171401468
mbpo,Ant-v5,G24,utd,4,331,results/mbpo/Ant-v5/seed_331/20260915_001558,-336.5231744152511,157.32202862023993,29.285106051382595,-46946.323907292535,324,32,7,78.0,1000,1,4239624740492560.0,425043.2031716301
mbpo,Ant-v5,G27,batch_size,512,331,results/mbpo/Ant-v5/seed_331/20260917_140632,2.2832412760084693,437.1506570152341,-453.0088349588622,-8338.162830552497,358,35,6,90.0,1000,1,2319679280850400.0,242984.56719536183
mbpo,Ant-v5,G28,batch_size,1024,331,results/mbpo/Ant-v5/seed_331/20260917_170701,-293.62346547263235,368.25337138616413,-340.96399604512095,-19438.585365338906,259,25,10,131.0,1000,1,4215581449358800.0,255635.322760514
mbpo,Ant-v5,G29,rollout_max_length,1,331,results/mbpo/Ant-v5/seed_331/20260917_220920,-1322.3436189368808,62.21508421484925,-1434.161236964026,-92446.52045499806,157,15,12,1000.0,1000,1,1378310042080000.0,243852.92540954024
mbpo,Ant-v5,G30,rollout_max_length,15,331,results/mbpo/Ant-v5/seed_331/20260918_011055,-429.89716410308614,183.15200035284093,-707.2372898920993,-50164.348197176245,301,30,9,108.0,1000,1,1435263187902960.0,255077.02948932524
mbpo,Ant-v5,G22,baseline,,43611,results/mbpo/Ant-v5/seed_43611/20260909_001653,-445.99309468372155,185.548741931312,-574.9382767124276,-46820.06567801302,224,22,9,155.0,1000,1,1460057840732640.0,272301.6210949903
mbpo,Ant-v5,G25,width,256,43611,results/mbpo/Ant-v5/seed_43611/20260913_055629,-848.4589394872826,25.02373409634079,-1128.4905631296788,-78065.70309460323,286,28,8,115.0,1000,1,579107922506192.0,248795.2638484655
mbpo,Ant-v5,G26,width,512,43611,results/mbpo/Ant-v5/seed_43611/20260913_090138,-366.57735115216207,309.7772399877988,-870.6921887888229,-41453.38578781031,240,24,10,167.5,1000,1,735170208199632.0,234362.7127109392
mbpo,Ant-v5,G23,utd,2,43611,results/mbpo/Ant-v5/seed_43611/20260914_224030,-188.12724142749857,310.36827740307376,-189.48693515706137,-34733.62497769406,280,28,8,94.0,1000,1,2393754467658480.0,325965.321985556
mbpo,Ant-v5,G24,utd,4,43611,results/mbpo/Ant-v5/seed_43611/20260915_030734,-634.9599893756969,207.65900514929956,-2077.3760889321334,-63841.239789458166,431,43,7,67.0,1000,1,4292068890444640.0,448012.5359949473
mbpo,Ant-v5,G27,batch_size,512,43611,results/mbpo/Ant-v5/seed_43611/20260917_154848,-165.3369944460767,475.5673016357117,-337.8690063146563,-20279.876727059025,240,24,8,191.5,1000,1,2406802605365760.0,274591.5021944942
mbpo,Ant-v5,G28,batch_size,1024,43611,results/mbpo/Ant-v5/seed_43611/20260917_185351,-275.72999251275417,333.8416764336581,-32.9530706533364,-12807.139397327275,236,23,10,174.0,1000,1,4281408773505280.0,288398.04739935725
mbpo,Ant-v5,G29,rollout_max_length,1,43611,results/mbpo/Ant-v5/seed_43611/20260917_235810,-382.49972664584504,29.658057951469623,-577.788933985758,-89686.0978610546,184,18,11,437.5,1000,1,1354661310960000.0,237938.32495102845
mbpo,Ant-v5,G30,rollout_max_length,15,43611,results/mbpo/Ant-v5/seed_43611/20260918_030032,-138.5423116081602,159.5291521462762,-572.8941824222056,-34538.61430816316,267,26,11,130.0,1000,1,1434203827651440.0,262877.67362688
mbpo,Ant-v5,G22,baseline,,85062,results/mbpo/Ant-v5/seed_85062/20260909_005755,-523.2071760948405,264.1934489129084,-602.9770731959067,-54404.96505486468,282,28,11,107.0,1000,1,1392322148331120.0,245187.49726290145
mbpo,Ant-v5,G25,width,256,85062,results/mbpo/Ant-v5/seed_85062/20260913_063605,-342.14334355686105,66.93488331717545,-885.2476468551315,-82123.59960962737,240,24,7,148.5,1000,1,531510971686208.0,229214.03473861687
mbpo,Ant-v5,G26,width,512,85062,results/mbpo/Ant-v5/seed_85062/20260913_093833,-250.17619079059259,253.67230962050323,-185.6577184835442,-52270.21639186777,235,23,7,165.0,1000,1,727783144120896.0,241327.9009301718
mbpo,Ant-v5,G23,utd,2,85062,results/mbpo/Ant-v5/seed_85062/20260914_232814,-320.39725803917975,187.8853663537934,-696.7966916722235,-41404.83727163807,285,28,9,98.0,1000,1,2402849325261840.0,326858.2475733382
mbpo,Ant-v5,G24,utd,4,85062,results/mbpo/Ant-v5/seed_85062/20260915_040943,-618.564445852351,159.9311894786307,-878.8489698783816,-64013.26734792918,299,29,7,85.0,1000,1,4248680712505840.0,429949.0286032609
mbpo,Ant-v5,G27,batch_size,512,85062,results/mbpo/Ant-v5/seed_85062/20260917_162850,-253.95390363489005,287.12637978433713,-65.05661692952776,-32906.808783758985,281,28,10,110.0,1000,1,2381620933784720.0,262878.38771024416
mbpo,Ant-v5,G28,batch_size,1024,85062,results/mbpo/Ant-v5/seed_85062/20260917_193405,-265.44268837607893,380.3210169603331,-33.96867140632923,-13885.433296922976,285,28,10,132.0,1000,1,4266964832598720.0,276251.78279494954
mbpo,Ant-v5,G29,rollout_max_length,1,85062,results/mbpo/Ant-v5/seed_85062/20260918_003412,-380.72136402206155,44.78975886021486,-196.66224189809964,-63690.15168770616,230,23,10,174.5,1000,1,1368847957280000.0,241982.13767117605
mbpo,Ant-v5,G30,rollout_max_length,15,85062,results/mbpo/Ant-v5/seed_85062/20260918_034018,-802.1181770819237,137.02891538935327,-583.9836293057027,-69806.52543734865,281,28,9,106.0,1000,1,1386890161764560.0,236728.054513144
mbpo,Ant-v5,G22,baseline,,958,results/mbpo/Ant-v5/seed_958/20260908_230534,-318.3236237687511,425.934226313996,425.934226313996,-45364.13156135351,225,22,10,182.0,1000,1,1390483078638960.0,241873.93739661
mbpo,Ant-v5,G25,width,256,958,results/mbpo/Ant-v5/seed_958/20260913_044324,-903.7759852888702,15.946431751819576,-1216.5939441285045,-89347.11269293752,266,26,9,97.5,1000,1,519437715198336.0,223737.44879239643
mbpo,Ant-v5,G26,width,512,958,results/mbpo/Ant-v5/seed_958/20260913_075204,-547.3766404788626,29.761734769375593,-61.71953287025336,-53191.50617560006,268,26,6,123.0,1000,1,714792387797376.0,233948.82970898508
mbpo,Ant-v5,G23,utd,2,958,results/mbpo/Ant-v5/seed_958/20260914_211311,-400.28160996181543,275.2600695145341,-1345.5754302655118,-51427.07878795281,266,26,8,114.5,1000,1,2371238270996000.0,313282.02757805487
mbpo,Ant-v5,G24,utd,4,958,results/mbpo/Ant-v5/seed_958/20260915_011455,-550.8415108980553,41.637833860240676,-1233.6515347969532,-86520.94618030787,410,41,7,60.0,1000,1,4212788373791840.0,414646.3441537651
mbpo,Ant-v5,G27,batch_size,512,958,results/mbpo/Ant-v5/seed_958/20260917_144208,-369.56083481180895,439.6348389090494,-220.65069539985177,-34927.190113150595,230,23,9,171.0,1000,1,2296745407030160.0,234005.7426448292
mbpo,Ant-v5,G28,batch_size,1024,958,results/mbpo/Ant-v5/seed_958/20260917_174216,-209.0859224878835,531.9017436119817,-968.5024702678613,-23139.968452624948,279,27,8,121.0,1000,1,4236922027703600.0,266895.9134796578
mbpo,Ant-v5,G29,rollout_max_length,1,958,results/mbpo/Ant-v5/seed_958/20260917_224613,-1340.9896165713847,23.29925036864375,-1681.2007608153926,-89440.38089313864,160,16,10,1000.0,1000,1,1390020992240000.0,243365.94923929375
mbpo,Ant-v5,G30,rollout_max_length,15,958,results/mbpo/Ant-v5/seed_958/20260918_014913,-368.0475394535759,228.97884935043362,-67.40641557918582,-56151.8094084315,211,21,10,222.0,1000,1,1396199280689840.0,241597.5327548363
mbpo,HalfCheetah-v5,G15,baseline,,14577,results/mbpo/HalfCheetah-v5/seed_14577/20260908_204851,4576.366686725292,4743.034473235166,4644.31326364065,269795.8978540908,100,10,1000,1000.0,1000,0,1123607628960000.0,202001.76661096612
mbpo,HalfCheetah-v5,G18,width,256,14577,results/mbpo/HalfCheetah-v5/seed_14577/20260912_235401,4306.940232917796,5126.932407706242,5116.815009864842,249904.50915320733,100,10,1000,1000.0,1000,0,314395159200000.0,190324.50394838976
mbpo,HalfCheetah-v5,G19,width,512,14577,results/mbpo/HalfCheetah-v5/seed_14577/20260913_023034,5546.553622469741,5965.922500905808,5743.704053226259,327586.79121635266,100,10,1000,1000.0,1000,0,463702825760000.0,182650.4064639706
mbpo,HalfCheetah-v5,G16,utd,2,14577,results/mbpo/HalfCheetah-v5/seed_14577/20260914_140908,5324.810610271625,5725.931757990396,4863.584772565304,347654.97869346297,100,10,1000,1000.0,1000,0,1997745612960000.0,257574.6862443321
mbpo,HalfCheetah-v5,G17,utd,4,14577,results/mbpo/HalfCheetah-v5/seed_14577/20260914_175239,5956.33115912535,6357.348706969228,6244.239905835797,328093.4736652128,100,10,1000,1000.0,1000,0,3771507600960000.0,379616.1873263109
mbpo,HalfCheetah-v5,G20,batch_size,512,14577,results/mbpo/HalfCheetah-v5/seed_14577/20260915_153027,5109.656110478351,5402.326272282178,5402.326272282178,260004.52154750776,100,10,1000,1000.0,1000,0,1995856704960000.0,207746.3948179276
mbpo,HalfCheetah-v5,G21,batch_size,1024,14577,results/mbpo/HalfCheetah-v5/seed_14577/20260915_180602,5480.025978326082,5816.32493874325,5691.034729804928,325761.622976463,100,10,1000,1000.0,1000,0,3748347120960000.0,215730.8270156624
mbpo,HalfCheetah-v5,G15,baseline,,331,results/mbpo/HalfCheetah-v5/seed_331/20260908_194455,4371.274216999698,4598.622163041971,4384.154997920638,249487.11053492522,100,10,1000,1000.0,1000,0,1126213182960000.0,199229.70557228825
mbpo,HalfCheetah-v5,G18,width,256,331,results/mbpo/HalfCheetah-v5/seed_331/20260912_225321,3951.2058372492183,4100.969795365243,4056.8838758421703,224371.45105036072,100,10,1000,1000.0,1000,0,309340669200000.0,186297.35303531543
mbpo,HalfCheetah-v5,G19,width,512,331,results/mbpo/HalfCheetah-v5/seed_331/20260913_012818,4490.82276856634,5442.001632943577,5298.860958089208,264658.32033639273,100,10,1000,1000.0,1000,0,485273395760000.0,200364.0645940253
mbpo,HalfCheetah-v5,G16,utd,2,331,results/mbpo/HalfCheetah-v5/seed_331/20260914_125001,4680.452515889761,4883.817648572276,4594.0077863712195,279790.1182158879,100,10,1000,1000.0,1000,0,2015823126960000.0,271294.305869802
mbpo,HalfCheetah-v5,G17,utd,4,331,results/mbpo/HalfCheetah-v5/seed_331/20260914_160726,5432.637384749718,5707.645167548388,5707.645167548388,320358.86623038776,100,10,1000,1000.0,1000,0,3772869702960000.0,381791.3620147684
mbpo,HalfCheetah-v5,G20,batch_size,512,331,results/mbpo/HalfCheetah-v5/seed_331/20260915_142957,4649.685619014058,4973.100886972743,4649.002941113245,269010.928176062,100,10,1000,1000.0,1000,0,2002410930960000.0,206930.8652286844
mbpo,HalfCheetah-v5,G21,batch_size,1024,331,results/mbpo/HalfCheetah-v5/seed_331/20260915_170428,4991.799067586929,5203.36279962016,5017.106730199492,294058.4100994253,100,10,1000,1000.0,1000,0,3759229698960000.0,222419.02249475312
mbpo,HalfCheetah-v5,G15,baseline,,43611,results/mbpo/HalfCheetah-v5/seed_43611/20260908_211956,5879.711213737166,6212.873764988202,6185.9912835456435,320600.8929877317,100,10,1000,1000.0,1000,0,1138106658960000.0,211092.08882465196
mbpo,HalfCheetah-v5,G18,width,256,43611,results/mbpo/HalfCheetah-v5/seed_43611/20260913_002507,5507.526372890519,6241.424510822466,6096.718206346639,343524.2091917479,100,10,1000,1000.0,1000,0,308211121200000.0,190426.5901178243
mbpo,HalfCheetah-v5,G19,width,512,43611,results/mbpo/HalfCheetah-v5/seed_43611/20260913_030008,5343.413120861449,5737.112812518478,5171.50527448582,316158.02260966046,100,10,1000,1000.0,1000,0,485206951760000.0,197639.3869947335
mbpo,HalfCheetah-v5,G16,utd,2,43611,results/mbpo/HalfCheetah-v5/seed_43611/20260914_144702,4928.905044592784,5054.712075618115,5054.712075618115,328524.76211579796,100,10,1000,1000.0,1000,0,2035428852960000.0,274653.72605754447
mbpo,HalfCheetah-v5,G17,utd,4,43611,results/mbpo/HalfCheetah-v5/seed_43611/20260914_184506,6247.553152769613,6488.239868102966,6288.245109475738,395708.31847955985,100,10,1000,1000.0,1000,0,3744730668960000.0,368116.5890879568
mbpo,HalfCheetah-v5,G20,batch_size,512,43611,results/mbpo/HalfCheetah-v5/seed_43611/20260915_160117,5762.966899595637,6057.643816014221,6057.643816014221,330946.82796442794,100,10,1000,1000.0,1000,0,2008988886960000.0,216053.8998781556
mbpo,HalfCheetah-v5,G21,batch_size,1024,43611,results/mbpo/HalfCheetah-v5/seed_43611/20260915_183643,5877.1743108832725,6158.35243427025,6158.35243427025,321635.2708145735,100,10,1000,1000.0,1000,0,3755570532960000.0,220348.04191097876
mbpo,HalfCheetah-v5,G15,baseline,,85062,results/mbpo/HalfCheetah-v5/seed_85062/20260908_215222,5420.8487237542595,5798.538861179839,5634.168385389444,309570.00692002586,100,10,1000,1000.0,1000,0,1135040742960000.0,206665.0007334365
mbpo,HalfCheetah-v5,G18,width,256,85062,results/mbpo/HalfCheetah-v5/seed_85062/20260913_005629,5652.745051147566,6134.356859938071,5769.841253661936,281557.5474794344,100,10,1000,1000.0,1000,0,308063995200000.0,192336.09809998824
mbpo,HalfCheetah-v5,G19,width,512,85062,results/mbpo/HalfCheetah-v5/seed_85062/20260913_033223,5449.923520352866,6077.468391905128,5612.883499251802,297416.3771473228,100,10,1000,1000.0,1000,0,487053145760000.0,199477.60017118396
mbpo,HalfCheetah-v5,G16,utd,2,85062,results/mbpo/HalfCheetah-v5/seed_85062/20260914_152729,5547.2300612752515,5788.342213376371,5549.195635544747,334048.4479701682,100,10,1000,1000.0,1000,0,2035566486960000.0,273577.67353873973
mbpo,HalfCheetah-v5,G17,utd,4,85062,results/mbpo/HalfCheetah-v5/seed_85062/20260914_193542,6164.746449504471,6512.622617844629,6512.622617844629,373448.16624777566,100,10,1000,1000.0,1000,0,3734673894960000.0,361477.896846927
mbpo,HalfCheetah-v5,G20,batch_size,512,85062,results/mbpo/HalfCheetah-v5/seed_85062/20260915_163321,4607.20654811404,4891.644590753785,4735.501010696295,299381.48292278586,100,10,1000,1000.0,1000,0,2004280854960000.0,211602.88309867043
mbpo,HalfCheetah-v5,G21,batch_size,1024,85062,results/mbpo/HalfCheetah-v5/seed_85062/20260915_190759,4361.278429721145,4593.966032170899,4367.37104199499,291775.01615405816,100,10,1000,1000.0,1000,0,3762793944960000.0,223408.2682829512
mbpo,HalfCheetah-v5,G15,baseline,,958,results/mbpo/HalfCheetah-v5/seed_958/20260908_201520,5484.0440386537175,5941.276424996464,4386.096858801458,324357.52365419775,100,10,1000,1000.0,1000,0,1141295970960000.0,217984.32941824853
mbpo,HalfCheetah-v5,G18,width,256,958,results/mbpo/HalfCheetah-v5/seed_958/20260912_232353,3255.3547582761726,3528.001769084325,1993.7987788673483,184275.62853928556,100,10,1000,1000.0,1000,0,293721583200000.0,180182.00407956276
mbpo,HalfCheetah-v5,G19,width,512,958,results/mbpo/HalfCheetah-v5/seed_958/20260913_020045,4838.315967479789,5623.517206643297,5623.517206643297,266610.67270945135,100,10,1000,1000.0,1000,0,465064927760000.0,183714.96812673373
mbpo,HalfCheetah-v5,G16,utd,2,958,results/mbpo/HalfCheetah-v5/seed_958/20260914_132956,5945.741494975517,6220.646763078039,5962.27201050273,346918.97824652016,100,10,1000,1000.0,1000,0,2015880078960000.0,267152.8206577846
mbpo,HalfCheetah-v5,G17,utd,4,958,results/mbpo/HalfCheetah-v5/seed_958/20260914_170030,5716.984401869187,5969.262424404664,5969.262424404664,324238.80376613804,100,10,1000,1000.0,1000,0,3765712734960000.0,377029.0069880425
mbpo,HalfCheetah-v5,G20,batch_size,512,958,results/mbpo/HalfCheetah-v5/seed_958/20260915_150024,5146.109985526284,5441.779586964689,5405.509998005214,280539.5134644674,100,10,1000,1000.0,1000,0,1988153946960000.0,203173.1636854933
mbpo,HalfCheetah-v5,G21,batch_size,1024,958,results/mbpo/HalfCheetah-v5/seed_958/20260915_173600,5197.123595845149,5416.774463709647,5278.636648957483,303586.9526754629,100,10,1000,1000.0,1000,0,3740649108960000.0,211429.2519663481
sac,Ant-v5,G08,baseline,,14577,results/sac/Ant-v5/seed_14577/20260907_135857,186.6106019647494,535.5748331524408,146.475988715922,19012.35829221983,245,24,14,244.0,1000,1,938972160000000.0,63441.37973745628
sac,Ant-v5,G09,utd,2,14577,results/sac/Ant-v5/seed_14577/20260909_142204,-70.51333328272831,250.13620467854872,-208.05946521327903,-18168.6816785764,306,30,11,155.0,1000,1,1877709824000000.0,122197.89274338297
sac,Ant-v5,G10,utd,4,14577,results/sac/Ant-v5/seed_14577/20260909_161955,-158.29749074603131,75.65847667107951,-264.4580605275682,-64859.41520625258,400,40,7,87.0,1000,1,3755185152000000.0,241362.9438537511
sac,Ant-v5,G11,width,256,14577,results/sac/Ant-v5/seed_14577/20260912_212440,499.01371956140247,1256.0128852744251,359.8712253908104,54716.29012566,179,17,13,474.0,1000,1,73642444800000.0,49456.699257534085
sac,Ant-v5,G12,width,512,14577,results/sac/Ant-v5/seed_14577/20260912_222003,327.2234637830221,722.8291975087351,131.45085623453585,24424.478742647963,255,25,16,193.0,1000,1,254685286400000.0,51456.48223461655
sac,Ant-v5,G13,batch_size,512,14577,results/sac/Ant-v5/seed_14577/20260917_123339,-64.0229112211025,510.55448635853327,-309.0126940981753,-14186.30376511348,330,33,9,142.0,1000,1,1877709824000000.0,76212.64383371684
sac,Ant-v5,G14,batch_size,1024,14577,results/sac/Ant-v5/seed_14577/20260917_133115,-119.27201702486977,106.74115588031948,-85.54994194263871,-33628.4661426546,379,37,12,104.0,1000,1,3755185152000000.0,89504.07485805334
sac,Ant-v5,G08,baseline,,331,results/sac/Ant-v5/seed_331/20260907_132907,171.44113802777701,544.1746521016738,256.44864827812853,10582.783329705937,269,26,10,173.0,1000,1,938972160000000.0,64817.40682606981
sac,Ant-v5,G09,utd,2,331,results/sac/Ant-v5/seed_331/20260909_134544,-154.8892179928798,87.75241100929816,-28.761512286296693,-46553.94791892056,319,31,9,120.0,1000,1,1877709824000000.0,123065.2023013736
sac,Ant-v5,G10,utd,4,331,results/sac/Ant-v5/seed_331/20260909_151617,-235.79872887254325,27.298253817166888,-459.01723769059765,-72891.37152832041,375,37,10,82.0,1000,1,3755185152000000.0,240421.33439825205
sac,Ant-v5,G11,width,256,331,results/sac/Ant-v5/seed_331/20260912_210231,491.2385849568446,986.1636705827527,26.32545330708268,43749.241629324555,216,21,13,246.0,1000,1,73642444800000.0,49614.5170076374
sac,Ant-v5,G12,width,512,331,results/sac/Ant-v5/seed_331/20260912_215758,222.20916451248635,607.15795512954,93.0322496422158,14829.374306025038,278,27,12,148.5,1000,1,254685286400000.0,52345.1347096948
sac,Ant-v5,G13,batch_size,512,331,results/sac/Ant-v5/seed_331/20260917_121044,-67.46143616469023,137.31259269425732,-249.52911939657534,-26959.478828800322,355,35,8,102.0,1000,1,1877709824000000.0,76162.22872544077
sac,Ant-v5,G14,batch_size,1024,331,results/sac/Ant-v5/seed_331/20260917_130759,-102.59402639683174,86.25477905031639,-56.894733760689554,-44588.94919205823,439,43,10,79.0,1000,1,3755185152000000.0,88840.99778990081
sac,Ant-v5,G08,baseline,,43611,results/sac/Ant-v5/seed_43611/20260908_115230,160.1823948336182,630.1503423348555,113.45094175499823,8603.33036836271,234,23,11,208.5,1000,1,938972160000000.0,64373.54054703389
sac,Ant-v5,G09,utd,2,43611,results/sac/Ant-v5/seed_43611/20260909_144006,-51.007631557265,172.86566583567432,107.5495064729586,-28352.012089951735,319,31,12,138.0,1000,1,1877709824000000.0,123223.98168465884
sac,Ant-v5,G10,utd,4,43611,results/sac/Ant-v5/seed_43611/20260909_165139,-340.1383952370204,34.13811938318119,-958.5993890227048,-72522.38251311805,423,42,9,82.0,1000,1,3755185152000000.0,241644.0046900325
sac,Ant-v5,G11,width,256,43611,results/sac/Ant-v5/seed_43611/20260912_213540,240.15427169019475,1099.3027993460923,376.47569331356954,42040.75107647974,189,18,8,402.0,1000,1,73642444800000.0,51137.28983204217
sac,Ant-v5,G12,width,512,43611,results/sac/Ant-v5/seed_43611/20260912_223103,279.5577263674164,682.8575362962582,682.8575362962582,17001.6515781784,264,26,10,189.5,1000,1,254685286400000.0,52539.29202621994
sac,Ant-v5,G13,batch_size,512,43611,results/sac/Ant-v5/seed_43611/20260917_124502,-23.48646903409941,224.003917378221,19.76307344056713,-13921.938918486423,328,32,10,125.5,1000,1,1877709824000000.0,76419.3105908462
sac,Ant-v5,G14,batch_size,1024,43611,results/sac/Ant-v5/seed_43611/20260917_134310,-100.59305698979945,77.28524986017395,-228.11964892196258,-39282.48045381106,430,43,13,90.0,1000,1,3755185152000000.0,89306.29185311125
sac,Ant-v5,G08,baseline,,85062,results/sac/Ant-v5/seed_85062/20260908_120632,142.73388273483687,549.8180664735264,89.40938507068564,5531.392699769089,270,27,9,185.0,1000,1,938972160000000.0,64937.29689160417
sac,Ant-v5,G09,utd,2,85062,results/sac/Ant-v5/seed_85062/20260909_145811,-180.89711752580985,111.05958670369438,-238.78322705335506,-41771.50441458286,327,32,7,120.0,1000,1,1877709824000000.0,123181.15308938624
sac,Ant-v5,G10,utd,4,85062,results/sac/Ant-v5/seed_85062/20260909_172327,-267.8768838441309,57.50273168711438,-879.270529992311,-72485.96624259034,409,40,7,84.0,1000,1,3755185152000000.0,240286.3947934451
sac,Ant-v5,G11,width,256,85062,results/sac/Ant-v5/seed_85062/20260912_214655,445.65472031674244,1250.4822230825853,257.9689134191431,53679.80166497711,197,19,13,350.0,1000,1,73642444800000.0,49452.838940988
sac,Ant-v5,G12,width,512,85062,results/sac/Ant-v5/seed_85062/20260912_224212,227.2806081230776,563.0217453474711,177.74766868157568,14327.731621975676,269,26,9,180.0,1000,1,254685286400000.0,52642.508963509135
sac,Ant-v5,G13,batch_size,512,85062,results/sac/Ant-v5/seed_85062/20260917_125627,-74.4237834657383,116.20479893968081,-52.74120215418126,-22677.327958829756,355,35,10,107.0,1000,1,1877709824000000.0,77159.1776515095
sac,Ant-v5,G14,batch_size,1024,85062,results/sac/Ant-v5/seed_85062/20260917_135500,-87.27466107621811,56.698791243043146,-42.80128630466705,-40278.321448851,511,51,10,82.0,1000,1,3755185152000000.0,88462.94355578613
sac,Ant-v5,G08,baseline,,958,results/sac/Ant-v5/seed_958/20260907_134651,130.56839227359148,467.3078594288709,169.45501189941325,10967.006213427016,271,27,10,180.0,1000,1,938972160000000.0,64343.57449607826
sac,Ant-v5,G09,utd,2,958,results/sac/Ant-v5/seed_958/20260909_140343,-154.9158829746303,110.90870169136427,-359.86308047136185,-26962.175401747725,288,28,10,120.5,1000,1,1877709824000000.0,124244.19511667998
sac,Ant-v5,G10,utd,4,958,results/sac/Ant-v5/seed_958/20260909_154755,-98.3576279875479,70.07171238760118,-134.8223200683876,-59556.82039440126,433,43,10,94.0,1000,1,3755185152000000.0,242920.0799101456
sac,Ant-v5,G11,width,256,958,results/sac/Ant-v5/seed_958/20260912_211334,366.6903077316361,830.288686665106,465.51413491685565,44731.463155944926,178,17,14,476.5,1000,1,73642444800000.0,50264.8539733104
sac,Ant-v5,G12,width,512,958,results/sac/Ant-v5/seed_958/20260912_220900,176.19203002257288,482.8261180814703,258.74906114125656,11311.571335722845,325,32,10,121.0,1000,1,254685286400000.0,52015.59160894566
sac,Ant-v5,G13,batch_size,512,958,results/sac/Ant-v5/seed_958/20260917_122208,-40.72140140097677,145.5446428539376,-47.09429861798242,-20214.131010792502,355,35,10,105.0,1000,1,1877709824000000.0,76541.20663509713
sac,Ant-v5,G14,batch_size,1024,958,results/sac/Ant-v5/seed_958/20260917_131934,-113.0021726576535,77.20943143078455,-425.9677783219375,-37471.12541083196,400,40,10,76.0,1000,1,3755185152000000.0,89172.68279181834
sac,HalfCheetah-v5,G01,baseline,,14577,results/sac/HalfCheetah-v5/seed_14577/20260907_124434,5087.25437451287,5529.467921760598,4977.487970002404,311739.0078043068,100,10,1000,1000.0,1000,0,877087334400000.0,61136.84653003163
sac,HalfCheetah-v5,G02,utd,2,14577,results/sac/HalfCheetah-v5/seed_14577/20260908_125827,4365.194866874487,4678.3186975939825,4678.3186975939825,259524.92771286343,100,10,1000,1000.0,1000,0,1753959014400000.0,117830.51710713551
sac,HalfCheetah-v5,G03,utd,4,14577,results/sac/HalfCheetah-v5/seed_14577/20260908_145328,4336.053294792837,4619.710851921534,4619.710851921534,266351.59192498436,100,10,1000,1000.0,1000,0,3507702374400000.0,234837.32820453492
sac,HalfCheetah-v5,G04,width,256,14577,results/sac/HalfCheetah-v5/seed_14577/20260912_193634,5307.288247847864,5524.696001018907,5524.696001018907,309541.996107853,100,10,1000,1000.0,1000,0,58171238400000.0,46855.56470604718
sac,HalfCheetah-v5,G05,width,512,14577,results/sac/HalfCheetah-v5/seed_14577/20260912_203006,4388.640365230938,4617.371080645174,4617.371080645174,273723.6920940346,100,10,1000,1000.0,1000,0,223742873600000.0,49995.09149882
sac,HalfCheetah-v5,G06,batch_size,512,14577,results/sac/HalfCheetah-v5/seed_14577/20260915_130117,3856.569063488295,4328.803623085453,4283.227690160284,231180.92879939362,100,10,1000,1000.0,1000,0,1753959014400000.0,73649.1414127246
sac,HalfCheetah-v5,G07,batch_size,1024,14577,results/sac/HalfCheetah-v5/seed_14577/20260915_135641,2922.989136092339,3507.3701116031834,3002.029055795537,167874.06827516583,100,10,1000,1000.0,1000,0,3507702374400000.0,82536.6962447589
sac,HalfCheetah-v5,G01,baseline,,331,results/sac/HalfCheetah-v5/seed_331/20260907_121335,4536.173146160444,4630.178758476521,4630.178758476521,294262.3718084499,100,10,1000,1000.0,1000,0,877087334400000.0,60921.72400732584
sac,HalfCheetah-v5,G02,utd,2,331,results/sac/HalfCheetah-v5/seed_331/20260908_122254,4843.403572662495,5204.341879489337,4965.978708117052,288755.6595850406,100,10,1000,1000.0,1000,0,1753959014400000.0,118695.0956707844
sac,HalfCheetah-v5,G03,utd,4,331,results/sac/HalfCheetah-v5/seed_331/20260908_135102,3611.6606224841976,4050.1642426091366,4050.1642426091366,212295.81994808585,100,10,1000,1000.0,1000,0,3507702374400000.0,233381.45032089064
sac,HalfCheetah-v5,G04,width,256,331,results/sac/HalfCheetah-v5/seed_331/20260912_191506,4579.564023074387,4865.340247353045,4707.009392297456,290204.3890854062,100,10,1000,1000.0,1000,0,58171238400000.0,47410.622666841125
sac,HalfCheetah-v5,G05,width,512,331,results/sac/HalfCheetah-v5/seed_331/20260912_200837,4255.4414019863925,4530.321170711471,4171.168618315517,220416.60231442575,100,10,1000,1000.0,1000,0,223742873600000.0,50138.19770678644
sac,HalfCheetah-v5,G06,batch_size,512,331,results/sac/HalfCheetah-v5/seed_331/20260915_123859,3547.690787864843,3909.5274527642214,3377.6015440071187,179179.42515396644,100,10,1000,1000.0,1000,0,1753959014400000.0,72964.5242904935
sac,HalfCheetah-v5,G07,batch_size,1024,331,results/sac/HalfCheetah-v5/seed_331/20260915_133428,3424.3434050703886,3896.544331474247,3896.544331474247,137065.6580222084,100,10,1000,1000.0,1000,0,3507702374400000.0,82038.0904123871
sac,HalfCheetah-v5,G01,baseline,,43611,results/sac/HalfCheetah-v5/seed_43611/20260907_125849,4473.131244761862,4745.887918334413,4745.887918334413,262737.78824055474,100,10,1000,1000.0,1000,0,877087334400000.0,60483.63111613606
sac,HalfCheetah-v5,G02,utd,2,43611,results/sac/HalfCheetah-v5/seed_43611/20260908_131601,4347.0646869668835,4679.732361663685,4567.093473059585,249134.0047888781,100,10,1000,1000.0,1000,0,1753959014400000.0,117156.59871717764
sac,HalfCheetah-v5,G03,utd,4,43611,results/sac/HalfCheetah-v5/seed_43611/20260908_152438,4287.224909925166,4538.434794856368,4538.434794856368,234578.12189249435,100,10,1000,1000.0,1000,0,3507702374400000.0,234593.4092957389
sac,HalfCheetah-v5,G04,width,256,43611,results/sac/HalfCheetah-v5/seed_43611/20260912_194713,5223.882717903233,5309.674184696916,5166.989358384659,319966.9017695625,100,10,1000,1000.0,1000,0,58171238400000.0,48021.84731285595
sac,HalfCheetah-v5,G05,width,512,43611,results/sac/HalfCheetah-v5/seed_43611/20260912_204101,4279.053524299233,4524.29934100893,4524.29934100893,248256.67369885455,100,10,1000,1000.0,1000,0,223742873600000.0,49526.88235710855
sac,HalfCheetah-v5,G06,batch_size,512,43611,results/sac/HalfCheetah-v5/seed_43611/20260915_131229,4616.575208903884,4944.264111607739,4944.264111607739,237749.3210356669,100,10,1000,1000.0,1000,0,1753959014400000.0,72391.68446331158
sac,HalfCheetah-v5,G07,batch_size,1024,43611,results/sac/HalfCheetah-v5/seed_43611/20260915_140749,2492.7928092132906,3152.86049586319,3124.906171421073,145087.42457088968,100,10,1000,1000.0,1000,0,3507702374400000.0,82960.08212525808
sac,HalfCheetah-v5,G01,baseline,,85062,results/sac/HalfCheetah-v5/seed_85062/20260907_131709,4318.784988539012,4500.183335789777,4394.692274815854,288652.2030061866,100,10,1000,1000.0,1000,0,877087334400000.0,60950.34319306085
sac,HalfCheetah-v5,G02,utd,2,85062,results/sac/HalfCheetah-v5/seed_85062/20260908_133331,4631.565006406839,4879.959666713272,4879.959666713272,291068.46270889306,100,10,1000,1000.0,1000,0,1753959014400000.0,117874.27278311376
sac,HalfCheetah-v5,G03,utd,4,85062,results/sac/HalfCheetah-v5/seed_85062/20260908_155540,3252.077992078421,3710.687341219461,3651.563467135341,195472.92769567313,100,10,1000,1000.0,1000,0,3507702374400000.0,235736.1155446176
sac,HalfCheetah-v5,G04,width,256,85062,results/sac/HalfCheetah-v5/seed_85062/20260912_195757,4146.531427135843,4470.091643021431,4358.781525682162,211061.23940490323,100,10,1000,1000.0,1000,0,58171238400000.0,47095.67884243821
sac,HalfCheetah-v5,G05,width,512,85062,results/sac/HalfCheetah-v5/seed_85062/20260912_205145,3900.3018260467425,4020.505304628537,3891.721673790789,242058.5591966766,100,10,1000,1000.0,1000,0,223742873600000.0,48992.92279364124
sac,HalfCheetah-v5,G06,batch_size,512,85062,results/sac/HalfCheetah-v5/seed_85062/20260915_132326,3335.7018182695438,3746.4304661557385,3498.61472520343,163792.04823832202,100,10,1000,1000.0,1000,0,1753959014400000.0,72686.3472782729
sac,HalfCheetah-v5,G07,batch_size,1024,85062,results/sac/HalfCheetah-v5/seed_85062/20260915_141900,2791.1436830532202,3267.1951418080725,3061.0721731476083,154099.84673849185,100,10,1000,1000.0,1000,0,3507702374400000.0,81512.57863456539
sac,HalfCheetah-v5,G01,baseline,,958,results/sac/HalfCheetah-v5/seed_958/20260907_123149,5065.77152432365,5268.413183500276,5268.413183500276,267917.7049083168,100,10,1000,1000.0,1000,0,877087334400000.0,61062.5811544839
sac,HalfCheetah-v5,G02,utd,2,958,results/sac/HalfCheetah-v5/seed_958/20260908_124038,4219.97276226907,4559.134840132561,4559.134840132561,261092.06938830062,100,10,1000,1000.0,1000,0,1753959014400000.0,118565.56362076792
sac,HalfCheetah-v5,G03,utd,4,958,results/sac/HalfCheetah-v5/seed_958/20260908_142203,5051.4662178660565,5364.631664576482,5216.458203337161,259990.35848328154,100,10,1000,1000.0,1000,0,3507702374400000.0,236247.19626636012
sac,HalfCheetah-v5,G04,width,256,958,results/sac/HalfCheetah-v5/seed_958/20260912_192550,5166.444050114778,5395.6900771092905,5380.125896077982,328264.46228988306,100,10,1000,1000.0,1000,0,58171238400000.0,47655.9243593767
sac,HalfCheetah-v5,G05,width,512,958,results/sac/HalfCheetah-v5/seed_958/20260912_201926,4994.281882670892,5260.904542241546,4895.2204249531105,256595.74065853312,100,10,1000,1000.0,1000,0,223742873600000.0,49116.82332249409
sac,HalfCheetah-v5,G06,batch_size,512,958,results/sac/HalfCheetah-v5/seed_958/20260915_125002,3737.755116670397,3988.3627141447,3713.458993383643,219156.23035837957,100,10,1000,1000.0,1000,0,1753959014400000.0,73428.15572742201
sac,HalfCheetah-v5,G07,batch_size,1024,958,results/sac/HalfCheetah-v5/seed_958/20260915_134531,2971.7254982230816,3246.758637847411,3246.758637847411,140758.4792175907,100,10,1000,1000.0,1000,0,3507702374400000.0,82782.35352962112
td3,Ant-v5,G39,baseline,,14577,results/td3/Ant-v5/seed_14577/20260909_131319,407.73255262422845,1181.9328145069949,468.62585009331195,70706.6412981991,248,24,9,168.5,1000,1,262499737600000.0,29864.161292420435
td3,Ant-v5,G40,utd,2,14577,results/td3/Ant-v5/seed_14577/20260909_203412,305.2273175579734,891.0702175190975,243.5517542721588,55947.79053045876,239,23,13,195.0,1000,1,524766617600000.0,58072.231545924304
td3,Ant-v5,G41,utd,4,14577,results/td3/Ant-v5/seed_14577/20260909_214136,314.4389672944122,891.0702175190975,103.24680629366416,51729.83447868563,316,31,10,142.0,1000,1,1049300377600000.0,114490.35806270888
td3,Ant-v5,G42,width,256,14577,results/td3/Ant-v5/seed_14577/20260913_114359,729.3304258405825,1634.2728373761083,1108.6298160195095,78898.10069389855,171,17,17,547.0,1000,1,20365772800000.0,24975.508009126897
td3,Ant-v5,G43,width,512,14577,results/td3/Ant-v5/seed_14577/20260913_122156,355.23589608384634,967.2047528553259,872.8292302433523,71360.43874172936,219,21,12,269.0,1000,1,70904320000000.0,27390.861113463387
td3,Ant-v5,G44,batch_size,256,14577,results/td3/Ant-v5/seed_14577/20260917_202724,407.1625333174218,978.6606693406294,350.6378617916536,61008.895695100386,253,25,11,221.0,1000,1,671636070400000.0,35629.797187477576
td3,Ant-v5,G45,batch_size,512,14577,results/td3/Ant-v5/seed_14577/20260917_210557,172.50297036066559,891.0702175190975,233.7755357346583,27847.866748645556,379,37,12,115.0,1000,1,1343039283200000.0,43841.52532294425
td3,Ant-v5,G46,batch_size,1024,14577,results/td3/Ant-v5/seed_14577/20260917_214501,-51.67417125950591,891.0702175190975,-483.4293803153618,-19432.564516584593,528,52,8,80.0,1000,1,2685845708800000.0,52985.86645566368
td3,Ant-v5,G39,baseline,,331,results/td3/Ant-v5/seed_331/20260909_125815,444.60869129282463,952.1528298235481,785.764073911994,60414.26554622853,262,26,12,146.0,1000,1,262499737600000.0,30527.803725626334
td3,Ant-v5,G40,utd,2,331,results/td3/Ant-v5/seed_331/20260909_201243,336.1345680164875,919.6116459851219,525.5128294965473,54667.07492451746,244,24,7,179.0,1000,1,524766617600000.0,57470.45985335652
td3,Ant-v5,G41,utd,4,331,results/td3/Ant-v5/seed_331/20260909_210632,324.24391713568485,901.3772706146265,786.738214563741,46797.43048988635,276,27,8,134.0,1000,1,1049300377600000.0,111838.9907992268
td3,Ant-v5,G42,width,256,331,results/td3/Ant-v5/seed_331/20260913_112902,560.0912856006343,1376.8908878461357,355.3436577738746,68268.95703724957,204,20,11,387.0,1000,1,20365772800000.0,24345.576563533603
td3,Ant-v5,G43,width,512,331,results/td3/Ant-v5/seed_331/20260913_120625,346.33668068847186,979.0993758667969,844.9116569174753,63997.304625241035,263,26,13,156.0,1000,1,70904320000000.0,27676.861346723024
td3,Ant-v5,G44,batch_size,256,331,results/td3/Ant-v5/seed_331/20260917_201215,359.1347893004844,901.3772706146265,752.84425673156,54035.81488284534,299,29,11,133.0,1000,1,671636070400000.0,35562.44865435462
td3,Ant-v5,G45,batch_size,512,331,results/td3/Ant-v5/seed_331/20260917_205023,219.79870427882997,901.3772706146265,590.6889837201358,23332.221225287187,339,33,11,99.0,1000,1,1343039283200000.0,45064.87045859065
td3,Ant-v5,G46,batch_size,1024,331,results/td3/Ant-v5/seed_331/20260917_212849,-41.95609994469272,901.3772706146265,-21.560567022588756,-22915.402629371776,496,49,11,74.0,1000,1,2685845708800000.0,53896.73016896136
td3,Ant-v5,G39,baseline,,43611,results/td3/Ant-v5/seed_43611/20260909_132052,515.860587605326,1360.37455866082,534.4712619562886,78824.8020282655,219,21,14,261.0,1000,1,262499737600000.0,31078.22288833148
td3,Ant-v5,G40,utd,2,43611,results/td3/Ant-v5/seed_43611/20260909_204504,366.996358816803,848.1766503066701,787.4491109801844,51453.84248735217,298,29,12,164.5,1000,1,524766617600000.0,57070.52134863941
td3,Ant-v5,G41,utd,4,43611,results/td3/Ant-v5/seed_43611/20260909_215938,198.89945767653344,830.0642757144616,544.9709699990266,37903.718908959745,337,33,9,128.0,1000,1,1049300377600000.0,110435.2891738854
td3,Ant-v5,G42,width,256,43611,results/td3/Ant-v5/seed_43611/20260913_115120,548.2655143094214,1365.9743969204765,788.6916245322965,75670.17474498635,189,18,11,399.0,1000,1,20365772800000.0,24449.946040414077
td3,Ant-v5,G43,width,512,43611,results/td3/Ant-v5/seed_43611/20260913_122930,486.68784151468054,1387.1407646665634,765.6711646913802,76286.89126884729,209,20,11,306.0,1000,1,70904320000000.0,27279.113121656363
td3,Ant-v5,G44,batch_size,256,43611,results/td3/Ant-v5/seed_43611/20260917_203506,227.6288761215493,830.0642757144616,56.95485752791531,44992.4472216727,303,30,10,129.0,1000,1,671636070400000.0,36034.35142770332
td3,Ant-v5,G45,batch_size,512,43611,results/td3/Ant-v5/seed_43611/20260917_211333,154.68793473980188,830.0642757144616,126.53235538825497,15335.707109903109,352,35,11,98.0,1000,1,1343039283200000.0,43664.08245791718
td3,Ant-v5,G46,batch_size,1024,43611,results/td3/Ant-v5/seed_43611/20260917_215308,10.998663897569005,830.0642757144616,-32.90860741616733,-13547.923261387836,546,54,8,71.5,1000,1,2685845708800000.0,54075.013661312674
td3,Ant-v5,G39,baseline,,85062,results/td3/Ant-v5/seed_85062/20260909_132826,508.64861099062193,886.0239713324203,762.3952223658222,61418.065874930224,194,19,15,298.0,1000,1,262499737600000.0,30549.55284624416
td3,Ant-v5,G40,utd,2,85062,results/td3/Ant-v5/seed_85062/20260909_205545,308.5947058359527,1252.1172664702665,609.5792907642577,63883.00331955235,305,30,12,136.0,1000,1,524766617600000.0,57629.51130683121
td3,Ant-v5,G41,utd,4,85062,results/td3/Ant-v5/seed_85062/20260909_221700,236.65300035369478,886.0239713324203,295.35266877594864,43197.13006941447,313,31,7,109.0,1000,1,1049300377600000.0,110779.10322900068
td3,Ant-v5,G42,width,256,85062,results/td3/Ant-v5/seed_85062/20260913_115846,552.1446441667597,1328.868711983143,433.05441158512684,66043.540492669,216,21,11,248.0,1000,1,20365772800000.0,26341.825191874563
td3,Ant-v5,G43,width,512,85062,results/td3/Ant-v5/seed_85062/20260913_123711,514.4918762536234,1217.795766828447,599.6631107443856,68707.78348357334,232,23,13,208.0,1000,1,70904320000000.0,27200.28458761251
td3,Ant-v5,G44,batch_size,256,85062,results/td3/Ant-v5/seed_85062/20260917_204252,307.5955370667753,886.2462593004288,343.45777925907606,55619.73762618,350,35,14,123.0,1000,1,671636070400000.0,35107.00924556781
td3,Ant-v5,G45,batch_size,512,85062,results/td3/Ant-v5/seed_85062/20260917_212106,137.1052497426138,886.0239713324203,1.6175821675655215,18679.58341876631,266,26,11,133.5,1000,1,1343039283200000.0,44522.67723878769
td3,Ant-v5,G46,batch_size,1024,85062,results/td3/Ant-v5/seed_85062/20260917_220127,-50.245207995038484,886.0239713324203,-12.232922569346588,-25747.09853780861,504,50,11,79.5,1000,1,2685845708800000.0,52526.45234451164
td3,Ant-v5,G39,baseline,,958,results/td3/Ant-v5/seed_958/20260909_130550,383.91347075760524,1415.043428355046,563.0537483887065,74571.98113850944,277,27,6,162.0,1000,1,262499737600000.0,30579.41079084088
td3,Ant-v5,G40,utd,2,958,results/td3/Ant-v5/seed_958/20260909_202328,366.42571544232163,915.6744427311863,258.0833192428341,58910.66211465311,249,24,11,183.0,1000,1,524766617600000.0,57470.2930972586
td3,Ant-v5,G41,utd,4,958,results/td3/Ant-v5/seed_958/20260909_212359,184.245161718936,834.7421720778161,124.86543172560442,45955.753622439355,327,32,9,109.0,1000,1,1049300377600000.0,111954.74433788616
td3,Ant-v5,G42,width,256,958,results/td3/Ant-v5/seed_958/20260913_113629,489.7603218576638,985.0890460369974,793.8508624460438,61187.88878907251,178,17,15,490.5,1000,1,20365772800000.0,25389.19416238865
td3,Ant-v5,G43,width,512,958,results/td3/Ant-v5/seed_958/20260913_121400,746.9941192669804,1531.6026927254013,166.78031754524926,75057.3668792359,196,19,14,348.0,1000,1,70904320000000.0,27818.95949513933
td3,Ant-v5,G44,batch_size,256,958,results/td3/Ant-v5/seed_958/20260917_201951,287.7298371918409,853.0135364618202,679.5380732992095,54999.1481145503,262,26,11,166.0,1000,1,671636070400000.0,35269.09334044918
td3,Ant-v5,G45,batch_size,512,958,results/td3/Ant-v5/seed_958/20260917_205811,149.98268227893493,826.7631535005269,149.42164061847342,40664.53613189222,329,32,12,105.0,1000,1,1343039283200000.0,44712.76777192203
td3,Ant-v5,G46,batch_size,1024,958,results/td3/Ant-v5/seed_958/20260917_213656,-18.68051870346685,749.0717721784189,-13.65968150616373,-7712.467285841993,389,38,10,91.0,1000,1,2685845708800000.0,52690.89590453827
td3,HalfCheetah-v5,G31,baseline,,14577,results/td3/HalfCheetah-v5/seed_14577/20260909_123631,4590.849989841696,5324.159478039903,5324.159478039903,267028.52875973034,100,10,1000,1000.0,1000,0,245872025600000.0,28294.936232444423
td3,HalfCheetah-v5,G32,utd,2,14577,results/td3/HalfCheetah-v5/seed_14577/20260909_181612,4055.556440697956,4464.62068104133,4318.127765773238,277243.6600905133,100,10,1000,1000.0,1000,0,491529625600000.0,55420.43760818472
td3,HalfCheetah-v5,G33,utd,4,14577,results/td3/HalfCheetah-v5/seed_14577/20260909_192142,4546.473082254912,4723.025104886314,4277.013781853315,321773.04825380526,100,10,1000,1000.0,1000,0,982844825600000.0,109028.2123564796
td3,HalfCheetah-v5,G34,width,256,14577,results/td3/HalfCheetah-v5/seed_14577/20260913_103115,4750.488701373919,4998.816794561471,4748.558811111176,285382.8506095019,100,10,1000,1000.0,1000,0,16208844800000.0,23930.502850224904
td3,HalfCheetah-v5,G35,width,512,14577,results/td3/HalfCheetah-v5/seed_14577/20260913_110716,5089.3289215034065,5226.9333651400075,5210.066944901807,370985.2121078172,100,10,1000,1000.0,1000,0,62590464000000.0,25424.40470760289
td3,HalfCheetah-v5,G36,batch_size,256,14577,results/td3/HalfCheetah-v5/seed_14577/20260915_195419,3545.955018424194,3739.1700782051175,3606.039557605106,237266.10115306565,100,10,1000,1000.0,1000,0,629097881600000.0,33707.38130351789
td3,HalfCheetah-v5,G37,batch_size,512,14577,results/td3/HalfCheetah-v5/seed_14577/20260915_203052,4278.595039701115,4458.15537930934,4454.924871372147,251696.02505508356,100,10,1000,1000.0,1000,0,1257981337600000.0,42518.24977648636
td3,HalfCheetah-v5,G38,batch_size,1024,14577,results/td3/HalfCheetah-v5/seed_14577/20260915_210914,4782.362663128084,4955.1802639373855,4955.1802639373855,223677.38964512158,100,10,1000,1000.0,1000,0,2515748249600000.0,48795.413745424245
td3,HalfCheetah-v5,G31,baseline,,331,results/td3/HalfCheetah-v5/seed_331/20260909_122204,4759.031242846829,5144.488617110119,4500.429190031778,274472.70217387454,100,10,1000,1000.0,1000,0,245872025600000.0,28005.987687045243
td3,HalfCheetah-v5,G32,utd,2,331,results/td3/HalfCheetah-v5/seed_331/20260909_175506,5619.81964943677,6267.361061873636,5277.3892134495945,376257.67177878355,100,10,1000,1000.0,1000,0,491529625600000.0,55661.43668776348
td3,HalfCheetah-v5,G33,utd,4,331,results/td3/HalfCheetah-v5/seed_331/20260909_184749,6065.871637146091,6570.602728061743,6570.602728061743,398418.11571078096,100,10,1000,1000.0,1000,0,982844825600000.0,107533.09994383367
td3,HalfCheetah-v5,G34,width,256,331,results/td3/HalfCheetah-v5/seed_331/20260913_101702,5762.252585657141,6061.416827282249,5543.613354990354,331919.5248334883,100,10,1000,1000.0,1000,0,16208844800000.0,22360.85247340635
td3,HalfCheetah-v5,G35,width,512,331,results/td3/HalfCheetah-v5/seed_331/20260913_105243,5053.130139248222,5390.510762683628,5137.341579174253,343297.0563607728,100,10,1000,1000.0,1000,0,62590464000000.0,26028.635954765286
td3,HalfCheetah-v5,G36,batch_size,256,331,results/td3/HalfCheetah-v5/seed_331/20260915_193942,4873.800968897663,5147.588132266267,4743.003525100549,242537.54926369406,100,10,1000,1000.0,1000,0,629097881600000.0,33306.33745514617
td3,HalfCheetah-v5,G37,batch_size,512,331,results/td3/HalfCheetah-v5/seed_331/20260915_201612,3057.6587564190404,4281.957702451805,3916.439797675948,195184.37632076687,100,10,1000,1000.0,1000,0,1257981337600000.0,41340.14663226248
td3,HalfCheetah-v5,G38,batch_size,1024,331,results/td3/HalfCheetah-v5/seed_331/20260915_205340,1101.652716832777,1368.5038813877923,1258.9199106686392,82505.12489109246,100,10,1000,1000.0,1000,0,2515748249600000.0,48922.13710851278
td3,HalfCheetah-v5,G31,baseline,,43611,results/td3/HalfCheetah-v5/seed_43611/20260909_124343,2378.2199628639974,2563.117057584698,2527.066798964964,156876.1238114916,100,10,1000,1000.0,1000,0,245872025600000.0,28561.04294629225
td3,HalfCheetah-v5,G32,utd,2,43611,results/td3/HalfCheetah-v5/seed_43611/20260909_182653,2239.553992033395,2682.561703325304,2418.468619375314,159105.61483641426,100,10,1000,1000.0,1000,0,491529625600000.0,54674.61002491541
td3,HalfCheetah-v5,G33,utd,4,43611,results/td3/HalfCheetah-v5/seed_43611/20260909_193855,6412.367437752011,6784.009875872339,6728.097119170486,396218.6802028983,100,10,1000,1000.0,1000,0,982844825600000.0,106278.6450051506
td3,HalfCheetah-v5,G34,width,256,43611,results/td3/HalfCheetah-v5/seed_43611/20260913_103828,5106.944108867128,5406.0038546449105,5406.0038546449105,382162.5434527947,100,10,1000,1000.0,1000,0,16208844800000.0,23373.01951839192
td3,HalfCheetah-v5,G35,width,512,43611,results/td3/HalfCheetah-v5/seed_43611/20260913_111439,6224.3808454742575,6761.153123342191,6761.153123342191,365955.42060636554,100,10,1000,1000.0,1000,0,62590464000000.0,25077.91495477572
td3,HalfCheetah-v5,G36,batch_size,256,43611,results/td3/HalfCheetah-v5/seed_43611/20260915_200140,5011.374287169454,5336.660785006078,5223.202621394736,280470.0045632071,100,10,1000,1000.0,1000,0,629097881600000.0,33878.69036057106
td3,HalfCheetah-v5,G37,batch_size,512,43611,results/td3/HalfCheetah-v5/seed_43611/20260915_203836,5269.835519062511,5440.159536464526,4883.865093512566,364721.4466923354,100,10,1000,1000.0,1000,0,1257981337600000.0,41064.42575490748
td3,HalfCheetah-v5,G38,batch_size,1024,43611,results/td3/HalfCheetah-v5/seed_43611/20260915_211657,5125.47071235204,5453.363681447389,5248.660494046526,242258.8853597127,100,10,1000,1000.0,1000,0,2515748249600000.0,48072.1702335782
td3,HalfCheetah-v5,G31,baseline,,85062,results/td3/HalfCheetah-v5/seed_85062/20260909_125105,3949.0646411951175,6159.128441546152,1180.4726696153082,307590.8504260536,100,10,1000,1000.0,1000,0,245872025600000.0,27841.955230491185
td3,HalfCheetah-v5,G32,utd,2,85062,results/td3/HalfCheetah-v5/seed_85062/20260909_183716,5803.98365580441,6101.889804177388,5716.242872375462,394950.83071805513,100,10,1000,1000.0,1000,0,491529625600000.0,55607.09051404649
td3,HalfCheetah-v5,G33,utd,4,85062,results/td3/HalfCheetah-v5/seed_85062/20260909_195543,5670.500841160867,5942.801287638987,5942.801287638987,426789.71723113855,100,10,1000,1000.0,1000,0,982844825600000.0,106806.82345785615
td3,HalfCheetah-v5,G34,width,256,85062,results/td3/HalfCheetah-v5/seed_85062/20260913_104535,5475.754190338275,5888.302835597367,5793.589922717143,344870.72819360404,100,10,1000,1000.0,1000,0,16208844800000.0,22695.86742283713
td3,HalfCheetah-v5,G35,width,512,85062,results/td3/HalfCheetah-v5/seed_85062/20260913_112151,6200.401778062793,7032.159051218872,6498.025788911668,363901.46832225163,100,10,1000,1000.0,1000,0,62590464000000.0,25045.52093740255
td3,HalfCheetah-v5,G36,batch_size,256,85062,results/td3/HalfCheetah-v5/seed_85062/20260915_200901,6659.6130616885785,7149.881960762279,6724.37414077688,383727.7080442446,100,10,1000,1000.0,1000,0,629097881600000.0,32769.49935532866
td3,HalfCheetah-v5,G37,batch_size,512,85062,results/td3/HalfCheetah-v5/seed_85062/20260915_204604,4683.792818574207,5065.316546269716,5065.316546269716,262185.2864733381,100,10,1000,1000.0,1000,0,1257981337600000.0,42526.30713702732
td3,HalfCheetah-v5,G38,batch_size,1024,85062,results/td3/HalfCheetah-v5/seed_85062/20260915_212443,3484.037377253268,3868.7712352102876,3686.855851282544,179358.41955249434,100,10,1000,1000.0,1000,0,2515748249600000.0,47052.91818693679
td3,HalfCheetah-v5,G31,baseline,,958,results/td3/HalfCheetah-v5/seed_958/20260909_122916,4272.625714530167,4884.143420176631,4884.143420176631,293932.1065612487,100,10,1000,1000.0,1000,0,245872025600000.0,27853.366707825
td3,HalfCheetah-v5,G32,utd,2,958,results/td3/HalfCheetah-v5/seed_958/20260909_180540,5043.849861493912,5161.667058988602,5053.823369881408,362897.6175649683,100,10,1000,1000.0,1000,0,491529625600000.0,55441.41933546207
td3,HalfCheetah-v5,G33,utd,4,958,results/td3/HalfCheetah-v5/seed_958/20260909_190446,3640.5885363699535,5203.05454249983,4847.811713102582,348432.18600305717,100,10,1000,1000.0,1000,0,982844825600000.0,107077.64923566616
td3,HalfCheetah-v5,G34,width,256,958,results/td3/HalfCheetah-v5/seed_958/20260913_102409,4578.175312703626,4726.44183906747,4674.491316643205,315975.15755297436,100,10,1000,1000.0,1000,0,16208844800000.0,22824.529360800305
td3,HalfCheetah-v5,G35,width,512,958,results/td3/HalfCheetah-v5/seed_958/20260913_110004,5130.292135311935,6439.421150125854,5749.577508683796,323347.48025880463,100,10,1000,1000.0,1000,0,62590464000000.0,25271.90909153322
td3,HalfCheetah-v5,G36,batch_size,256,958,results/td3/HalfCheetah-v5/seed_958/20260915_194700,4854.313501412642,5287.874309533023,4803.299198213019,266133.672802935,100,10,1000,1000.0,1000,0,629097881600000.0,33606.729732516425
td3,HalfCheetah-v5,G37,batch_size,512,958,results/td3/HalfCheetah-v5/seed_958/20260915_202331,4475.57880481785,5388.106918918408,4247.945783889879,222828.3916908788,100,10,1000,1000.0,1000,0,1257981337600000.0,40966.94034909362
td3,HalfCheetah-v5,G38,batch_size,1024,958,results/td3/HalfCheetah-v5/seed_958/20260915_210134,3929.5813450088253,4235.851189476453,3923.0277256411937,188413.4407049098,100,10,1000,1000.0,1000,0,2515748249600000.0,47499.51338635127
tdmpc2,Ant-v5,G52,baseline,,14577,results/tdmpc2/Ant-v5/seed_14577/20260910_173623,64.41284980501757,1090.4271869960503,158.21779360794287,136690.48162363784,2201,220,6,18.0,1000,1,1.007634691072e+16,495481.5677581689
tdmpc2,Ant-v5,G53,num_q,3,14577,results/tdmpc2/Ant-v5/seed_14577/20260918_164551,77.15122498533113,1646.9648648530006,61.110868763202234,150966.20940664576,1990,199,6,19.0,1000,1,8116086507520000.0,409148.3176787095
tdmpc2,Ant-v5,G54,num_q,7,14577,results/tdmpc2/Ant-v5/seed_14577/20260919_003939,163.73893160954458,1247.8708411680193,152.21784115074567,137650.28090942514,1560,156,6,22.0,1000,1,1.203660731392e+16,579891.2922012984
tdmpc2,Ant-v5,G55,horizon,1,14577,results/tdmpc2/Ant-v5/seed_14577/20260919_070855,256.7013746877324,1156.3222636715905,242.6240636916913,88668.0195715544,536,53,8,71.0,1000,1,5034197125120000.0,302886.94426849426
tdmpc2,Ant-v5,G56,horizon,5,14577,results/tdmpc2/Ant-v5/seed_14577/20260919_151537,314.1955614724005,3953.6314712499657,437.3778461786595,221809.19193277523,1044,104,7,39.0,1000,1,1.511849669632e+16,647144.0859990183
tdmpc2,Ant-v5,G52,baseline,,331,results/tdmpc2/Ant-v5/seed_331/20260910_160427,253.8226190224277,4968.0179783230715,860.066303010032,271354.31754548464,884,88,8,49.0,1000,1,1.007634691072e+16,494521.0761148802
tdmpc2,Ant-v5,G53,num_q,3,331,results/tdmpc2/Ant-v5/seed_331/20260918_152411,311.262816922088,4590.587426312897,581.1368232559447,210766.42548345277,1376,137,6,28.0,1000,1,8116086507520000.0,412601.1429811464
tdmpc2,Ant-v5,G54,num_q,7,331,results/tdmpc2/Ant-v5/seed_331/20260918_225219,835.3148070108358,5531.319613412206,2059.261887983399,253629.75345046687,919,91,8,41.0,1000,1,1.203660731392e+16,578631.7382342604
tdmpc2,Ant-v5,G55,horizon,1,331,results/tdmpc2/Ant-v5/seed_331/20260919_060040,380.4941693547316,2324.313412588883,1633.1474147145468,94834.95010974203,454,45,8,100.5,1000,1,5034197125120000.0,300248.4917151275
tdmpc2,Ant-v5,G56,horizon,5,331,results/tdmpc2/Ant-v5/seed_331/20260919_131626,253.19448338424328,3611.5155956786025,163.93274431965855,229785.92220668687,1330,133,7,34.0,1000,1,1.511849669632e+16,651996.421716765
tdmpc2,Ant-v5,G52,baseline,,43611,results/tdmpc2/Ant-v5/seed_43611/20260910_182237,89.59014262216246,1557.462733026392,114.87071674626786,167818.91300619167,1960,196,7,21.0,1000,1,1.007634691072e+16,492279.3634419684
tdmpc2,Ant-v5,G53,num_q,3,43611,results/tdmpc2/Ant-v5/seed_43611/20260918_172555,140.7664255583497,2386.203966803665,436.43688290552893,155874.5779072337,1701,170,7,21.0,1000,1,8116086507520000.0,409103.986516654
tdmpc2,Ant-v5,G54,num_q,7,43611,results/tdmpc2/Ant-v5/seed_43611/20260919_013344,547.7201051170105,5346.924834343331,849.9092321059245,259954.91122769174,932,93,7,42.5,1000,1,1.203660731392e+16,572996.5177283535
tdmpc2,Ant-v5,G55,horizon,1,43611,results/tdmpc2/Ant-v5/seed_43611/20260919_074303,881.3476065219693,3516.0492912566688,726.6009602816425,147179.05606482652,440,44,7,99.5,1000,1,5034197125120000.0,301722.4533718455
tdmpc2,Ant-v5,G56,horizon,5,43611,results/tdmpc2/Ant-v5/seed_43611/20260919_161410,43.72582068376975,965.9394408991327,35.04035344256991,131359.3293952881,1631,163,6,22.0,1000,1,1.511849669632e+16,646516.6877123018
tdmpc2,Ant-v5,G52,baseline,,85062,results/tdmpc2/Ant-v5/seed_85062/20260910_190756,186.20752984806043,1649.6621862247548,194.33661046403927,175396.84053977526,1833,183,7,20.0,1000,1,1.007634691072e+16,491066.3445377538
tdmpc2,Ant-v5,G53,num_q,3,85062,results/tdmpc2/Ant-v5/seed_85062/20260918_180608,30.97044580771147,2650.296625742166,28.411458256533216,147190.79612329666,2556,255,7,11.0,1000,1,8116086507520000.0,413032.57654833375
tdmpc2,Ant-v5,G54,num_q,7,85062,results/tdmpc2/Ant-v5/seed_85062/20260919_022638,101.02150416962523,1565.3393179401955,86.86216886449445,162579.9733528369,1216,121,7,36.0,1000,1,1.203660731392e+16,575050.7682168427
tdmpc2,Ant-v5,G55,horizon,1,85062,results/tdmpc2/Ant-v5/seed_85062/20260919_081657,445.38800882399954,1719.105310866758,1041.1461463543421,93235.56910620241,447,44,8,85.0,1000,1,5034197125120000.0,307005.0878031884
tdmpc2,Ant-v5,G56,horizon,5,85062,results/tdmpc2/Ant-v5/seed_85062/20260919_171216,53.80296507061348,1051.3981784028388,54.46252537517039,133173.248576057,1712,171,6,22.0,1000,1,1.511849669632e+16,648107.7413165072
tdmpc2,Ant-v5,G52,baseline,,958,results/tdmpc2/Ant-v5/seed_958/20260910_165024,154.03769907421844,3984.313314139657,241.9045499775095,215896.58614812483,1104,110,7,33.0,1000,1,1.007634691072e+16,492607.27396097686
tdmpc2,Ant-v5,G53,num_q,3,958,results/tdmpc2/Ant-v5/seed_958/20260918_160505,68.82129838300371,874.88049916137,26.905092608965003,148341.04444251882,2010,201,7,20.0,1000,1,8116086507520000.0,412898.4463520238
tdmpc2,Ant-v5,G54,num_q,7,958,results/tdmpc2/Ant-v5/seed_958/20260918_234600,133.12368364775827,1379.3554909550408,132.3254111520566,158530.07208379067,1337,133,6,28.0,1000,1,1.203660731392e+16,578036.7019643057
tdmpc2,Ant-v5,G55,horizon,1,958,results/tdmpc2/Ant-v5/seed_958/20260919_063423,228.72934274166562,1232.6613195109167,161.9087208060687,64667.10703628756,495,49,7,71.0,1000,1,5034197125120000.0,304291.82487515843
tdmpc2,Ant-v5,G56,horizon,5,958,results/tdmpc2/Ant-v5/seed_958/20260919_141534,70.46614835708901,828.5608041728058,57.664418044136816,138312.04698778834,1707,170,6,24.0,1000,1,1.511849669632e+16,657595.3840628616
tdmpc2,HalfCheetah-v5,G47,baseline,,14577,results/tdmpc2/HalfCheetah-v5/seed_14577/20260910_135524,7497.03788361134,9265.878371386169,5801.543372962031,462978.04867209663,100,10,1000,1000.0,1000,0,8832690636800000.0,448887.0210549655
tdmpc2,HalfCheetah-v5,G48,num_q,3,14577,results/tdmpc2/HalfCheetah-v5/seed_14577/20260918_133339,9513.012641232996,10471.84660797482,10471.84660797482,555861.938889198,100,10,1000,1000.0,1000,0,6875890534400000.0,361649.47440176026
tdmpc2,HalfCheetah-v5,G49,num_q,7,14577,results/tdmpc2/HalfCheetah-v5/seed_14577/20260918_202440,9029.441504778473,9804.806413621087,8644.630819926986,530845.7669569333,100,10,1000,1000.0,1000,0,1.07894907392e+16,525022.9707691211
tdmpc2,HalfCheetah-v5,G50,horizon,1,14577,results/tdmpc2/HalfCheetah-v5/seed_14577/20260919_042432,5381.919255367209,5718.006803316244,5682.303967250441,348007.4496447329,100,10,1000,1000.0,1000,0,4614507284480000.0,282323.4238497344
tdmpc2,HalfCheetah-v5,G51,horizon,5,14577,results/tdmpc2/HalfCheetah-v5/seed_14577/20260919_103806,8485.019356334997,9702.489327267647,9702.489327267647,557095.7297272349,100,10,1000,1000.0,1000,0,1.305087398912e+16,564982.3106674543
tdmpc2,HalfCheetah-v5,G47,baseline,,331,results/tdmpc2/HalfCheetah-v5/seed_331/20260910_122845,2223.500149838191,2285.7128052251114,2163.5889737193675,171094.21209304009,100,10,1000,1000.0,1000,0,8832690636800000.0,450781.5288983376
tdmpc2,HalfCheetah-v5,G48,num_q,3,331,results/tdmpc2/HalfCheetah-v5/seed_331/20260918_122100,7295.897043778491,8972.07683108236,893.6105410241228,427455.0517044409,100,10,1000,1000.0,1000,0,6875890534400000.0,355832.2020007477
tdmpc2,HalfCheetah-v5,G49,num_q,7,331,results/tdmpc2/HalfCheetah-v5/seed_331/20260918_184701,7308.5584097192095,8954.128472456145,8671.845984430087,434099.0078991443,100,10,1000,1000.0,1000,0,1.07894907392e+16,524063.921873051
tdmpc2,HalfCheetah-v5,G50,horizon,1,331,results/tdmpc2/HalfCheetah-v5/seed_331/20260919_032012,4628.676562898836,5049.9512592227775,4456.8103126474125,256825.52498851126,100,10,1000,1000.0,1000,0,4614507284480000.0,282161.04459104914
tdmpc2,HalfCheetah-v5,G51,horizon,5,331,results/tdmpc2/HalfCheetah-v5/seed_331/20260919_085137,2137.161376448569,2209.6639833216864,2135.455676328865,178321.00490197318,100,10,1000,1000.0,1000,0,1.305087398912e+16,572163.4903017058
tdmpc2,HalfCheetah-v5,G47,baseline,,43611,results/tdmpc2/HalfCheetah-v5/seed_43611/20260910_143905,7957.1801929058,10282.63749469066,2922.6140101747387,507981.7958565779,100,10,1000,1000.0,1000,0,8832690636800000.0,442742.9557954809
tdmpc2,HalfCheetah-v5,G48,num_q,3,43611,results/tdmpc2/HalfCheetah-v5/seed_43611/20260918_141054,5163.957982362583,5688.78102527252,5688.78102527252,334008.42651386204,100,10,1000,1000.0,1000,0,6875890534400000.0,360006.4767349137
tdmpc2,HalfCheetah-v5,G49,num_q,7,43611,results/tdmpc2/HalfCheetah-v5/seed_43611/20260918_211328,4978.10277090954,5439.472470623349,5439.472470623349,264783.7377413085,100,10,1000,1000.0,1000,0,1.07894907392e+16,528006.9159369369
tdmpc2,HalfCheetah-v5,G50,horizon,1,43611,results/tdmpc2/HalfCheetah-v5/seed_43611/20260919_045704,6494.160699823484,6964.686832692808,6824.117029281691,357198.33069745876,100,10,1000,1000.0,1000,0,4614507284480000.0,278242.7814382312
tdmpc2,HalfCheetah-v5,G51,horizon,5,43611,results/tdmpc2/HalfCheetah-v5/seed_43611/20260919_112956,8912.173102285848,10027.550378691294,10027.550378691294,567317.8036363724,100,10,1000,1000.0,1000,0,1.305087398912e+16,576230.4680768166
tdmpc2,HalfCheetah-v5,G47,baseline,,85062,results/tdmpc2/HalfCheetah-v5/seed_85062/20260910_152122,6712.8384197251025,9132.160096002646,9051.767186599733,405467.68829636934,100,10,1000,1000.0,1000,0,8832690636800000.0,447949.4411804456
tdmpc2,HalfCheetah-v5,G48,num_q,3,85062,results/tdmpc2/HalfCheetah-v5/seed_85062/20260918_144742,8152.620850488776,9880.28557385235,6936.518335593093,449146.08509117545,100,10,1000,1000.0,1000,0,6875890534400000.0,358231.81499838555
tdmpc2,HalfCheetah-v5,G49,num_q,7,85062,results/tdmpc2/HalfCheetah-v5/seed_85062/20260918_220245,8370.064293202693,9893.702162797154,9363.135427782456,487934.46994181524,100,10,1000,1000.0,1000,0,1.07894907392e+16,526983.4145755474
tdmpc2,HalfCheetah-v5,G50,horizon,1,85062,results/tdmpc2/HalfCheetah-v5/seed_85062/20260919_052836,6060.901400273712,6308.585539764705,6232.582418658998,344766.4185692111,100,10,1000,1000.0,1000,0,4614507284480000.0,281263.32696306944
tdmpc2,HalfCheetah-v5,G51,horizon,5,85062,results/tdmpc2/HalfCheetah-v5/seed_85062/20260919_122348,9319.082240149108,10069.59193054497,10031.578061655338,537559.6813817989,100,10,1000,1000.0,1000,0,1.305087398912e+16,571825.3478820245
tdmpc2,HalfCheetah-v5,G47,baseline,,958,results/tdmpc2/HalfCheetah-v5/seed_958/20260910_131242,7900.320939994852,9240.335286078462,9240.335286078462,444780.9386412153,100,10,1000,1000.0,1000,0,8832690636800000.0,445072.8965718177
tdmpc2,HalfCheetah-v5,G48,num_q,3,958,results/tdmpc2/HalfCheetah-v5/seed_958/20260918_125709,7594.017507774396,9319.154914716677,9319.154914716677,395458.56978303945,100,10,1000,1000.0,1000,0,6875890534400000.0,358216.0024986092
tdmpc2,HalfCheetah-v5,G49,num_q,7,958,results/tdmpc2/HalfCheetah-v5/seed_958/20260918_193516,9092.156286116435,9968.20542020037,9709.983022519416,522116.55638110853,100,10,1000,1000.0,1000,0,1.07894907392e+16,528733.5902391558
tdmpc2,HalfCheetah-v5,G50,horizon,1,958,results/tdmpc2/HalfCheetah-v5/seed_958/20260919_035237,6389.063342860227,6832.712283281543,6696.690795831788,342953.3561234494,100,10,1000,1000.0,1000,0,4614507284480000.0,279441.6964314169
tdmpc2,HalfCheetah-v5,G51,horizon,5,958,results/tdmpc2/HalfCheetah-v5/seed_958/20260919_094502,8362.221884630484,9775.737329928572,8218.886181714286,527361.5189266831,100,10,1000,1000.0,1000,0,1.305087398912e+16,571202.394097797
