algo,env,segment,n_task_rows_total,n_runs,task_duration_s_min,task_duration_s_median,task_duration_s_max,task_energy_kwh_min,task_energy_kwh_median,task_energy_kwh_max,frac_tasks_shorter_than_1s,tasks_per_run
mbpo,Ant-v5,dynamics_model_update,4500,45,0.8938749950029887,15.193262172997493,55.39423025600263,2.7462298343205625e-05,0.0004963510555051169,0.0017682563089600756,0.00022222222222222223,100.0
mbpo,Ant-v5,gradient_updates,4500,45,3.890918501005217,4.232783774001291,17.897179084000527,0.00011714773064966204,0.00017033998169444908,0.0007141393398001818,0.0,100.0
mbpo,Ant-v5,idle_baseline_head,45,45,90.00254627899994,90.00281371799792,90.00336703899666,0.0015127515175301475,0.0015668223732448869,0.001615195753490807,0.0,1.0
mbpo,Ant-v5,idle_baseline_tail,45,45,90.00293525800225,90.00339637400612,90.0038963620027,0.0015784635248319717,0.0016299336977632223,0.0016888182895261755,0.0,1.0
mbpo,Ant-v5,rollout,4500,45,0.3414088789941161,0.365120170499722,0.4077366769997752,9.429619465393946e-06,1.1846931881619865e-05,1.4934421931067643e-05,1.0,100.0
mbpo,Ant-v5,synthetic_rollout_generation,4500,45,0.006693786999676377,0.038376281001546886,0.11632834799820557,8.40993280772518e-08,8.642907129013944e-07,8.450148773833654e-06,1.0,100.0
mbpo,Ant-v5,warmup,45,45,0.6584030729936785,0.6689073020024807,0.6819726930043544,1.9194574469006158e-05,2.0791621776553026e-05,2.1876874490330293e-05,1.0,1.0
mbpo,HalfCheetah-v5,dynamics_model_update,3500,35,1.1003625150005973,10.860246454507433,135.47844802200052,3.584270319398385e-05,0.0003516839384097581,0.004267589570184336,0.0,100.0
mbpo,HalfCheetah-v5,gradient_updates,3500,35,3.8460805489994527,4.160396604997004,17.55915970299975,0.00011591970921912692,0.00019183666857890136,0.000698733744737997,0.0,100.0
mbpo,HalfCheetah-v5,idle_baseline_head,35,35,90.00266045800527,90.00319267599843,90.00393308500043,0.001528438520828414,0.0015779526204887891,0.0017200456627347652,0.0,1.0
mbpo,HalfCheetah-v5,idle_baseline_tail,35,35,90.00297913399845,90.00338722299784,90.00391999100975,0.0016002890810368625,0.0016430533154369181,0.0016931866064154033,0.0,1.0
mbpo,HalfCheetah-v5,rollout,3500,35,0.18828347400085477,0.20131601900720852,0.2575418879996505,4.255991340379461e-06,6.571956070942388e-06,9.338372311571558e-06,1.0,100.0
mbpo,HalfCheetah-v5,synthetic_rollout_generation,3500,35,0.004561154000839451,0.006082862999392091,0.030399528000998544,6.121695672904257e-08,8.3099179795567e-08,2.038160678386608e-06,1.0,100.0
mbpo,HalfCheetah-v5,warmup,35,35,0.14966406200255733,0.15170268500514794,0.16525936199923308,3.889589219708374e-06,5.331887063117968e-06,5.679339321058201e-06,1.0,1.0
sac,Ant-v5,gradient_updates,3500,35,3.8201089419999334,4.250769261999267,17.88324451399967,0.00011828913255571352,0.0001984705985401084,0.0007058445131389109,0.0,100.0
sac,Ant-v5,idle_baseline_head,35,35,90.002694883,90.00345354899946,90.00581601399972,0.0015527297213321178,0.001677938319726538,0.0018958098954063364,0.0,1.0
sac,Ant-v5,idle_baseline_tail,35,35,90.00292661899948,90.00352403899979,90.00489263200006,0.0016349746190128661,0.0017638501235415771,0.0019659335717299165,0.0,1.0
sac,Ant-v5,rollout,3500,35,0.3385430599992105,0.35508367649617867,0.5322015700000975,9.530578759123741e-06,1.21923822521703e-05,1.6925117932369482e-05,1.0,100.0
sac,Ant-v5,warmup,35,35,0.6562480620000315,0.6688262399984524,0.6887972119984624,1.9421737682573815e-05,2.1459198749150966e-05,2.2913268723714344e-05,1.0,1.0
sac,HalfCheetah-v5,gradient_updates,3500,35,3.7932112159996905,4.145253998497992,17.39519242300048,0.00011666299938407985,0.0001946101798227396,0.0006836558643259182,0.0,100.0
sac,HalfCheetah-v5,idle_baseline_head,35,35,90.00263609800004,90.002971119,90.00610630900019,0.0015508803188540264,0.0016244453358653479,0.0019497080965707506,0.0,1.0
sac,HalfCheetah-v5,idle_baseline_tail,35,35,90.0028789500002,90.00346159598848,90.0085160640001,0.0016663414928121435,0.0017190756986435185,0.001954119298750681,0.0,1.0
sac,HalfCheetah-v5,rollout,3500,35,0.18961352600035752,0.19997783100006927,0.3697663079999529,4.493890360907776e-06,6.766063674067168e-06,1.2169856557881073e-05,1.0,100.0
sac,HalfCheetah-v5,warmup,35,35,0.14915553399987402,0.15172924799844623,0.15969568899890874,3.915749880853978e-06,5.436720906656142e-06,6.474913813384357e-06,1.0,1.0
td3,Ant-v5,gradient_updates,4000,40,1.8086294009990525,2.183746015500219,9.355232295987662,5.5256967695879646e-05,0.00010462447614691865,0.0003476572958385736,0.0,100.0
td3,Ant-v5,idle_baseline_head,40,40,90.00255364600162,90.00326711300659,90.00530556299782,0.0015572707323116312,0.0016350862689097603,0.001917679977667559,0.0,1.0
td3,Ant-v5,idle_baseline_tail,40,40,90.00304221500119,90.00339545700626,90.00493657498737,0.0017043529930043308,0.0017826369344704227,0.0019630373682797374,0.0,1.0
td3,Ant-v5,rollout,4000,40,0.22729418300150428,0.24360217700814246,0.3493677619990194,6.462203733515349e-06,8.08448126456314e-06,1.2218278643509129e-05,1.0,100.0
td3,Ant-v5,warmup,40,40,1.3248915169970132,1.3392106294995756,1.369802424000227,4.019948502002966e-05,4.2244278989647666e-05,4.5980339079299513e-05,0.0,1.0
td3,HalfCheetah-v5,gradient_updates,4000,40,1.8104567529953783,2.0424069485088694,9.131224437995115,5.4542179141170086e-05,0.00010186818754783628,0.0003381444210601662,0.0,100.0
td3,HalfCheetah-v5,idle_baseline_head,40,40,90.00262042100076,90.00328282350529,90.00552836598945,0.0015451058246558273,0.0016900524810059437,0.0019051296000316016,0.0,1.0
td3,HalfCheetah-v5,idle_baseline_tail,40,40,90.00303830899793,90.00343931899988,90.00568374399882,0.00168937788153487,0.001779064848503993,0.001967750940189297,0.0,1.0
td3,HalfCheetah-v5,rollout,4000,40,0.10029260299779708,0.10787773800257128,0.20775507800863124,3.0940912807576187e-06,3.6785227795570717e-06,8.021124655937031e-06,1.0,100.0
td3,HalfCheetah-v5,warmup,40,40,0.2962373159971321,0.3014343005052069,0.31037819500488695,9.14101873323984e-06,9.553494324745344e-06,1.0172678619962006e-05,1.0,1.0
tdmpc2,Ant-v5,gradient_updates,2500,25,9.24956660499447,12.147076937999373,17.802234039001632,0.00037893858469747674,0.0006243178617395956,0.0008394952405833545,0.0,100.0
tdmpc2,Ant-v5,idle_baseline_head,25,25,90.00272541700178,90.00344787100039,90.0061770540051,0.0015698273623342663,0.0016114859067767632,0.0016793187667022897,0.0,1.0
tdmpc2,Ant-v5,idle_baseline_tail,25,25,90.00324173899571,90.00355047500125,90.00598391899985,0.0016928607290757625,0.0017645324174254684,0.0018885042889917325,0.0,1.0
tdmpc2,Ant-v5,rollout,2500,25,7.312373551001656,11.945254508498692,16.677516655996442,0.00040922826178591,0.0007071463190134637,0.0009956584292602558,0.0,100.0
tdmpc2,Ant-v5,warmup,25,25,0.6663572700053919,0.6755939930008026,0.6908282810036326,1.971507587079902e-05,2.148672331833256e-05,2.2086118679473738e-05,1.0,1.0
tdmpc2,Ant-v5,world_model_pretrain,25,25,47.601969391005696,60.26492277000216,85.362408771005,0.0018943040481875608,0.003008649935312817,0.003920383270331539,0.0,1.0
tdmpc2,HalfCheetah-v5,gradient_updates,2500,25,8.844828151995898,13.412538242499977,16.87427113299782,0.0003564946242299444,0.0006284068522325326,0.0007909961853586056,0.0,100.0
tdmpc2,HalfCheetah-v5,idle_baseline_head,25,25,90.00278578799953,90.00349135999932,90.00567806400068,0.001573302022327674,0.001602988110803987,0.001641030093534689,0.0,1.0
tdmpc2,HalfCheetah-v5,idle_baseline_tail,25,25,90.0032124399986,90.00362002899965,90.00646916999904,0.0016888434208958136,0.0017540821521639105,0.001828659510116043,0.0,1.0
tdmpc2,HalfCheetah-v5,rollout,2500,25,6.615501870997832,10.132931693499813,13.643389873992419,0.00036954723973814385,0.0005938959768767016,0.0008185270580142179,0.0,100.0
tdmpc2,HalfCheetah-v5,warmup,25,25,0.15273202199750813,0.15543282799990266,0.16394645899981697,3.930713735701046e-06,5.217540358960337e-06,5.913713015274179e-06,1.0,1.0
tdmpc2,HalfCheetah-v5,world_model_pretrain,25,25,44.62683000600373,67.43617600100151,80.63684691800154,0.001803534417213519,0.003105958296073512,0.003745677135350598,0.0,1.0
