candidate,field,primary,candidate_value,differs
20260904_122958,algo_config.actor_lr,0.0003,0.0003,False
20260904_122958,algo_config.alpha_lr,0.0003,0.0003,False
20260904_122958,algo_config.autotune_alpha,True,True,False
20260904_122958,algo_config.batch_size,256,256,False
20260904_122958,algo_config.buffer_capacity,1000000,1000000,False
20260904_122958,algo_config.critic_lr,0.0003,0.0003,False
20260904_122958,algo_config.deterministic_model,False,False,False
20260904_122958,algo_config.ensemble_size,7,7,False
20260904_122958,algo_config.gamma,0.99,0.99,False
20260904_122958,algo_config.hidden_sizes,"[256, 256]","[256, 256]",False
20260904_122958,algo_config.init_alpha,0.2,0.2,False
20260904_122958,algo_config.model_hidden_sizes,"[200, 200, 200, 200]","[200, 200, 200, 200]",False
20260904_122958,algo_config.model_holdout_ratio,0.2,0.2,False
20260904_122958,algo_config.model_lr,0.001,0.001,False
20260904_122958,algo_config.model_max_train_epochs,200,200,False
20260904_122958,algo_config.model_retain_epochs,1,1,False
20260904_122958,algo_config.model_train_batch_size,256,256,False
20260904_122958,algo_config.model_train_freq,250,250,False
20260904_122958,algo_config.model_train_patience,5,5,False
20260904_122958,algo_config.model_weight_decays,"[2.5e-05, 5e-05, 7.5e-05, 0.0001, 0.0001]","[2.5e-05, 5e-05, 7.5e-05, 0.0001, 0.0001]",False
20260904_122958,algo_config.num_elites,5,5,False
20260904_122958,algo_config.policy_update_delay,1,1,False
20260904_122958,algo_config.real_ratio,0.05,0.05,False
20260904_122958,algo_config.rollout_batch_size,10000,10000,False
20260904_122958,algo_config.rollout_max_epoch,150,150,False
20260904_122958,algo_config.rollout_max_length,1,1,False
20260904_122958,algo_config.rollout_min_epoch,20,20,False
20260904_122958,algo_config.rollout_min_length,1,1,False
20260904_122958,algo_config.target_entropy,,,False
20260904_122958,algo_config.tau,0.005,0.005,False
20260904_122958,algo_config.updates_per_env_step,1,1,False
20260904_122958,algo_name,mbpo,mbpo,False
20260904_122958,codecarbon_version,3.3.0,3.3.0,False
20260904_122958,cuda_device_name,NVIDIA GeForce RTX 5090,NVIDIA GeForce RTX 5090,False
20260904_122958,device,cuda,cuda,False
20260904_122958,end_time_utc,2026-09-04T12:48:34.409574,2026-09-04T11:01:08.461191,True
20260904_122958,env_id,HalfCheetah-v5,HalfCheetah-v5,False
20260904_122958,experiment_config.algo_name,mbpo,mbpo,False
20260904_122958,experiment_config.country_iso_code,DEU,DEU,False
20260904_122958,experiment_config.device,cuda,cuda,False
20260904_122958,experiment_config.env_id,HalfCheetah-v5,HalfCheetah-v5,False
20260904_122958,experiment_config.force_cpu_power_w,,,False
20260904_122958,experiment_config.gpu_max_clock_mhz,200,2000,True
20260904_122958,experiment_config.gpu_min_clock_mhz,200,2000,True
20260904_122958,experiment_config.idle_baseline_seconds,90.0,90.0,False
20260904_122958,experiment_config.idle_tail_seconds,90.0,90.0,False
20260904_122958,experiment_config.lock_gpu_clocks,True,True,False
20260904_122958,experiment_config.measure_power_secs,1.0,1.0,False
20260904_122958,experiment_config.output_dir,results,results,False
20260904_122958,experiment_config.seed,0,0,False
20260904_122958,experiment_config.set_cpu_performance_governor,True,True,False
20260904_122958,experiment_config.set_persistence_mode,True,True,False
20260904_122958,experiment_config.settle_seconds,30.0,30.0,False
20260904_122958,experiment_config.steps_per_epoch,1000,1000,False
20260904_122958,experiment_config.thermal_gate_enabled,True,True,False
20260904_122958,experiment_config.thermal_gate_max_wait_seconds,600.0,600.0,False
20260904_122958,experiment_config.thermal_gate_poll_interval_seconds,5.0,5.0,False
20260904_122958,experiment_config.thermal_gate_power_tolerance_w,5.0,5.0,False
20260904_122958,experiment_config.thermal_gate_reference_file,results/_thermal_reference.json,results/_thermal_reference.json,False
20260904_122958,experiment_config.thermal_gate_temp_tolerance_c,2.0,2.0,False
20260904_122958,experiment_config.tracking_mode,machine,machine,False
20260904_122958,experiment_config.train_steps,100000,100000,False
20260904_122958,experiment_config.warmup_steps,5000,5000,False
20260904_122958,git_commit,ae3880860ebcce0c1e729714cdf48a08039adc46,ae3880860ebcce0c1e729714cdf48a08039adc46,False
20260904_122958,seed,0,0,False
20260904_122958,start_time_utc,2026-09-04T11:09:15.306557,2026-09-04T10:29:59.128368,True
20260904_122958,thermal_gate.final_power_w,21.006,26.467,True
20260904_122958,thermal_gate.final_temp_c,44.0,45.0,True
20260904_122958,thermal_gate.gated,True,True,False
20260904_122958,thermal_gate.reason,reached_reference,reached_reference,False
20260904_122958,thermal_gate.waited_seconds,1.0728836059570312e-05,1.1682510375976562e-05,True
20260904_122958,torch_version,2.13.0+cu130,2.13.0+cu130,False
